date,facility_id,patients_in,patients_out,beds_occupied,beds_available,ambulances_used,doctors_available,staff_available
2024-12-19,FAC0015,24,11,161,11,1,9,7
2023-07-24,FAC0161,0,0,9,2,0,4,9
2024-11-26,FAC0097,2,0,38,48,0,6,15
2024-07-21,FAC0276,4,2,20,13,0,3,15
2023-11-21,FAC0180,19,15,72,106,0,2,14
2024-09-22,FAC0073,1,1,6,2,0,2,21
2024-07-28,FAC0082,2,1,7,16,1,3,13
2024-06-15,FAC0157,4,0,18,12,1,7,12
2024-12-08,FAC0079,2,1,15,2,0,9,26
2023-04-02,FAC0165,0,28,166,126,2,1,15
2024-06-14,FAC0166,0,2,13,4,1,6,14
2024-06-28,FAC0291,5,3,27,11,0,5,11
2023-08-17,FAC0187,3,36,295,50,0,8,10
2024-07-22,FAC0179,6,1,29,14,0,9,13
2024-06-14,FAC0003,1,0,18,2,0,6,11
2024-11-23,FAC0016,2,1,11,7,0,3,12
2023-10-22,FAC0060,11,7,110,18,1,6,14
2024-07-04,FAC0276,4,3,20,13,0,6,10
2024-02-03,FAC0174,19,13,61,91,4,1,8
2023-12-03,FAC0153,5,1,22,14,1,3,13
2023-06-24,FAC0187,4,38,287,58,3,9,13
2023-09-22,FAC0140,3,3,30,2,0,6,14
2023-10-29,FAC0050,6,5,15,34,1,7,9
2024-10-18,FAC0245,5,0,37,7,0,2,22
2024-09-05,FAC0075,0,1,10,2,0,8,13
2023-01-26,FAC0004,2,2,11,13,1,6,27
2024-04-05,FAC0038,7,3,21,43,0,7,10
2024-12-17,FAC0262,2,2,19,3,1,3,11
2024-04-20,FAC0256,4,0,26,2,1,5,10
2024-10-13,FAC0181,0,5,43,4,0,3,14
2023-06-17,FAC0218,0,0,3,8,2,9,15
2023-01-07,FAC0001,2,0,8,16,1,3,10
2023-04-16,FAC0165,42,5,201,91,0,1,10
2024-03-19,FAC0122,0,1,9,6,1,2,16
2023-08-05,FAC0038,0,1,46,18,1,6,13
2023-04-04,FAC0167,8,0,30,34,0,3,5
2024-06-19,FAC0114,4,4,17,19,1,3,18
2023-04-13,FAC0221,46,29,143,177,2,3,6
2024-04-13,FAC0011,0,0,10,9,1,7,5
2023-11-19,FAC0006,7,19,84,160,1,7,13
2023-12-19,FAC0297,0,1,12,9,1,7,9
2024-04-17,FAC0002,0,3,29,13,0,4,12
2023-05-14,FAC0227,4,27,365,87,0,5,10
2024-03-06,FAC0286,0,2,8,10,1,1,6
2023-04-13,FAC0135,1,3,10,20,1,5,17
2024-09-26,FAC0233,0,0,7,1,0,8,17
2023-04-07,FAC0125,3,0,15,8,0,6,10
2024-04-15,FAC0255,4,2,14,23,0,4,9
2024-06-24,FAC0210,3,3,15,35,0,4,13
2023-09-24,FAC0247,1,1,11,1,1,2,13
2023-10-14,FAC0215,2,2,25,15,4,3,14
2024-04-19,FAC0199,4,0,26,5,1,1,23
2023-11-11,FAC0019,2,3,26,5,1,5,12
2023-04-20,FAC0076,5,1,12,25,1,7,8
2023-09-15,FAC0077,1,0,7,3,1,6,17
2024-05-14,FAC0156,4,0,73,27,2,5,8
2024-06-08,FAC0262,0,2,18,4,0,7,8
2023-05-04,FAC0086,15,21,229,86,9,1,10
2023-05-23,FAC0300,2,2,9,15,0,3,18
2024-06-23,FAC0253,1,1,20,16,0,3,14
2023-02-13,FAC0220,32,13,108,137,6,1,10
2023-12-31,FAC0105,3,2,11,19,2,5,25
2023-02-04,FAC0045,3,4,29,8,0,8,14
2023-06-24,FAC0187,42,19,283,62,2,7,11
2024-05-16,FAC0059,0,2,23,13,0,3,12
2023-11-11,FAC0295,2,0,12,2,1,7,13
2023-09-22,FAC0095,5,0,24,16,1,6,14
2023-07-04,FAC0181,2,1,34,13,0,3,15
2023-09-02,FAC0124,11,22,106,154,7,2,22
2023-03-03,FAC0240,1,1,8,8,0,6,13
2024-07-28,FAC0045,4,4,20,17,0,5,16
2024-06-27,FAC0288,3,1,19,4,0,5,11
2023-02-02,FAC0212,5,1,51,4,6,6,15
2024-07-12,FAC0179,5,5,37,6,2,10,15
2023-03-07,FAC0090,1,2,19,11,0,7,14
2024-10-05,FAC0214,2,2,11,8,1,4,10
2023-05-08,FAC0269,0,0,18,6,0,6,10
2024-12-12,FAC0169,8,8,32,55,2,4,13
2023-03-07,FAC0273,3,2,17,14,2,6,9
2024-09-03,FAC0093,12,2,144,159,0,4,12
2024-10-18,FAC0003,0,2,12,8,1,5,7
2024-03-24,FAC0008,0,0,22,2,0,2,6
2024-09-09,FAC0026,0,1,8,5,1,8,12
2023-07-13,FAC0037,24,20,83,88,2,9,13
2024-03-17,FAC0254,0,1,10,6,1,5,11
2023-10-30,FAC0164,1,0,6,8,0,5,12
2024-12-16,FAC0038,5,4,55,9,1,8,16
2024-12-18,FAC0298,1,0,9,10,0,1,19
2024-12-29,FAC0163,0,2,24,5,0,4,15
2024-02-22,FAC0019,1,2,13,18,1,5,13
2023-01-04,FAC0100,9,10,188,88,3,6,18
2024-11-17,FAC0293,2,2,16,8,0,7,28
2023-04-25,FAC0028,1,5,23,23,1,9,18
2023-09-16,FAC0078,4,0,21,7,0,2,11
2024-08-07,FAC0150,0,1,14,16,0,1,16
2023-10-11,FAC0201,4,5,58,7,1,3,10
2024-05-05,FAC0040,0,1,12,4,1,5,11
2024-10-03,FAC0031,12,28,119,272,6,1,12
2023-03-26,FAC0228,3,1,20,4,1,5,10
2024-01-20,FAC0213,2,3,9,18,0,8,18
2023-08-05,FAC0025,0,3,9,17,1,1,13
2024-09-20,FAC0161,0,0,3,8,1,5,8
2024-12-07,FAC0071,0,1,8,3,1,5,9
2024-06-18,FAC0273,3,3,11,20,2,6,7
2023-07-20,FAC0246,4,5,47,12,0,2,10
2023-01-01,FAC0016,1,1,9,9,1,6,14
2024-04-04,FAC0210,7,0,26,24,2,4,6
2023-07-20,FAC0262,1,2,9,13,1,4,15
2023-01-04,FAC0235,2,3,26,5,1,8,8
2023-02-27,FAC0125,0,2,14,9,0,6,15
2023-11-01,FAC0020,1,1,12,8,1,5,9
2024-04-13,FAC0074,0,0,4,4,1,4,11
2024-05-16,FAC0122,2,0,10,5,1,3,12
2023-12-24,FAC0045,0,0,24,13,1,8,16
2024-09-16,FAC0296,24,45,338,61,6,4,11
2023-10-29,FAC0031,50,2,126,265,1,1,7
2023-12-30,FAC0020,2,2,14,6,0,4,6
2024-11-20,FAC0121,1,2,22,23,1,3,11
2024-12-26,FAC0297,1,1,15,6,0,7,5
2023-08-31,FAC0272,3,1,9,13,1,8,11
2023-12-07,FAC0093,38,2,201,102,4,6,17
2024-08-14,FAC0147,6,4,22,19,2,4,15
2023-12-30,FAC0143,5,2,41,53,1,8,15
2023-05-08,FAC0078,3,0,15,13,2,2,9
2024-11-27,FAC0144,0,3,25,3,2,7,17
2023-04-12,FAC0110,3,4,33,8,1,5,17
2023-08-11,FAC0225,4,1,16,14,0,7,10
2024-09-21,FAC0282,3,1,17,18,1,1,15
2023-11-02,FAC0179,6,2,17,26,2,9,15
2023-06-22,FAC0126,2,1,28,9,0,3,23
2023-07-21,FAC0281,31,50,450,24,2,2,10
2023-02-06,FAC0166,0,2,14,3,0,6,12
2024-09-11,FAC0261,5,1,10,25,1,3,16
2023-02-13,FAC0222,1,1,41,18,4,5,12
2024-02-20,FAC0103,8,3,26,33,2,2,8
2024-08-10,FAC0009,2,2,28,2,1,5,18
2023-09-26,FAC0066,21,0,129,233,2,5,14
2023-04-10,FAC0130,3,0,10,14,1,4,11
2023-12-05,FAC0293,1,0,10,14,0,9,22
2024-10-04,FAC0211,0,1,5,7,0,4,15
2024-06-24,FAC0174,21,5,118,34,0,1,6
2024-01-10,FAC0116,17,4,59,119,0,11,9
2023-02-07,FAC0294,4,1,18,10,0,5,13
2023-06-09,FAC0113,1,0,11,2,0,6,15
2024-01-06,FAC0059,3,0,28,8,0,4,7
2024-06-21,FAC0196,3,1,24,5,1,6,14
2024-06-17,FAC0221,16,9,163,157,5,5,8
2023-11-29,FAC0053,0,1,5,10,0,3,18
2023-04-25,FAC0050,3,0,37,12,2,7,8
2023-09-14,FAC0157,3,2,13,17,0,8,9
2023-09-22,FAC0270,4,0,29,20,0,5,17
2023-10-21,FAC0009,0,3,14,16,2,3,13
2023-05-07,FAC0248,3,8,20,47,2,12,4
2024-01-22,FAC0135,3,0,27,3,0,11,16
2024-04-29,FAC0120,8,10,66,48,1,4,10
2024-03-30,FAC0013,0,1,9,12,0,2,10
2023-12-03,FAC0075,1,1,8,4,0,9,19
2024-12-27,FAC0085,1,0,5,3,0,4,10
2023-02-17,FAC0176,2,0,18,7,1,9,10
2024-10-24,FAC0135,4,3,14,16,1,8,23
2023-11-16,FAC0005,0,0,12,4,0,6,9
2023-03-05,FAC0273,3,2,15,16,1,6,6
2024-09-20,FAC0203,5,7,61,37,1,6,19
2024-06-23,FAC0294,0,2,15,13,0,5,14
2023-07-06,FAC0256,3,1,17,11,0,8,13
2024-02-28,FAC0273,3,1,22,9,0,3,7
2024-11-22,FAC0127,7,0,46,7,1,5,7
2024-03-27,FAC0131,0,1,38,3,0,4,16
2023-07-25,FAC0021,1,1,6,13,1,4,18
2023-06-18,FAC0248,10,0,52,15,1,12,5
2023-09-12,FAC0152,32,3,219,56,5,5,8
2024-11-17,FAC0175,4,2,23,15,2,3,8
2023-09-16,FAC0218,1,1,9,2,2,8,19
2023-05-29,FAC0217,13,8,49,46,0,9,11
2024-03-31,FAC0077,1,1,3,7,0,7,16
2024-02-23,FAC0195,1,1,8,6,1,5,11
2024-10-30,FAC0278,7,12,120,37,8,3,10
2023-11-12,FAC0203,4,11,63,35,2,6,13
2024-03-11,FAC0213,2,0,15,12,1,8,14
2023-09-18,FAC0228,1,0,11,13,0,11,17
2023-06-17,FAC0113,0,0,11,2,0,5,17
2024-11-01,FAC0170,14,23,215,21,1,5,14
2023-04-09,FAC0065,1,9,63,22,2,5,18
2023-09-14,FAC0118,0,0,14,24,0,4,9
2024-12-12,FAC0252,10,6,39,57,1,7,10
2024-01-29,FAC0048,6,1,36,5,0,5,12
2024-07-29,FAC0126,4,0,25,12,0,3,16
2023-03-08,FAC0233,1,1,4,4,0,8,10
2023-09-11,FAC0085,1,0,6,2,1,4,8
2023-05-19,FAC0139,0,3,61,10,2,4,19
2024-09-09,FAC0010,1,1,6,7,1,3,7
2023-09-08,FAC0300,0,1,18,6,1,2,14
2023-02-01,FAC0265,2,0,13,16,0,6,9
2024-06-15,FAC0089,1,0,21,40,1,7,7
2023-12-29,FAC0247,0,0,9,3,1,2,14
2023-09-28,FAC0010,0,0,11,2,0,2,8
2023-08-03,FAC0208,5,1,32,7,0,2,12
2023-10-07,FAC0058,2,1,7,8,0,2,9
2024-05-05,FAC0271,0,1,16,5,0,5,9
2023-02-04,FAC0057,1,1,4,7,2,7,15
2023-06-04,FAC0205,4,4,61,21,0,4,16
2023-03-24,FAC0199,1,2,21,10,1,2,23
2024-11-25,FAC0224,1,1,6,6,2,8,14
2024-01-26,FAC0104,5,2,24,18,0,12,7
2023-12-19,FAC0173,2,0,18,4,1,5,11
2023-03-29,FAC0260,5,0,21,23,2,2,19
2023-06-27,FAC0057,1,0,8,3,2,6,13
2024-10-17,FAC0064,6,8,53,23,2,5,12
2023-11-15,FAC0087,2,0,14,3,0,3,15
2023-01-17,FAC0145,4,4,23,11,0,8,5
2023-08-27,FAC0274,13,1,57,35,0,7,19
2024-02-12,FAC0076,2,4,24,13,0,6,7
2023-10-06,FAC0020,0,2,16,4,1,5,9
2023-02-07,FAC0047,1,0,2,4,0,3,16
2023-07-29,FAC0038,0,4,45,19,0,8,15
2024-05-08,FAC0124,17,6,113,147,8,2,20
2024-08-09,FAC0105,0,0,9,21,0,4,16
2023-03-17,FAC0239,0,1,1,4,1,3,5
2024-05-05,FAC0217,1,4,60,35,0,8,20
2023-08-17,FAC0101,1,2,17,26,3,4,7
2024-08-05,FAC0045,0,4,32,5,0,5,16
2023-11-22,FAC0228,2,2,22,2,0,7,10
2024-07-22,FAC0161,1,0,7,4,2,4,8
2023-09-28,FAC0142,43,17,194,165,7,2,18
2023-05-02,FAC0210,0,2,25,25,2,2,10
2023-06-04,FAC0250,0,1,16,5,2,4,11
2023-04-23,FAC0091,0,2,13,25,1,6,15
2024-09-29,FAC0174,7,5,142,10,1,1,9
2024-02-03,FAC0026,0,1,7,6,2,6,11
2024-02-26,FAC0241,0,1,5,10,1,5,13
2024-06-30,FAC0081,3,0,32,6,0,6,6
2023-02-24,FAC0241,2,1,12,3,0,3,20
2024-08-01,FAC0227,1,16,318,134,1,6,11
2023-01-28,FAC0176,2,0,15,10,0,5,12
2024-05-06,FAC0146,1,0,4,5,1,1,16
2024-09-01,FAC0219,1,1,8,6,1,4,19
2024-05-05,FAC0296,38,35,153,246,6,4,13
2024-08-18,FAC0269,3,0,7,17,0,7,8
2023-06-18,FAC0117,0,0,12,6,0,5,20
2023-02-09,FAC0095,3,1,22,18,2,4,13
2023-12-11,FAC0138,0,1,7,2,0,5,12
2024-03-03,FAC0042,2,1,18,4,0,3,16
2023-07-07,FAC0266,0,3,51,45,1,4,17
2023-04-28,FAC0047,0,1,2,4,0,3,9
2024-03-12,FAC0165,35,19,131,161,1,1,14
2024-04-23,FAC0278,5,7,139,18,6,7,14
2023-03-04,FAC0026,1,1,4,9,1,6,15
2023-03-31,FAC0005,1,0,11,5,0,9,9
2024-10-08,FAC0019,1,0,23,8,0,5,15
2024-06-20,FAC0262,0,0,18,4,0,4,7
2023-07-22,FAC0146,0,1,7,2,0,2,10
2024-03-03,FAC0032,0,0,8,5,0,12,9
2023-07-03,FAC0266,10,3,32,64,2,4,14
2023-11-04,FAC0193,0,0,8,16,1,5,11
2023-10-18,FAC0046,2,0,11,4,1,2,7
2023-05-02,FAC0284,25,23,138,77,7,1,16
2023-02-11,FAC0149,1,1,9,3,2,4,16
2023-02-11,FAC0021,1,2,6,13,1,6,12
2023-06-09,FAC0184,2,3,26,10,2,5,9
2024-12-07,FAC0119,2,3,23,14,0,1,14
2024-06-06,FAC0203,1,7,70,28,3,8,13
2023-03-18,FAC0071,0,1,5,6,1,4,12
2023-04-11,FAC0208,5,0,26,13,1,3,19
2024-09-02,FAC0288,2,2,17,6,1,6,9
2023-04-05,FAC0076,3,0,28,9,1,7,15
2023-10-18,FAC0016,1,0,9,9,0,4,10
2024-10-07,FAC0003,0,1,10,10,2,3,12
2024-03-28,FAC0255,1,3,30,7,0,8,16
2024-08-08,FAC0120,11,10,72,42,4,2,9
2024-07-01,FAC0007,2,1,35,13,0,5,16
2024-10-13,FAC0286,2,0,12,6,2,2,9
2024-03-22,FAC0274,0,11,69,23,1,5,11
2023-04-20,FAC0180,24,17,101,77,2,2,14
2024-07-29,FAC0113,0,0,7,6,1,8,16
2024-01-13,FAC0263,5,2,12,28,0,6,8
2024-07-21,FAC0294,3,3,10,18,1,9,13
2023-04-27,FAC0172,0,0,17,26,2,4,9
2023-03-27,FAC0110,5,2,17,24,0,7,14
2024-06-22,FAC0052,2,0,13,2,1,8,13
2023-09-22,FAC0239,0,1,4,1,0,5,8
2023-03-29,FAC0073,0,1,3,5,1,2,12
2024-09-30,FAC0184,1,2,22,14,1,4,14
2023-12-02,FAC0196,2,3,12,17,1,6,20
2024-04-09,FAC0213,4,0,19,8,1,4,12
2024-03-12,FAC0046,1,0,5,10,2,2,13
2023-03-23,FAC0247,1,0,9,3,0,3,13
2024-05-25,FAC0186,1,1,8,8,2,5,10
2023-10-18,FAC0165,20,35,206,86,2,1,12
2024-01-16,FAC0144,4,0,14,14,1,6,12
2024-11-13,FAC0143,8,3,82,12,2,6,12
2024-08-24,FAC0222,3,0,20,39,0,6,13
2023-07-27,FAC0233,0,1,2,6,1,6,16
2024-01-01,FAC0188,10,4,232,76,4,1,14
2023-03-12,FAC0284,28,19,72,143,3,3,18
2023-03-13,FAC0172,1,4,22,21,0,3,9
2024-04-16,FAC0135,4,3,14,16,0,11,13
2023-06-02,FAC0287,5,0,16,20,2,2,13
2024-11-27,FAC0173,3,2,10,12,1,5,17
2024-11-13,FAC0119,4,0,12,25,0,1,16
2024-07-23,FAC0228,1,1,14,10,0,11,12
2024-07-26,FAC0023,2,1,85,14,1,8,6
2024-03-01,FAC0151,5,1,34,32,1,3,11
2023-03-06,FAC0155,6,3,48,15,0,4,8
2023-09-19,FAC0060,17,9,93,35,2,9,10
2023-06-03,FAC0281,53,28,356,118,2,5,8
2024-02-26,FAC0112,2,2,10,13,0,4,14
2024-12-27,FAC0163,3,3,13,16,0,7,15
2024-08-02,FAC0006,30,4,202,42,5,8,15
2023-07-06,FAC0025,3,1,24,2,1,2,22
2023-06-08,FAC0104,4,5,29,13,1,12,10
2023-12-02,FAC0012,1,1,9,1,1,6,20
2024-01-28,FAC0197,2,0,18,20,1,5,14
2024-11-17,FAC0082,2,2,10,13,1,3,17
2024-03-18,FAC0215,5,3,22,18,3,3,12
2023-01-09,FAC0121,3,1,38,7,0,3,11
2024-10-09,FAC0251,2,1,22,2,0,8,8
2023-03-17,FAC0250,2,1,19,2,2,8,8
2024-08-27,FAC0064,0,1,43,33,1,5,9
2023-02-16,FAC0207,3,0,30,5,1,5,7
2023-12-16,FAC0074,0,0,3,5,1,3,8
2023-01-06,FAC0147,4,4,35,6,3,7,10
2023-01-29,FAC0148,0,0,3,8,0,6,11
2024-01-20,FAC0152,6,21,180,95,3,5,11
2023-10-02,FAC0071,1,1,5,6,0,4,10
2023-10-09,FAC0128,8,3,39,18,2,7,7
2023-12-03,FAC0171,2,1,12,4,1,3,16
2023-01-01,FAC0156,0,7,89,11,0,5,6
2023-10-05,FAC0271,0,2,12,9,1,4,16
2024-10-14,FAC0159,5,2,16,25,1,3,16
2023-06-14,FAC0073,1,1,6,2,1,3,11
2023-02-08,FAC0115,7,7,26,33,0,7,10
2024-05-20,FAC0138,1,0,7,2,1,4,19
2023-10-07,FAC0186,0,0,6,10,2,4,9
2024-04-24,FAC0244,1,1,9,2,1,5,15
2023-09-26,FAC0193,1,2,17,7,1,9,12
2023-10-08,FAC0248,3,6,56,11,1,9,3
2024-12-15,FAC0214,0,2,13,6,2,4,6
2024-02-16,FAC0133,0,0,20,39,2,4,13
2023-03-15,FAC0166,0,1,10,7,0,5,14
2023-12-29,FAC0093,41,10,124,179,2,5,18
2024-06-04,FAC0163,4,2,11,18,1,9,14
2023-06-08,FAC0154,0,1,32,18,3,2,10
2023-03-25,FAC0095,3,2,12,28,0,4,15
2023-09-21,FAC0137,1,1,12,9,1,2,9
2023-11-08,FAC0121,5,0,19,26,0,1,11
2023-01-25,FAC0186,2,0,4,12,0,4,7
2023-01-08,FAC0252,2,3,40,56,3,4,13
2023-07-24,FAC0019,2,2,20,11,0,6,15
2023-11-29,FAC0159,0,0,21,20,1,4,8
2023-09-23,FAC0191,5,4,45,4,1,6,8
2023-11-25,FAC0272,2,0,18,4,1,4,11
2023-12-12,FAC0129,0,2,32,8,2,4,20
2024-11-03,FAC0200,4,0,26,3,0,4,15
2024-12-23,FAC0255,1,3,14,23,1,7,9
2024-10-02,FAC0169,13,7,42,45,1,2,9
2023-03-07,FAC0251,3,2,21,3,0,8,14
2023-10-19,FAC0034,1,1,5,5,1,4,17
2023-01-03,FAC0109,3,2,22,2,0,4,10
2024-11-02,FAC0251,2,1,14,10,0,9,10
2024-02-07,FAC0190,8,9,35,46,1,10,8
2024-10-02,FAC0172,1,1,16,27,1,5,12
2024-08-18,FAC0172,4,2,29,14,2,3,13
2024-11-04,FAC0189,0,1,10,4,1,4,10
2023-10-05,FAC0192,1,5,212,98,5,5,13
2023-09-09,FAC0150,4,0,12,18,0,3,12
2024-10-05,FAC0082,1,0,19,4,0,5,18
2023-02-09,FAC0282,2,2,17,18,0,2,11
2023-05-30,FAC0055,33,7,206,226,0,5,14
2024-02-19,FAC0099,2,1,45,14,3,4,7
2024-09-22,FAC0109,0,1,14,10,1,4,9
2023-02-25,FAC0163,1,1,17,12,0,8,18
2023-05-23,FAC0103,2,5,26,33,3,3,6
2024-04-19,FAC0058,1,0,7,8,0,3,8
2024-06-02,FAC0198,1,2,7,11,1,3,9
2024-07-20,FAC0094,7,3,52,5,5,5,11
2024-03-25,FAC0103,1,4,43,16,1,2,10
2024-10-04,FAC0135,2,0,10,20,1,7,14
2024-08-04,FAC0217,5,0,76,19,0,4,14
2023-03-15,FAC0085,0,0,3,5,1,3,7
2023-11-28,FAC0102,0,1,8,5,1,2,20
2023-09-17,FAC0023,9,11,57,42,1,8,6
2024-09-25,FAC0031,18,28,331,60,0,1,11
2023-09-02,FAC0116,4,11,93,85,2,8,15
2024-07-03,FAC0029,1,2,14,5,0,4,19
2023-12-08,FAC0181,3,0,34,13,0,4,15
2024-08-20,FAC0008,2,2,9,15,0,2,6
2023-01-14,FAC0267,10,2,67,13,1,7,12
2023-10-16,FAC0231,0,0,10,1,1,2,16
2023-10-08,FAC0102,1,1,11,2,1,2,16
2023-07-27,FAC0246,1,2,21,38,1,3,11
2024-02-15,FAC0191,7,3,27,22,1,3,8
2024-08-05,FAC0057,1,0,6,5,0,4,15
2024-11-17,FAC0281,36,32,377,97,0,5,7
2024-02-11,FAC0010,1,1,11,2,0,5,9
2024-02-25,FAC0012,0,1,8,2,0,3,23
2023-04-12,FAC0283,1,4,21,18,1,8,12
2023-03-13,FAC0167,7,0,28,36,0,2,10
2024-04-27,FAC0051,14,20,163,317,8,7,14
2023-03-04,FAC0072,3,5,41,27,0,9,9
2023-11-10,FAC0072,3,5,36,32,1,10,19
2024-08-22,FAC0135,3,0,9,21,0,9,21
2024-10-21,FAC0276,4,1,24,9,0,3,13
2023-01-28,FAC0093,0,31,171,132,3,6,15
2024-01-30,FAC0241,2,0,8,7,1,4,22
2023-08-19,FAC0088,1,1,26,13,1,6,12
2024-04-07,FAC0104,2,1,17,25,0,7,7
2024-01-11,FAC0165,22,23,217,75,1,1,11
2023-05-31,FAC0199,3,2,28,3,0,1,23
2024-04-23,FAC0086,32,29,158,157,5,3,13
2024-07-10,FAC0292,1,1,7,16,0,3,12
2024-05-22,FAC0245,4,3,21,23,2,2,15
2023-11-17,FAC0235,3,0,15,16,2,4,6
2023-11-30,FAC0294,4,1,20,8,0,10,10
2024-11-30,FAC0119,0,3,25,12,0,2,14
2024-12-09,FAC0145,4,1,27,7,0,8,11
2023-12-28,FAC0213,2,2,20,7,0,8,18
2023-03-11,FAC0220,36,19,179,66,8,1,10
2023-06-06,FAC0189,2,0,5,9,1,6,14
2024-05-31,FAC0161,1,0,7,4,2,6,9
2024-08-06,FAC0105,3,3,28,2,0,5,25
2024-11-18,FAC0110,1,3,24,17,0,8,14
2024-01-25,FAC0213,4,1,20,7,0,6,12
2023-03-10,FAC0156,9,9,34,66,4,5,5
2024-04-12,FAC0294,2,2,12,16,1,7,15
2024-05-21,FAC0048,3,2,18,23,0,5,18
2023-08-08,FAC0041,1,1,6,2,1,2,11
2024-03-03,FAC0129,2,2,28,12,1,4,20
2024-11-18,FAC0034,1,0,8,2,0,7,11
2024-05-25,FAC0069,0,1,9,5,0,3,12
2023-01-24,FAC0036,2,0,8,8,1,2,7
2024-10-12,FAC0049,13,5,43,46,2,5,10
2023-07-07,FAC0080,0,1,6,8,0,7,7
2024-05-17,FAC0034,1,1,6,4,1,3,16
2023-06-06,FAC0190,6,8,56,25,1,8,13
2023-06-14,FAC0292,2,0,20,3,0,7,7
2024-05-13,FAC0123,6,1,37,4,0,4,8
2024-04-19,FAC0215,1,1,24,16,0,4,9
2023-08-14,FAC0276,0,0,13,20,0,7,13
2023-02-18,FAC0205,2,6,27,55,4,5,9
2023-05-17,FAC0045,5,1,31,6,1,4,9
2024-09-16,FAC0233,0,0,2,6,0,5,17
2024-04-07,FAC0230,2,0,26,9,0,3,14
2023-11-18,FAC0006,35,24,153,91,1,8,15
2024-07-31,FAC0100,21,26,197,79,4,8,17
2023-04-12,FAC0154,4,3,30,20,2,3,19
2024-09-11,FAC0130,2,2,20,4,1,8,14
2023-12-23,FAC0098,4,0,22,14,1,5,6
2023-02-12,FAC0144,3,1,17,11,2,7,12
2024-09-28,FAC0097,1,4,70,16,2,6,14
2024-04-14,FAC0237,0,2,27,2,0,3,10
2023-06-16,FAC0092,26,17,248,94,5,7,10
2024-05-26,FAC0063,3,2,26,6,2,3,10
2023-08-26,FAC0234,0,0,10,1,1,2,7
2023-03-03,FAC0258,4,1,38,18,1,4,17
2024-10-08,FAC0076,3,3,30,7,1,7,14
2024-08-13,FAC0284,28,22,172,43,4,1,16
2023-05-05,FAC0087,2,2,14,3,1,3,14
2024-08-21,FAC0174,0,9,114,38,4,1,9
2024-05-02,FAC0119,5,4,35,2,1,1,14
2023-01-15,FAC0040,1,0,11,5,0,3,8
2023-09-27,FAC0169,5,9,28,59,0,4,16
2024-10-11,FAC0248,5,4,42,25,0,8,6
2024-11-26,FAC0169,10,6,39,48,3,5,12
2024-03-26,FAC0052,0,0,10,5,1,13,22
2024-03-27,FAC0128,0,6,24,33,4,12,11
2023-09-13,FAC0014,4,2,30,14,0,2,17
2023-11-01,FAC0209,1,1,16,9,0,6,17
2024-06-11,FAC0137,3,0,14,7,1,5,7
2024-11-11,FAC0278,15,15,133,24,1,7,9
2023-11-19,FAC0124,31,25,83,177,0,2,16
2024-06-17,FAC0199,0,3,19,12,2,2,24
2023-07-20,FAC0146,0,1,5,4,0,3,14
2023-06-10,FAC0041,0,1,4,4,0,5,13
2023-08-02,FAC0173,2,0,20,2,1,4,16
2024-05-15,FAC0213,0,1,9,18,0,6,10
2024-04-01,FAC0090,0,0,11,19,1,4,8
2024-04-03,FAC0186,0,1,14,2,1,5,7
2023-04-08,FAC0080,2,1,7,7,1,4,12
2024-03-25,FAC0165,36,34,185,107,1,1,17
2024-11-21,FAC0292,1,0,19,4,0,7,12
2023-04-24,FAC0240,1,0,11,5,0,9,10
2024-01-24,FAC0029,0,0,14,5,0,3,15
2023-01-04,FAC0246,5,0,38,21,1,3,13
2024-10-11,FAC0012,1,0,4,6,1,4,11
2023-10-14,FAC0161,0,1,8,3,0,6,12
2023-04-26,FAC0091,4,1,15,23,2,4,10
2023-02-11,FAC0089,1,6,53,8,1,3,15
2023-02-20,FAC0236,3,1,14,14,1,2,9
2024-06-12,FAC0001,1,1,7,17,0,4,7
2023-08-17,FAC0057,0,1,6,5,0,9,10
2023-10-09,FAC0181,0,5,18,29,1,4,11
2024-10-28,FAC0160,2,0,30,6,0,3,10
2024-02-29,FAC0289,0,2,37,9,1,4,8
2023-07-29,FAC0239,1,0,3,2,0,7,5
2024-10-03,FAC0122,0,0,12,3,0,4,17
2024-05-06,FAC0108,1,1,15,19,2,3,16
2024-02-20,FAC0075,1,0,4,8,1,11,18
2023-11-06,FAC0253,1,1,24,12,2,1,13
2024-02-24,FAC0165,9,15,207,85,0,1,13
2023-10-10,FAC0069,0,0,10,4,1,4,13
2024-09-19,FAC0278,23,0,68,89,3,6,13
2023-12-12,FAC0280,62,10,281,153,1,4,16
2023-06-27,FAC0233,0,0,6,2,0,11,10
2023-09-16,FAC0282,4,4,23,12,2,2,15
2023-09-27,FAC0174,1,11,86,66,2,1,6
2023-04-04,FAC0212,8,0,32,23,0,7,10
2023-05-15,FAC0222,3,0,38,21,4,4,18
2024-07-03,FAC0170,24,22,80,156,0,8,9
2023-10-24,FAC0272,0,0,18,4,1,6,17
2023-07-17,FAC0008,2,1,19,5,1,4,12
2024-09-08,FAC0176,3,0,16,9,0,7,15
2024-01-17,FAC0032,0,0,4,9,1,6,6
2023-12-21,FAC0265,4,0,14,15,1,5,10
2023-06-24,FAC0076,2,4,14,23,1,9,14
2024-12-27,FAC0128,5,2,35,22,3,12,8
2024-03-28,FAC0041,0,0,6,2,0,5,7
2024-05-29,FAC0021,1,1,12,7,1,6,10
2024-12-03,FAC0223,2,0,19,13,1,4,11
2024-02-17,FAC0227,37,21,272,180,3,6,8
2024-05-02,FAC0191,7,2,16,33,0,4,7
2023-01-13,FAC0076,2,2,11,26,1,10,12
2024-02-19,FAC0055,53,18,369,63,5,6,10
2024-08-25,FAC0094,8,0,29,28,3,2,7
2024-03-10,FAC0009,1,3,22,8,2,5,15
2024-12-24,FAC0119,3,1,34,3,1,2,14
2024-03-06,FAC0287,3,2,27,9,2,2,14
2023-07-20,FAC0218,1,0,5,6,2,8,10
2023-12-03,FAC0075,0,0,8,4,1,8,16
2024-08-16,FAC0257,0,1,13,10,1,3,12
2023-03-30,FAC0088,3,0,24,15,0,5,6
2024-08-28,FAC0266,6,3,75,21,2,7,10
2023-08-07,FAC0255,2,1,23,14,0,6,11
2023-11-03,FAC0052,0,0,7,8,0,12,20
2024-11-08,FAC0214,2,2,15,4,1,3,5
2024-07-16,FAC0051,19,7,285,195,4,5,15
2024-03-30,FAC0056,2,3,12,16,1,7,10
2024-08-25,FAC0148,0,0,5,6,0,4,13
2023-06-12,FAC0220,2,1,110,135,8,2,17
2023-12-24,FAC0148,0,0,6,5,1,7,7
2024-03-27,FAC0124,32,16,223,37,2,4,19
2023-10-10,FAC0084,2,0,13,18,2,2,6
2024-06-16,FAC0204,0,1,3,3,1,8,24
2024-01-27,FAC0083,2,0,19,2,1,6,10
2024-08-05,FAC0010,1,0,12,1,1,3,15
2023-09-28,FAC0119,0,4,27,10,0,1,12
2024-08-03,FAC0065,7,8,26,59,1,3,15
2023-04-22,FAC0060,6,6,71,57,4,5,13
2024-08-09,FAC0253,2,2,21,15,2,2,14
2023-08-20,FAC0243,39,9,94,199,2,8,14
2024-03-21,FAC0132,1,2,19,10,1,7,10
2024-08-14,FAC0222,0,1,34,25,2,7,12
2024-01-11,FAC0056,3,3,18,10,0,7,8
2023-03-27,FAC0098,3,0,29,7,1,8,6
2024-09-21,FAC0244,0,1,5,6,0,5,15
2024-10-06,FAC0258,0,3,44,12,3,5,16
2023-12-17,FAC0145,4,1,30,4,1,9,6
2024-04-27,FAC0227,6,29,150,302,5,4,12
2024-07-18,FAC0198,2,0,6,12,1,3,7
2024-03-05,FAC0281,47,21,219,255,8,2,12
2024-12-28,FAC0069,1,0,8,6,0,4,7
2023-07-12,FAC0016,1,2,8,10,2,5,13
2023-09-02,FAC0081,3,4,27,11,1,5,8
2023-11-23,FAC0056,4,0,24,4,1,5,13
2023-12-09,FAC0163,4,2,15,14,0,9,14
2024-10-12,FAC0162,3,2,37,23,1,9,14
2024-11-25,FAC0175,2,3,31,7,0,5,12
2024-06-11,FAC0105,3,2,25,5,1,3,20
2023-11-16,FAC0266,6,5,87,9,0,7,12
2023-04-24,FAC0262,2,1,10,12,0,6,12
2024-01-20,FAC0200,3,0,19,10,1,7,16
2024-02-25,FAC0167,3,1,25,39,0,2,8
2024-01-28,FAC0176,2,2,10,15,0,9,11
2024-12-25,FAC0107,2,2,70,6,0,7,17
2023-03-29,FAC0268,3,2,27,16,0,2,14
2023-05-03,FAC0213,0,3,8,19,0,7,14
2023-03-04,FAC0272,2,0,8,14,1,4,12
2024-10-16,FAC0226,4,2,36,9,1,5,10
2023-06-14,FAC0178,2,2,13,6,1,2,4
2024-05-18,FAC0255,0,0,18,19,1,7,10
2024-11-11,FAC0163,4,0,10,19,0,8,11
2023-01-24,FAC0014,3,1,15,29,0,2,13
2023-01-20,FAC0283,0,2,29,10,1,5,7
2024-04-20,FAC0275,3,3,21,8,1,5,9
2024-03-06,FAC0105,3,1,18,12,1,5,28
2024-04-23,FAC0152,15,28,253,22,3,7,14
2023-04-15,FAC0043,4,5,23,26,0,10,15
2024-08-07,FAC0169,13,10,81,6,1,3,9
2023-12-29,FAC0024,1,0,11,2,2,5,21
2024-10-05,FAC0166,1,2,5,12,1,6,10
2023-02-28,FAC0240,1,0,13,3,1,7,12
2024-07-31,FAC0273,2,0,24,7,1,5,5
2023-10-01,FAC0215,3,1,28,12,1,3,17
2023-09-17,FAC0262,2,0,18,4,1,7,8
2023-02-13,FAC0012,0,0,6,4,1,6,13
2023-02-19,FAC0219,1,1,8,6,1,3,18
2023-03-12,FAC0293,1,2,7,17,0,6,21
2023-07-30,FAC0054,68,0,224,264,9,7,16
2023-11-02,FAC0096,2,4,21,13,0,4,10
2023-03-17,FAC0042,1,0,12,10,0,4,8
2023-01-01,FAC0249,0,0,25,5,1,2,11
2024-11-01,FAC0122,0,0,6,9,1,3,12
2024-10-17,FAC0038,9,0,33,31,0,4,12
2024-03-04,FAC0030,2,1,9,5,0,4,7
2024-08-14,FAC0017,33,4,367,48,5,2,17
2024-05-07,FAC0054,42,54,344,144,0,4,21
2023-05-07,FAC0037,14,15,106,65,4,6,15
2023-11-04,FAC0048,5,1,21,20,1,5,24
2024-11-30,FAC0061,5,0,13,31,2,5,19
2024-08-03,FAC0291,2,4,23,15,1,5,16
2023-01-10,FAC0180,6,2,66,112,5,4,16
2023-03-02,FAC0183,1,2,16,12,1,2,9
2023-06-18,FAC0218,0,0,5,6,1,9,10
2023-11-26,FAC0177,3,2,17,21,2,5,12
2023-12-28,FAC0062,3,0,19,3,1,2,7
2024-02-28,FAC0197,5,1,30,8,1,6,10
2023-03-31,FAC0206,0,1,21,4,1,7,12
2023-05-18,FAC0207,3,3,16,19,1,5,6
2024-01-11,FAC0296,20,42,156,243,2,5,12
2024-11-24,FAC0214,2,0,8,11,0,7,11
2023-11-14,FAC0002,5,3,18,24,0,2,7
2023-04-15,FAC0281,18,12,169,305,0,2,11
2024-12-04,FAC0274,9,1,50,42,1,6,17
2024-10-12,FAC0075,1,1,10,2,0,8,11
2023-12-20,FAC0251,1,1,18,6,1,10,12
2023-03-24,FAC0088,5,0,35,4,0,10,6
2024-12-08,FAC0217,13,5,28,67,1,6,19
2023-05-05,FAC0092,23,3,209,133,1,5,8
2023-11-20,FAC0047,0,1,5,1,0,6,16
2024-02-17,FAC0277,2,1,10,4,0,4,23
2023-02-10,FAC0175,5,1,24,14,2,3,10
2024-12-24,FAC0019,2,3,28,3,1,10,12
2023-11-14,FAC0052,0,1,5,10,1,12,19
2023-12-15,FAC0101,2,5,13,30,0,4,12
2023-06-18,FAC0068,4,2,13,14,0,5,12
2023-10-14,FAC0097,0,0,48,38,0,10,17
2023-03-13,FAC0103,5,1,31,28,2,4,10
2023-07-23,FAC0136,2,0,13,22,0,6,15
2024-05-03,FAC0159,3,2,19,22,1,5,10
2023-06-18,FAC0265,1,2,23,6,1,6,6
2024-09-11,FAC0037,24,19,140,31,3,9,11
2024-11-26,FAC0016,0,0,8,10,1,5,9
2024-07-15,FAC0186,0,1,8,8,0,6,14
2024-10-16,FAC0255,2,2,32,5,1,6,16
2023-07-18,FAC0203,13,6,37,61,3,8,10
2023-08-25,FAC0244,0,1,4,7,0,6,19
2023-03-21,FAC0070,27,14,146,42,6,2,21
2024-06-15,FAC0146,1,0,4,5,1,1,10
2024-07-19,FAC0182,1,3,12,13,1,3,9
2023-02-15,FAC0198,1,1,16,2,0,7,7
2023-08-23,FAC0029,0,0,10,9,1,2,13
2024-11-27,FAC0011,2,2,10,9,0,5,8
2023-08-21,FAC0030,2,1,12,2,0,3,13
2023-06-18,FAC0045,5,2,28,9,0,5,9
2024-09-13,FAC0197,0,3,20,18,1,8,12
2023-08-08,FAC0186,0,1,5,11,2,6,8
2023-01-31,FAC0168,7,7,74,28,1,5,13
2024-11-27,FAC0219,0,1,10,4,1,3,23
2023-03-16,FAC0192,0,13,203,107,0,7,14
2024-11-30,FAC0107,10,6,34,42,4,4,11
2024-05-23,FAC0272,3,2,7,15,0,5,13
2023-02-04,FAC0197,0,0,33,5,1,8,12
2024-10-26,FAC0200,2,3,15,14,2,4,13
2023-06-11,FAC0114,2,4,18,18,3,4,9
2024-01-25,FAC0097,9,2,70,16,3,11,15
2024-10-10,FAC0067,2,3,12,15,0,3,10
2023-06-03,FAC0293,2,0,8,16,1,4,20
2023-03-18,FAC0064,5,7,71,5,1,9,10
2024-07-17,FAC0179,0,2,27,16,0,7,12
2023-08-04,FAC0125,0,1,20,3,0,7,14
2023-01-01,FAC0244,1,0,10,1,0,8,19
2023-12-07,FAC0164,2,1,11,3,1,4,11
2023-08-19,FAC0063,2,1,22,10,1,4,8
2023-12-09,FAC0059,4,4,15,21,0,4,13
2023-08-28,FAC0285,31,38,158,212,1,6,13
2023-10-14,FAC0084,3,1,12,19,0,2,6
2023-08-20,FAC0220,9,25,201,44,8,2,9
2024-09-24,FAC0013,0,0,15,6,1,2,12
2023-07-17,FAC0045,4,2,23,14,1,6,11
2024-10-21,FAC0211,1,0,9,3,1,5,18
2024-08-24,FAC0091,2,2,26,12,0,4,11
2023-02-23,FAC0257,1,1,20,3,1,2,11
2023-08-14,FAC0121,4,0,41,4,1,1,12
2024-07-16,FAC0008,2,0,16,8,1,4,8
2023-06-20,FAC0196,3,1,20,9,0,5,14
2023-04-14,FAC0177,0,2,13,25,3,4,8
2023-03-13,FAC0288,1,1,10,13,0,7,10
2024-06-02,FAC0216,0,1,9,2,1,8,8
2024-08-12,FAC0127,2,6,21,32,1,5,8
2024-04-03,FAC0289,4,2,40,6,0,3,14
2024-07-13,FAC0290,1,3,22,7,0,12,10
2023-02-04,FAC0027,31,20,271,83,1,5,7
2023-05-24,FAC0138,0,1,5,4,1,4,12
2023-05-07,FAC0276,0,1,14,19,1,7,12
2023-01-24,FAC0238,0,9,45,32,2,5,14
2024-07-19,FAC0028,1,3,35,11,1,8,21
2024-12-06,FAC0060,9,12,119,9,2,9,16
2023-08-23,FAC0295,1,0,4,10,0,9,14
2023-07-10,FAC0264,4,6,48,25,0,2,13
2024-08-06,FAC0224,0,0,8,4,0,8,11
2024-04-27,FAC0083,0,1,7,14,1,7,13
2024-05-12,FAC0098,4,0,29,7,0,10,4
2024-11-13,FAC0258,6,4,41,15,2,3,16
2023-08-04,FAC0104,0,0,38,4,0,7,11
2024-04-02,FAC0210,0,4,27,23,1,5,6
2023-02-21,FAC0277,1,1,7,7,0,5,15
2024-10-27,FAC0210,4,0,18,32,0,4,9
2023-07-29,FAC0262,0,2,7,15,1,7,11
2023-08-30,FAC0257,2,0,18,5,1,3,9
2023-12-04,FAC0281,71,2,175,299,4,2,14
2023-08-17,FAC0042,1,1,8,14,1,2,8
2024-02-29,FAC0119,1,0,25,12,1,1,11
2023-07-31,FAC0164,0,0,9,5,1,6,10
2024-11-16,FAC0284,18,24,143,72,6,2,13
2023-08-24,FAC0126,1,1,34,3,1,7,16
2023-11-16,FAC0096,0,0,13,21,0,4,11
2023-01-10,FAC0217,13,11,85,10,1,6,18
2024-05-04,FAC0177,3,2,31,7,3,4,7
2024-02-08,FAC0189,1,0,5,9,1,6,12
2024-07-21,FAC0027,18,6,296,58,4,4,6
2023-07-07,FAC0183,3,2,23,5,2,1,10
2023-04-08,FAC0174,7,13,118,34,2,1,8
2023-10-14,FAC0038,6,1,45,19,0,4,8
2023-08-11,FAC0294,4,1,25,3,1,10,11
2024-03-03,FAC0283,2,0,23,16,2,7,10
2024-12-31,FAC0074,1,0,4,4,0,3,9
2023-09-03,FAC0120,13,0,45,69,7,2,9
2023-06-15,FAC0085,1,0,3,5,1,3,5
2024-06-16,FAC0104,6,2,23,19,1,11,8
2024-07-14,FAC0155,9,2,38,25,1,6,16
2023-06-04,FAC0120,15,5,95,19,0,3,8
2024-07-21,FAC0192,5,13,167,143,0,8,12
2024-06-17,FAC0288,2,1,11,12,0,6,6
2024-08-14,FAC0125,1,0,13,10,1,4,15
2024-10-18,FAC0125,0,1,14,9,0,4,11
2024-07-14,FAC0115,7,5,26,33,1,4,12
2024-02-05,FAC0125,2,2,11,12,2,6,12
2023-12-27,FAC0018,0,0,8,3,1,6,10
2023-10-08,FAC0234,0,0,9,2,0,2,6
2024-05-27,FAC0259,2,2,10,9,0,5,18
2023-06-09,FAC0050,4,3,26,23,2,4,8
2023-06-24,FAC0161,1,0,8,3,0,6,10
2023-10-18,FAC0272,1,0,7,15,1,8,10
2023-12-05,FAC0278,16,16,111,46,1,4,18
2024-09-11,FAC0261,5,0,21,14,0,4,10
2024-06-13,FAC0066,22,19,143,219,2,6,10
2024-02-24,FAC0024,0,1,12,1,1,5,22
2024-03-11,FAC0075,1,0,6,6,1,7,19
2024-04-12,FAC0060,14,9,47,81,1,6,15
2024-12-07,FAC0235,1,2,17,14,2,7,5
2023-12-04,FAC0093,33,10,114,189,1,8,10
2024-12-13,FAC0108,5,4,13,21,2,4,14
2023-12-28,FAC0147,3,1,14,27,2,5,9
2024-02-05,FAC0044,0,1,25,11,0,6,21
2024-08-17,FAC0251,0,1,13,11,0,10,12
2024-06-24,FAC0276,4,2,17,16,1,4,13
2023-03-15,FAC0048,6,1,31,10,0,5,20
2024-03-12,FAC0179,6,2,18,25,2,10,7
2024-04-14,FAC0113,1,1,7,6,0,4,13
2023-01-13,FAC0229,1,1,20,3,0,4,8
2024-07-16,FAC0048,5,2,38,3,0,9,12
2023-01-20,FAC0282,5,3,12,23,2,1,18
2023-02-15,FAC0047,1,1,4,2,1,6,8
2023-05-27,FAC0120,2,1,72,42,2,3,6
2023-11-02,FAC0014,2,3,22,22,1,4,15
2023-10-18,FAC0063,3,1,22,10,0,5,13
2023-10-08,FAC0024,1,0,6,7,0,5,23
2023-08-24,FAC0025,1,3,14,12,1,1,13
2023-03-25,FAC0141,6,4,39,10,2,4,10
2024-04-24,FAC0253,1,0,32,4,2,2,10
2023-10-11,FAC0192,5,0,203,107,10,5,9
2024-08-01,FAC0113,1,0,9,4,1,9,10
2024-01-16,FAC0030,0,0,6,8,2,2,8
2024-06-12,FAC0002,0,1,34,8,0,2,11
2023-05-06,FAC0085,1,0,5,3,1,2,10
2023-04-20,FAC0130,0,0,11,13,0,4,14
2023-06-30,FAC0139,4,8,63,8,0,3,14
2024-10-07,FAC0023,7,4,50,49,0,8,5
2023-08-03,FAC0081,2,3,25,13,1,4,10
2023-07-06,FAC0213,3,3,24,3,1,4,10
2024-03-18,FAC0003,2,0,6,14,2,4,8
2023-08-14,FAC0190,11,4,64,17,2,9,16
2023-12-01,FAC0162,2,6,25,35,0,5,8
2023-01-02,FAC0028,1,2,18,28,1,9,19
2023-08-07,FAC0003,3,1,9,11,0,5,9
2023-01-30,FAC0051,18,15,147,333,8,8,15
2023-01-09,FAC0290,3,3,10,19,0,11,13
2024-04-19,FAC0296,7,30,212,187,5,6,12
2024-08-31,FAC0222,4,3,25,34,2,4,13
2024-10-05,FAC0070,20,21,107,81,5,2,22
2023-09-06,FAC0046,2,0,9,6,1,2,11
2023-03-07,FAC0006,9,15,187,57,4,7,10
2023-07-14,FAC0065,1,9,75,10,3,5,15
2024-02-03,FAC0237,3,3,16,13,1,4,15
2023-02-12,FAC0255,4,2,33,4,1,8,12
2023-08-19,FAC0260,0,1,34,10,0,2,13
2023-07-19,FAC0091,3,0,32,6,2,6,13
2023-07-05,FAC0130,1,0,12,12,0,7,10
2024-10-08,FAC0252,4,0,39,57,2,5,10
2023-07-05,FAC0286,2,0,15,3,2,3,6
2024-08-29,FAC0092,29,35,322,20,5,5,9
2023-08-09,FAC0079,0,0,9,8,1,10,13
2024-12-14,FAC0221,46,2,287,33,1,5,6
2023-07-20,FAC0201,4,1,57,8,1,2,9
2024-03-15,FAC0087,2,1,5,12,1,7,10
2024-06-09,FAC0234,0,0,7,4,1,1,4
2024-09-16,FAC0180,0,7,88,90,1,2,9
2023-10-16,FAC0227,30,43,326,126,3,5,15
2024-07-17,FAC0088,1,1,19,20,0,10,12
2023-01-16,FAC0026,0,1,5,8,0,5,8
2023-07-10,FAC0248,7,2,23,44,2,6,6
2024-01-31,FAC0003,0,2,9,11,0,6,7
2024-06-30,FAC0001,2,0,7,17,0,6,6
2023-12-15,FAC0245,1,5,15,29,1,1,20
2024-06-11,FAC0236,1,3,23,5,1,2,10
2024-09-17,FAC0061,5,0,16,28,0,9,20
2023-06-17,FAC0283,4,3,27,12,2,8,7
2024-03-07,FAC0077,1,0,7,3,0,9,9
2024-08-02,FAC0232,14,11,43,57,0,1,8
2023-05-25,FAC0149,1,0,5,7,1,5,16
2023-08-27,FAC0147,1,1,35,6,4,3,8
2024-07-23,FAC0189,1,1,12,2,0,5,19
2023-08-13,FAC0233,1,1,7,1,0,7,10
2024-01-19,FAC0125,0,0,18,5,1,7,8
2024-04-22,FAC0066,6,2,341,21,5,7,16
2024-08-19,FAC0254,0,1,10,6,1,5,5
2024-10-29,FAC0290,3,1,21,8,1,11,7
2024-03-01,FAC0002,6,2,25,17,0,2,6
2024-05-06,FAC0177,3,3,17,21,1,5,12
2023-10-21,FAC0215,6,3,17,23,1,6,18
2024-11-25,FAC0221,32,31,131,189,4,4,10
2023-06-20,FAC0119,4,2,17,20,1,1,14
2024-03-20,FAC0244,0,0,8,3,0,5,18
2023-05-03,FAC0251,0,1,14,10,0,6,14
2023-06-11,FAC0027,12,8,201,153,4,4,12
2024-06-21,FAC0113,1,1,5,8,2,7,18
2023-07-31,FAC0231,0,1,4,7,1,1,16
2024-02-08,FAC0065,5,8,64,21,0,3,18
2024-03-15,FAC0280,65,1,204,230,2,3,20
2024-11-26,FAC0063,1,2,26,6,2,3,16
2023-07-25,FAC0166,1,0,13,4,0,6,16
2023-11-06,FAC0011,2,0,12,7,1,6,9
2024-06-07,FAC0297,3,1,13,8,0,3,11
2023-01-12,FAC0044,0,0,30,6,2,4,16
2024-12-13,FAC0072,9,5,49,19,0,12,19
2023-06-01,FAC0127,5,0,16,37,1,5,7
2023-05-16,FAC0031,26,17,213,178,0,2,14
2024-06-22,FAC0105,3,1,25,5,0,4,27
2024-07-07,FAC0170,7,7,122,114,1,9,12
2024-09-07,FAC0012,0,0,3,7,1,7,23
2024-10-04,FAC0192,44,19,169,141,9,5,11
2024-05-07,FAC0139,4,1,49,22,3,4,15
2024-08-07,FAC0042,0,2,20,2,1,3,15
2024-09-09,FAC0242,1,1,7,8,1,5,15
2024-12-02,FAC0044,0,2,28,8,1,7,20
2024-09-10,FAC0266,3,6,41,55,1,4,11
2024-06-12,FAC0040,2,1,13,3,1,7,14
2024-10-27,FAC0275,4,3,14,15,0,6,14
2023-11-24,FAC0108,4,0,12,22,0,2,10
2024-03-21,FAC0234,0,1,8,3,2,2,4
2023-06-14,FAC0133,3,6,41,18,1,3,14
2024-03-13,FAC0013,1,0,10,11,1,2,15
2023-01-17,FAC0131,1,4,15,26,1,3,12
2023-12-14,FAC0001,0,2,19,5,0,4,10
2023-02-13,FAC0067,3,2,21,6,2,5,10
2023-02-13,FAC0056,2,2,21,7,0,7,14
2024-02-16,FAC0079,1,1,15,2,0,5,27
2023-12-18,FAC0286,0,1,7,11,2,1,12
2023-12-07,FAC0111,4,3,27,9,0,4,12
2024-02-12,FAC0216,1,0,4,7,1,7,11
2023-10-03,FAC0147,0,2,31,10,3,3,12
2023-12-21,FAC0078,2,3,18,10,2,2,11
2024-10-24,FAC0289,4,5,20,26,1,2,9
2023-03-27,FAC0087,0,1,9,8,0,5,8
2024-09-13,FAC0038,2,4,52,12,0,9,8
2023-08-31,FAC0102,1,1,8,5,0,2,21
2023-08-05,FAC0295,2,1,11,3,1,5,8
2023-12-02,FAC0297,2,0,18,3,1,4,9
2023-12-21,FAC0066,1,15,152,210,1,8,8
2023-04-13,FAC0190,0,2,29,52,2,11,8
2024-03-14,FAC0061,3,2,34,10,1,7,13
2023-02-18,FAC0005,1,1,11,5,0,5,13
2024-02-27,FAC0252,5,2,54,42,4,6,11
2023-06-17,FAC0098,0,2,25,11,1,10,9
2024-06-03,FAC0137,0,0,10,11,0,5,8
2024-07-24,FAC0077,0,1,4,6,0,6,9
2024-02-12,FAC0250,3,2,13,8,1,6,10
2023-12-31,FAC0039,2,0,18,12,1,3,14
2023-10-05,FAC0153,0,0,31,5,0,1,7
2024-10-12,FAC0032,0,0,10,3,0,11,9
2024-07-13,FAC0107,7,8,56,20,4,5,16
2023-01-07,FAC0176,2,0,22,3,0,11,11
2024-09-06,FAC0266,4,5,81,15,0,7,9
2023-05-25,FAC0017,45,2,151,264,5,3,12
2024-02-24,FAC0104,3,0,19,23,0,11,9
2024-12-01,FAC0127,5,3,28,25,1,8,11
2024-08-13,FAC0052,1,0,7,8,0,7,23
2023-07-27,FAC0207,4,2,25,10,1,9,8
2023-07-08,FAC0206,2,0,8,17,0,4,13
2024-06-10,FAC0102,0,0,4,9,1,3,15
2024-05-14,FAC0037,5,10,114,57,1,6,19
2024-02-12,FAC0224,0,1,4,8,1,8,15
2024-05-07,FAC0218,1,0,5,6,1,10,15
2023-01-20,FAC0118,2,4,28,10,0,3,11
2023-02-15,FAC0014,6,0,26,18,0,2,16
2023-10-05,FAC0290,4,2,14,15,0,12,9
2024-10-11,FAC0083,2,1,18,3,0,6,14
2024-11-18,FAC0257,2,0,13,10,0,2,10
2023-09-06,FAC0295,2,0,9,5,0,6,14
2024-08-11,FAC0208,2,2,24,15,1,3,10
2023-01-14,FAC0078,3,1,25,3,1,4,7
2024-05-11,FAC0151,5,7,28,38,2,1,12
2023-06-08,FAC0100,18,25,194,82,3,7,25
2024-02-29,FAC0183,4,0,11,17,2,3,11
2023-06-19,FAC0225,1,3,26,4,1,3,14
2023-08-16,FAC0066,15,20,202,160,2,4,11
2024-01-29,FAC0234,1,0,9,2,2,2,5
2023-03-06,FAC0124,4,8,158,102,3,2,18
2023-07-21,FAC0141,6,4,15,34,0,7,11
2023-03-17,FAC0294,4,2,19,9,0,10,12
2023-01-17,FAC0126,4,2,28,9,1,3,19
2023-04-22,FAC0228,1,1,18,6,0,6,13
2024-11-19,FAC0225,2,1,21,9,0,5,13
2023-08-12,FAC0114,4,3,18,18,2,3,10
2023-02-23,FAC0271,0,1,14,7,1,6,17
2023-10-16,FAC0231,0,0,3,8,0,2,14
2024-04-04,FAC0173,0,0,19,3,0,5,12
2023-03-14,FAC0213,2,1,9,18,1,4,14
2024-12-29,FAC0052,2,0,12,3,0,9,26
2024-08-29,FAC0268,2,3,28,15,1,2,12
2023-07-18,FAC0134,3,2,14,9,1,1,6
2024-05-19,FAC0151,7,3,29,37,2,3,7
2023-01-29,FAC0211,1,0,4,8,0,4,20
2024-09-27,FAC0224,0,1,4,8,0,8,8
2023-05-24,FAC0054,45,25,181,307,3,7,16
2023-03-31,FAC0207,2,2,14,21,1,5,12
2023-12-15,FAC0147,6,0,15,26,0,5,13
2024-11-24,FAC0174,6,2,83,69,0,1,8
2024-06-10,FAC0077,1,1,9,1,1,8,13
2024-04-15,FAC0151,9,5,29,37,1,1,13
2024-12-18,FAC0258,8,3,25,31,0,4,9
2024-05-24,FAC0221,25,2,134,186,3,5,7
2024-01-20,FAC0233,0,1,6,2,0,10,19
2024-11-04,FAC0053,2,0,7,8,1,3,16
2023-06-07,FAC0160,4,3,15,21,0,2,5
2024-10-10,FAC0087,0,2,8,9,0,4,8
2024-08-31,FAC0240,1,1,9,7,1,6,8
2023-12-09,FAC0196,4,2,12,17,1,5,17
2024-03-11,FAC0042,2,1,16,6,0,4,14
2024-08-17,FAC0089,7,4,56,5,1,4,14
2023-03-25,FAC0130,1,1,17,7,0,8,17
2023-01-09,FAC0250,2,0,9,12,2,8,12
2023-04-06,FAC0036,2,0,10,6,1,4,9
2024-07-21,FAC0297,1,1,19,2,0,4,9
2024-03-22,FAC0115,1,0,42,17,2,7,15
2023-06-24,FAC0089,0,4,38,23,1,4,13
2024-09-24,FAC0229,3,0,18,5,1,8,7
2024-11-14,FAC0273,1,0,12,19,0,6,8
2023-12-25,FAC0181,3,1,19,28,0,6,10
2024-10-30,FAC0145,3,4,24,10,1,9,6
2023-05-08,FAC0189,1,0,6,8,0,5,16
2023-05-15,FAC0180,4,21,167,11,4,4,14
2024-12-27,FAC0106,1,4,25,15,0,6,7
2024-04-27,FAC0140,3,3,27,5,0,5,18
2023-08-28,FAC0039,2,1,10,20,0,2,19
2024-03-23,FAC0193,2,2,14,10,1,9,11
2024-04-15,FAC0096,2,2,31,3,1,6,11
2023-07-06,FAC0066,51,4,196,166,3,4,14
2024-02-15,FAC0033,2,4,22,40,1,5,20
2024-04-15,FAC0137,2,2,9,12,1,5,12
2024-10-01,FAC0007,4,1,35,13,0,5,10
2024-12-29,FAC0191,7,0,21,28,0,6,11
2023-05-15,FAC0107,11,5,38,38,0,7,14
2023-08-10,FAC0106,2,0,30,10,2,6,9
2024-10-29,FAC0136,0,0,27,8,0,5,13
2024-08-27,FAC0273,0,2,10,21,1,3,9
2024-06-08,FAC0210,3,2,36,14,1,3,11
2023-02-27,FAC0260,3,3,32,12,2,3,14
2023-07-14,FAC0293,2,0,21,3,0,8,23
2024-08-28,FAC0196,3,0,11,18,0,8,10
2023-08-27,FAC0059,2,1,34,2,1,5,6
2023-11-15,FAC0180,7,5,54,124,1,2,12
2023-04-10,FAC0012,0,1,6,4,0,6,14
2024-07-31,FAC0084,3,3,19,12,2,4,6
2024-07-12,FAC0198,0,0,13,5,1,5,12
2024-01-15,FAC0047,1,0,2,4,0,5,11
2024-08-29,FAC0266,7,2,56,40,0,6,12
2023-01-05,FAC0221,26,37,280,40,2,3,9
2023-02-10,FAC0005,0,0,7,9,0,7,15
2024-11-27,FAC0084,0,0,22,9,1,2,7
2023-02-18,FAC0065,1,9,63,22,2,7,18
2024-12-21,FAC0279,5,11,59,39,3,2,14
2023-02-07,FAC0009,0,0,18,12,2,5,12
2024-07-22,FAC0051,37,21,153,327,6,7,10
2024-12-11,FAC0158,64,49,149,298,3,2,6
2023-06-22,FAC0215,3,1,27,13,3,3,13
2024-04-02,FAC0102,0,1,4,9,1,2,11
2024-06-22,FAC0126,5,4,20,17,1,5,12
2024-12-02,FAC0005,1,0,6,10,0,10,9
2023-10-30,FAC0058,0,0,5,10,0,4,8
2024-03-16,FAC0075,1,0,6,6,1,10,11
2023-04-26,FAC0034,1,1,7,3,1,7,9
2023-12-19,FAC0225,0,1,26,4,0,6,13
2024-04-03,FAC0205,0,9,74,8,2,4,14
2023-10-30,FAC0185,21,24,137,117,4,10,18
2023-01-16,FAC0192,9,20,237,73,0,8,15
2023-07-12,FAC0238,10,3,69,8,0,5,12
2024-08-24,FAC0165,24,12,189,103,0,1,13
2024-12-24,FAC0076,3,3,13,24,0,10,10
2023-04-23,FAC0062,2,1,16,6,1,4,8
2023-06-23,FAC0194,6,1,28,19,2,8,20
2023-06-20,FAC0147,6,3,15,26,2,5,15
2023-06-24,FAC0129,6,3,26,14,0,4,14
2024-02-11,FAC0164,2,0,10,4,1,6,16
2024-04-10,FAC0145,4,1,28,6,0,8,11
2024-07-06,FAC0228,3,0,13,11,0,10,20
2023-03-15,FAC0218,0,0,7,4,1,8,12
2023-09-14,FAC0095,0,0,26,14,1,5,8
2023-08-20,FAC0032,0,1,4,9,0,6,7
2023-02-03,FAC0181,5,1,27,20,0,3,10
2023-10-19,FAC0191,5,0,29,20,0,5,10
2023-06-14,FAC0300,3,1,17,7,1,2,13
2024-04-29,FAC0252,12,5,57,39,4,6,10
2023-11-06,FAC0191,7,0,29,20,1,6,10
2023-11-03,FAC0060,3,13,40,88,4,7,10
2024-08-14,FAC0128,6,5,29,28,3,12,11
2023-03-13,FAC0229,1,1,13,10,0,4,9
2024-08-04,FAC0012,0,1,4,6,1,4,15
2023-07-27,FAC0079,2,2,12,5,0,10,24
2023-09-29,FAC0013,3,0,14,7,0,4,10
2024-03-13,FAC0109,3,2,9,15,1,3,6
2023-11-27,FAC0105,1,3,17,13,1,4,31
2023-08-29,FAC0202,1,1,24,43,3,6,15
2024-09-21,FAC0240,0,1,5,11,0,8,12
2023-01-18,FAC0109,2,2,21,3,1,4,7
2024-07-07,FAC0138,0,1,3,6,1,6,11
2024-06-18,FAC0061,6,2,18,26,2,11,21
2024-11-09,FAC0175,3,1,16,22,1,5,7
2024-04-11,FAC0190,12,9,27,54,2,8,12
2024-03-29,FAC0057,0,1,5,6,0,5,9
2023-12-31,FAC0179,6,4,16,27,1,9,15
2023-06-24,FAC0093,31,13,225,78,1,5,18
2024-05-09,FAC0238,9,7,61,16,3,6,12
2023-06-23,FAC0138,1,0,8,1,0,5,16
2024-04-23,FAC0240,2,0,7,9,0,8,15
2024-11-07,FAC0091,0,4,12,26,2,6,13
2024-08-26,FAC0082,2,2,9,14,1,3,11
2023-12-18,FAC0159,5,2,27,14,0,5,16
2024-09-24,FAC0063,4,0,27,5,2,5,16
2023-01-02,FAC0013,2,0,16,5,1,2,10
2023-04-20,FAC0102,1,1,4,9,0,2,14
2023-02-24,FAC0115,0,7,51,8,1,7,9
2023-02-27,FAC0194,4,3,20,27,1,5,19
2024-05-04,FAC0022,0,1,16,2,1,4,14
2023-04-04,FAC0200,3,3,13,16,1,5,18
2023-01-02,FAC0134,3,2,21,2,1,1,11
2023-12-30,FAC0287,3,4,25,11,1,2,13
2024-05-25,FAC0207,0,3,15,20,1,9,13
2023-03-15,FAC0296,31,7,376,23,7,7,12
2024-08-10,FAC0144,3,2,22,6,0,6,13
2024-10-13,FAC0213,1,1,24,3,0,5,12
2024-07-07,FAC0183,4,3,16,12,2,3,13
2024-01-08,FAC0097,9,7,47,39,1,8,9
2024-08-23,FAC0264,2,4,32,41,2,2,9
2024-01-17,FAC0197,5,4,31,7,1,9,11
2023-09-03,FAC0153,1,0,29,7,3,1,14
2023-08-14,FAC0149,0,0,8,4,2,4,19
2024-02-08,FAC0224,0,1,4,8,0,5,16
2024-10-17,FAC0079,0,0,6,11,0,6,15
2024-08-25,FAC0143,10,6,41,53,2,5,15
2023-04-26,FAC0140,4,3,27,5,0,7,10
2024-08-05,FAC0136,4,1,12,23,1,3,14
2024-10-31,FAC0237,4,2,11,18,0,4,10
2023-03-22,FAC0088,1,2,34,5,0,9,6
2024-10-31,FAC0183,4,2,23,5,1,1,13
2024-03-04,FAC0233,0,1,6,2,0,7,13
2023-06-26,FAC0069,0,1,12,2,1,3,11
2024-09-29,FAC0058,2,1,4,11,0,3,6
2023-08-19,FAC0159,1,4,21,20,0,6,10
2023-03-03,FAC0041,1,1,5,3,1,2,14
2024-08-05,FAC0065,8,8,59,26,1,7,14
2024-05-06,FAC0204,0,0,5,1,1,8,13
2024-03-01,FAC0279,8,10,46,52,0,2,14
2023-09-30,FAC0044,4,4,17,19,0,3,18
2024-03-10,FAC0155,7,0,33,30,2,3,16
2024-09-27,FAC0258,2,0,47,9,1,4,13
2024-03-14,FAC0084,2,3,28,3,1,2,6
2023-03-18,FAC0205,9,2,34,48,1,7,16
2024-10-18,FAC0215,1,3,15,25,0,5,13
2024-07-10,FAC0293,2,2,21,3,1,8,15
2023-09-25,FAC0117,1,2,8,10,2,6,20
2024-10-20,FAC0044,3,4,25,11,1,6,21
2024-01-02,FAC0109,1,1,15,9,0,3,8
2023-07-31,FAC0164,2,0,10,4,1,4,13
2023-10-25,FAC0087,2,2,9,8,1,4,11
2024-09-09,FAC0297,0,0,8,13,1,3,5
2023-08-01,FAC0164,0,0,10,4,1,4,10
2023-03-06,FAC0182,2,0,19,6,1,6,12
2024-06-12,FAC0083,0,2,11,10,0,7,10
2024-07-24,FAC0298,1,2,5,14,1,2,19
2024-10-08,FAC0053,1,1,10,5,0,3,11
2024-05-20,FAC0038,4,0,40,24,1,4,11
2023-06-06,FAC0214,0,1,8,11,0,6,6
2023-02-26,FAC0212,3,3,23,32,7,7,11
2023-10-20,FAC0233,0,1,5,3,1,11,13
2023-11-30,FAC0008,2,2,17,7,0,2,10
2023-07-15,FAC0258,7,3,51,5,1,5,15
2023-04-04,FAC0297,1,0,12,9,0,7,8
2023-06-08,FAC0062,2,2,10,12,0,4,11
2024-12-07,FAC0124,13,24,144,116,8,3,18
2023-11-01,FAC0067,2,1,19,8,0,4,19
2023-03-26,FAC0116,9,19,112,66,1,10,16
2024-08-18,FAC0241,2,1,4,11,1,6,14
2024-08-15,FAC0011,1,1,10,9,0,7,9
2023-05-30,FAC0252,4,7,44,52,0,8,18
2024-02-02,FAC0118,4,0,21,17,0,4,15
2023-07-21,FAC0205,11,1,56,26,0,9,10
2024-12-02,FAC0033,0,3,23,39,1,3,19
2024-06-27,FAC0132,0,1,14,15,0,7,5
2024-12-08,FAC0287,4,0,28,8,3,1,7
2023-02-08,FAC0056,0,0,20,8,0,4,12
2024-10-18,FAC0256,2,3,24,4,0,5,14
2024-05-31,FAC0015,4,17,69,103,0,8,10
2023-06-05,FAC0186,1,1,11,5,2,6,9
2024-09-11,FAC0179,6,1,22,21,0,9,14
2023-10-18,FAC0067,2,1,13,14,0,3,14
2024-05-19,FAC0125,3,1,8,15,1,8,15
2023-07-17,FAC0140,4,3,17,15,0,9,14
2023-08-14,FAC0092,43,8,231,111,0,4,8
2023-10-01,FAC0230,3,3,25,10,1,3,15
2024-09-11,FAC0292,2,2,15,8,0,3,13
2023-10-27,FAC0151,9,1,29,37,4,1,10
2024-10-06,FAC0133,6,2,49,10,2,4,10
2023-10-13,FAC0108,4,0,24,10,2,2,14
2024-10-01,FAC0157,4,3,13,17,0,5,13
2024-06-07,FAC0243,39,21,90,203,1,8,14
2024-08-19,FAC0156,10,6,60,40,4,6,8
2024-09-29,FAC0240,1,1,12,4,0,4,15
2023-08-15,FAC0116,20,3,120,58,1,10,14
2024-07-02,FAC0159,4,2,26,15,1,6,8
2023-05-04,FAC0244,1,1,7,4,1,8,16
2024-05-04,FAC0103,7,7,19,40,2,3,11
2023-12-08,FAC0133,0,3,30,29,2,2,9
2023-02-12,FAC0148,0,0,3,8,0,4,9
2023-07-03,FAC0150,1,1,26,4,0,1,18
2024-04-11,FAC0296,15,27,176,223,6,5,16
2023-10-07,FAC0271,1,0,18,3,1,4,9
2024-06-23,FAC0286,1,0,13,5,0,1,6
2023-07-22,FAC0288,2,0,21,2,1,4,10
2023-03-27,FAC0031,41,2,141,250,0,1,15
2024-09-02,FAC0021,2,2,15,4,1,4,18
2024-03-12,FAC0223,3,0,10,22,0,5,12
2023-06-01,FAC0153,3,4,29,7,1,1,12
2024-08-08,FAC0123,4,1,17,24,0,2,8
2023-08-12,FAC0222,1,1,26,33,3,7,20
2024-03-21,FAC0245,4,2,26,18,0,1,24
2024-05-20,FAC0132,0,1,22,7,0,6,10
2023-07-06,FAC0157,3,1,9,21,0,6,13
2023-01-02,FAC0123,0,0,28,13,0,3,11
2024-06-11,FAC0095,2,1,19,21,3,5,12
2024-03-31,FAC0220,34,12,225,20,0,2,11
2023-09-22,FAC0138,1,1,6,3,1,3,12
2023-07-03,FAC0196,4,0,23,6,0,6,13
2024-05-09,FAC0183,4,3,14,14,0,3,8
2023-11-21,FAC0279,10,9,85,13,0,4,16
2023-01-02,FAC0230,2,4,14,21,0,5,19
2023-07-06,FAC0071,1,0,7,4,1,6,16
2023-03-23,FAC0026,1,0,12,1,2,4,11
2023-01-22,FAC0278,1,6,101,56,3,5,9
2024-11-07,FAC0059,2,0,18,18,2,5,7
2023-12-28,FAC0251,0,0,19,5,0,8,8
2024-11-16,FAC0016,2,0,15,3,0,4,19
2024-07-11,FAC0226,2,5,38,7,0,3,13
2023-08-16,FAC0133,6,2,41,18,0,3,12
2024-05-26,FAC0249,2,0,9,21,1,2,13
2024-06-10,FAC0255,3,3,30,7,1,6,14
2023-09-05,FAC0150,4,1,9,21,0,3,18
2024-10-18,FAC0217,5,7,59,36,0,5,11
2024-10-17,FAC0016,0,1,6,12,2,5,15
2024-09-29,FAC0179,3,4,28,15,2,7,7
2023-03-01,FAC0223,3,0,23,9,1,7,8
2023-05-07,FAC0236,3,2,25,3,1,3,9
2024-12-26,FAC0066,28,40,283,79,0,8,11
2024-05-18,FAC0002,1,3,16,26,1,5,9
2024-12-24,FAC0074,0,0,7,1,1,2,11
2024-08-19,FAC0121,1,1,18,27,1,2,9
2024-03-31,FAC0150,3,2,9,21,0,3,13
2023-04-20,FAC0205,12,4,29,53,0,4,16
2023-03-30,FAC0248,10,0,27,40,2,6,6
2023-10-25,FAC0069,1,0,4,10,1,4,7
2024-01-15,FAC0162,9,6,20,40,0,6,9
2023-11-22,FAC0274,1,3,32,60,1,4,16
2023-07-15,FAC0228,1,0,16,8,0,10,19
2024-06-16,FAC0238,2,1,38,39,0,3,8
2023-04-27,FAC0232,10,12,78,22,1,2,13
2024-05-21,FAC0078,2,0,21,7,2,4,9
2023-10-25,FAC0182,1,0,8,17,1,7,11
2024-03-18,FAC0243,2,13,257,36,1,6,13
2024-04-28,FAC0142,30,39,301,58,8,2,9
2024-10-20,FAC0280,47,10,375,59,1,4,11
2024-11-01,FAC0151,5,2,40,26,2,2,12
2023-04-19,FAC0076,4,0,24,13,1,6,9
2024-10-20,FAC0131,3,0,34,7,2,3,9
2023-11-07,FAC0044,5,2,16,20,0,6,18
2024-06-25,FAC0217,12,10,89,6,0,8,16
2024-06-07,FAC0157,4,0,9,21,0,6,12
2023-02-04,FAC0153,5,0,28,8,1,1,13
2023-12-19,FAC0079,2,1,10,7,0,9,21
2024-10-14,FAC0021,0,2,7,12,1,4,17
2023-06-03,FAC0084,1,2,12,19,2,3,5
2023-12-11,FAC0124,29,15,228,32,4,3,15
2024-01-20,FAC0249,4,0,10,20,0,2,18
2023-07-06,FAC0176,3,3,17,8,1,6,9
2023-03-12,FAC0248,0,7,60,7,1,12,5
2023-03-15,FAC0130,1,2,18,6,0,6,19
2024-01-09,FAC0070,28,20,170,18,3,1,19
2024-02-20,FAC0128,2,4,47,10,2,11,9
2023-01-02,FAC0048,6,3,31,10,1,7,12
2023-02-16,FAC0189,0,0,9,5,1,4,11
2024-01-22,FAC0292,2,0,21,2,1,6,8
2024-05-25,FAC0299,1,3,15,14,2,7,17
2024-04-10,FAC0080,1,0,11,3,1,5,8
2024-08-26,FAC0160,2,2,21,15,1,4,9
2023-11-26,FAC0238,7,6,26,51,4,6,14
2023-03-31,FAC0054,70,32,448,40,7,3,21
2023-08-28,FAC0177,1,3,28,10,1,4,11
2024-09-05,FAC0162,6,4,18,42,1,9,16
2024-01-01,FAC0021,1,0,8,11,1,7,19
2023-09-02,FAC0284,5,0,75,140,1,2,14
2023-12-22,FAC0001,1,0,18,6,1,5,6
2024-08-28,FAC0004,0,1,18,6,1,7,17
2024-12-12,FAC0277,2,1,7,7,0,5,14
2023-02-03,FAC0173,1,2,14,8,1,4,13
2023-03-21,FAC0249,3,3,21,9,1,2,10
2023-04-05,FAC0173,3,0,9,13,0,3,13
2023-04-28,FAC0042,0,1,9,13,1,2,13
2023-12-24,FAC0210,4,6,28,22,1,3,7
2023-05-17,FAC0107,4,3,54,22,2,4,20
2023-01-31,FAC0054,22,58,256,232,3,6,14
2023-12-25,FAC0084,0,0,25,6,2,3,8
2023-10-16,FAC0266,11,5,83,13,1,6,9
2023-05-19,FAC0025,0,3,24,2,0,1,27
2024-02-28,FAC0250,3,0,9,12,1,9,9
2024-03-22,FAC0178,1,1,11,8,0,3,7
2024-03-29,FAC0002,6,5,38,4,0,2,13
2024-03-24,FAC0057,0,0,5,6,2,5,17
2023-09-28,FAC0070,24,20,173,15,0,1,18
2024-12-18,FAC0006,27,7,120,124,4,6,13
2024-03-15,FAC0046,1,1,7,8,2,2,6
2023-07-17,FAC0180,8,12,88,90,9,4,11
2023-09-17,FAC0096,3,4,29,5,1,5,11
2024-02-23,FAC0155,1,5,29,34,2,6,13
2023-05-11,FAC0012,0,0,5,5,1,5,20
2023-01-22,FAC0215,3,0,30,10,0,6,16
2023-07-22,FAC0062,3,2,19,3,0,5,6
2023-03-27,FAC0001,2,0,11,13,1,5,10
2023-01-09,FAC0210,5,5,19,31,0,5,8
2024-04-13,FAC0139,8,2,21,50,1,4,16
2023-05-16,FAC0229,0,2,17,6,0,8,15
2023-02-22,FAC0132,4,1,14,15,0,6,8
2024-03-04,FAC0218,0,1,5,6,0,5,11
2024-11-14,FAC0133,3,2,24,35,3,2,15
2024-05-08,FAC0269,2,0,21,3,0,4,11
2023-07-16,FAC0054,21,22,147,341,7,4,12
2023-08-23,FAC0085,0,1,3,5,1,2,9
2024-07-03,FAC0083,3,2,19,2,0,6,7
2023-01-21,FAC0010,0,0,10,3,1,3,13
2023-04-03,FAC0207,1,2,19,16,1,7,9
2024-11-06,FAC0197,4,2,11,27,1,9,14
2023-04-21,FAC0009,4,1,12,18,2,5,21
2023-03-16,FAC0086,11,27,228,87,4,3,13
2024-06-12,FAC0019,3,3,10,21,0,6,13
2024-07-22,FAC0292,0,1,15,8,1,3,15
2024-06-20,FAC0213,1,1,10,17,0,6,10
2024-03-13,FAC0084,4,3,22,9,2,4,9
2024-05-07,FAC0198,1,1,7,11,0,4,11
2024-03-04,FAC0269,3,2,7,17,0,4,11
2023-05-27,FAC0035,2,2,9,13,1,5,7
2023-11-22,FAC0002,1,0,27,15,1,5,12
2024-04-13,FAC0216,1,1,6,5,1,6,10
2023-12-02,FAC0089,6,6,50,11,1,5,9
2024-08-31,FAC0028,6,0,14,32,1,9,11
2024-06-08,FAC0016,1,1,8,10,0,6,10
2023-12-20,FAC0232,13,5,32,68,0,1,10
2024-10-26,FAC0100,33,11,103,173,3,5,19
2023-09-04,FAC0021,1,1,16,3,0,6,16
2023-07-29,FAC0189,0,1,5,9,1,3,18
2024-01-01,FAC0197,5,4,16,22,0,9,8
2024-04-05,FAC0033,8,0,28,34,1,3,16
2024-01-06,FAC0220,18,17,220,25,1,2,13
2023-04-05,FAC0287,4,2,16,20,0,1,15
2024-01-11,FAC0189,2,1,5,9,0,4,15
2023-10-10,FAC0180,12,4,167,11,8,3,10
2023-06-21,FAC0017,28,26,336,79,5,2,12
2023-06-04,FAC0136,5,2,18,17,1,6,12
2024-01-11,FAC0202,10,5,53,14,2,6,8
2024-02-18,FAC0279,8,8,65,33,0,3,9
2023-11-10,FAC0033,5,6,36,26,1,4,13
2023-01-12,FAC0194,3,3,32,15,2,4,21
2024-08-27,FAC0210,2,4,25,25,1,2,7
2023-11-08,FAC0167,7,3,57,7,0,3,10
2024-02-17,FAC0281,30,10,253,221,5,4,14
2024-10-01,FAC0294,4,2,12,16,1,9,8
2023-02-18,FAC0035,1,0,14,8,1,4,15
2023-01-10,FAC0066,14,24,185,177,1,5,12
2024-03-29,FAC0267,5,7,74,6,1,4,11
2024-02-26,FAC0234,1,0,9,2,0,2,4
2024-11-13,FAC0298,1,1,8,11,1,1,16
2023-02-06,FAC0095,4,1,14,26,1,3,15
2023-11-23,FAC0017,40,5,353,62,2,2,14
2024-08-25,FAC0096,4,2,27,7,1,6,8
2023-12-27,FAC0234,0,1,6,5,0,1,5
2023-08-03,FAC0291,2,0,16,22,0,6,12
2024-08-12,FAC0294,4,0,20,8,0,8,11
2023-12-27,FAC0155,5,1,46,17,2,3,13
2023-09-01,FAC0049,4,1,83,6,1,4,11
2023-10-06,FAC0256,2,1,26,2,1,4,20
2023-02-16,FAC0073,1,1,6,2,1,5,13
2023-06-06,FAC0203,8,1,86,12,3,11,13
2023-01-28,FAC0065,10,6,65,20,2,7,11
2024-12-03,FAC0277,1,0,8,6,0,3,18
2024-05-07,FAC0300,0,2,22,2,0,4,9
2024-04-20,FAC0138,1,1,3,6,1,4,16
2024-07-20,FAC0113,0,0,6,7,1,8,14
2023-10-31,FAC0145,0,3,15,19,0,7,10
2023-06-28,FAC0163,3,2,9,20,1,4,20
2024-03-19,FAC0283,0,4,18,21,0,7,13
2023-04-17,FAC0242,0,0,12,3,0,5,17
2023-12-05,FAC0044,4,4,31,5,1,6,22
2024-10-11,FAC0095,4,3,12,28,2,6,11
2023-06-01,FAC0109,2,1,8,16,1,2,6
2023-07-19,FAC0189,1,1,6,8,0,5,14
2024-06-13,FAC0095,0,3,20,20,2,6,13
2024-06-01,FAC0046,2,1,11,4,0,4,7
2023-07-31,FAC0028,6,5,34,12,1,9,22
2023-09-27,FAC0183,4,0,25,3,0,3,8
2023-02-19,FAC0146,1,1,6,3,0,3,10
2023-06-24,FAC0112,3,2,12,11,1,5,16
2024-12-05,FAC0279,5,4,32,66,0,5,10
2023-04-05,FAC0157,1,3,21,9,0,8,10
2023-03-29,FAC0179,3,4,19,24,0,5,8
2023-09-13,FAC0032,0,1,9,4,0,11,10
2023-08-04,FAC0288,0,0,12,11,1,3,9
2024-01-08,FAC0291,3,4,18,20,1,4,11
2024-01-29,FAC0240,2,0,7,9,0,4,10
2023-07-31,FAC0273,2,3,26,5,0,4,9
2023-11-20,FAC0125,0,2,12,11,1,4,11
2024-10-04,FAC0013,1,2,13,8,0,5,15
2024-11-13,FAC0081,1,4,20,18,0,7,9
2023-03-26,FAC0146,0,1,8,1,1,3,14
2023-06-26,FAC0226,4,5,29,16,0,4,10
2024-06-26,FAC0249,4,0,20,10,0,3,17
2024-05-22,FAC0181,4,3,38,9,0,5,12
2024-02-07,FAC0153,1,4,27,9,2,1,11
2024-06-25,FAC0046,1,0,9,6,1,3,12
2024-11-14,FAC0110,5,1,24,17,0,10,15
2023-11-26,FAC0227,26,50,159,293,6,6,16
2023-09-06,FAC0142,9,37,290,69,5,2,15
2023-05-01,FAC0233,1,0,6,2,1,10,13
2023-11-24,FAC0140,3,2,11,21,0,8,10
2024-08-28,FAC0211,0,1,6,6,1,7,12
2024-10-02,FAC0300,1,0,22,2,0,4,11
2023-01-08,FAC0153,5,0,30,6,4,1,10
2023-11-30,FAC0193,1,0,16,8,1,8,8
2024-08-12,FAC0274,6,6,28,64,1,7,13
2023-04-06,FAC0240,2,1,14,2,0,8,14
2023-11-19,FAC0210,4,6,39,11,0,2,6
2024-09-09,FAC0091,5,3,35,3,1,6,9
2024-07-13,FAC0166,1,1,11,6,1,6,14
2023-05-03,FAC0209,1,3,18,7,0,4,19
2023-04-10,FAC0183,2,3,10,18,1,1,8
2024-02-26,FAC0097,5,4,64,22,0,7,14
2023-03-22,FAC0102,0,1,9,4,1,3,11
2023-09-01,FAC0138,0,1,3,6,0,6,16
2024-06-08,FAC0106,2,1,27,13,2,3,8
2024-01-07,FAC0161,0,1,7,4,0,7,12
2023-01-19,FAC0017,12,48,212,203,5,2,16
2024-09-16,FAC0287,5,4,17,19,2,2,14
2024-08-19,FAC0091,5,2,35,3,0,5,12
2023-03-04,FAC0276,4,0,24,9,0,7,14
2024-04-03,FAC0194,5,3,26,21,2,8,18
2024-12-22,FAC0066,3,23,327,35,0,8,16
2023-04-09,FAC0065,8,1,28,57,1,4,11
2024-02-03,FAC0191,4,4,32,17,1,3,8
2023-03-18,FAC0050,6,4,39,10,2,5,8
2023-08-27,FAC0172,1,4,38,5,0,5,8
2023-11-08,FAC0165,33,8,115,177,0,1,10
2024-07-09,FAC0165,3,12,215,77,1,1,15
2024-02-27,FAC0002,4,2,23,19,0,3,12
2023-10-30,FAC0057,1,1,8,3,2,9,13
2023-10-17,FAC0207,0,2,14,21,1,6,13
2024-08-02,FAC0138,0,1,6,3,0,6,17
2024-11-03,FAC0013,2,0,12,9,0,5,9
2023-08-17,FAC0054,43,24,187,301,0,7,14
2023-12-17,FAC0180,19,1,95,83,9,2,9
2023-01-14,FAC0166,2,0,13,4,0,6,15
2024-01-06,FAC0023,10,6,40,59,1,7,5
2024-05-27,FAC0034,0,0,5,5,0,5,16
2024-01-12,FAC0242,1,1,13,2,0,6,15
2023-09-10,FAC0054,39,54,195,293,0,3,11
2023-09-26,FAC0100,39,0,211,65,6,7,15
2023-03-22,FAC0282,4,3,22,13,0,2,19
2023-03-28,FAC0275,1,0,11,18,0,10,15
2023-11-23,FAC0300,0,2,17,7,0,3,11
2024-04-20,FAC0201,5,6,54,11,1,4,8
2023-08-03,FAC0081,5,3,21,17,1,5,9
2024-11-13,FAC0196,2,1,25,4,1,6,15
2024-11-10,FAC0243,26,4,212,81,1,5,14
2024-07-12,FAC0023,3,5,72,27,1,8,7
2024-09-09,FAC0215,3,4,36,4,4,3,13
2024-11-07,FAC0290,4,1,25,4,1,12,9
2024-09-01,FAC0096,4,3,22,12,1,6,10
2023-05-09,FAC0042,0,2,20,2,1,2,16
2023-05-25,FAC0106,3,1,19,21,0,6,6
2023-07-09,FAC0190,2,8,67,14,1,6,17
2024-08-01,FAC0126,3,4,34,3,0,7,22
2023-12-19,FAC0004,0,1,11,13,1,5,28
2023-01-24,FAC0059,1,1,15,21,2,5,8
2024-01-08,FAC0256,1,3,18,10,1,5,19
2023-09-12,FAC0008,2,2,20,4,0,3,10
2024-06-07,FAC0261,0,2,32,3,2,3,9
2024-12-14,FAC0276,0,3,19,14,1,7,11
2023-04-04,FAC0085,0,0,5,3,1,4,11
2023-04-06,FAC0021,2,2,9,10,0,5,9
2024-01-30,FAC0275,0,2,16,13,0,6,9
2023-03-19,FAC0254,0,1,11,5,2,4,11
2024-09-30,FAC0046,2,0,12,3,1,3,9
2023-11-24,FAC0279,0,2,56,42,1,4,15
2023-09-06,FAC0052,1,0,10,5,1,11,13
2024-11-22,FAC0284,17,5,76,139,7,2,13
2023-11-05,FAC0149,0,1,10,2,2,6,17
2023-08-25,FAC0191,2,3,30,19,0,3,12
2023-10-06,FAC0230,5,0,17,18,0,5,14
2024-08-12,FAC0150,4,1,18,12,1,2,15
2023-12-30,FAC0112,2,1,10,13,1,3,11
2024-12-30,FAC0173,2,2,7,15,0,2,14
2024-01-20,FAC0069,1,0,13,1,1,2,7
2023-04-23,FAC0260,0,1,30,14,0,3,18
2024-07-26,FAC0056,3,1,25,3,0,8,8
2023-02-05,FAC0130,2,1,19,5,0,5,13
2023-07-26,FAC0210,6,6,26,24,2,2,7
2023-08-17,FAC0142,20,31,261,98,10,2,13
2024-10-18,FAC0272,1,2,7,15,1,5,14
2024-04-30,FAC0296,5,28,189,210,6,7,11
2023-03-31,FAC0117,2,1,14,4,0,4,11
2024-04-25,FAC0042,3,1,6,16,1,4,11
2023-11-26,FAC0018,0,0,4,7,0,8,18
2024-12-07,FAC0146,1,0,6,3,1,3,8
2023-01-19,FAC0180,8,9,138,40,0,4,16
2024-04-09,FAC0209,0,3,11,14,1,5,15
2024-09-23,FAC0001,3,2,13,11,1,3,6
2024-09-20,FAC0002,6,4,20,22,0,5,11
2024-10-11,FAC0246,1,2,32,27,1,3,16
2023-03-25,FAC0049,8,4,48,41,2,9,9
2024-07-05,FAC0261,1,1,26,9,0,3,17
2024-01-30,FAC0158,25,10,301,146,5,1,6
2024-10-09,FAC0231,1,0,4,7,1,2,12
2023-04-24,FAC0137,1,2,19,2,1,4,11
2023-02-14,FAC0072,2,3,49,19,0,8,9
2023-12-15,FAC0138,1,1,4,5,1,6,11
2024-11-28,FAC0242,0,0,11,4,2,5,13
2023-09-30,FAC0041,0,0,2,6,0,5,13
2023-08-21,FAC0097,1,7,80,6,3,10,16
2024-07-10,FAC0183,3,0,13,15,2,3,8
2023-06-03,FAC0205,9,9,51,31,2,4,10
2023-12-27,FAC0140,0,2,17,15,1,10,13
2024-02-14,FAC0277,2,0,8,6,1,3,13
2024-08-08,FAC0097,5,3,68,18,1,5,10
2024-11-26,FAC0278,2,1,129,28,5,5,17
2023-05-01,FAC0180,14,6,115,63,2,2,11
2023-06-29,FAC0069,1,1,9,5,0,2,8
2024-12-15,FAC0295,2,0,13,1,1,7,14
2023-01-08,FAC0211,0,0,7,5,1,7,20
2023-03-21,FAC0154,6,3,44,6,3,3,14
2023-04-22,FAC0016,2,1,7,11,1,5,13
2024-06-10,FAC0202,5,4,52,15,0,5,12
2023-03-12,FAC0128,1,2,52,5,1,6,9
2023-01-11,FAC0148,1,1,6,5,1,3,10
2024-11-01,FAC0088,2,3,13,26,0,8,9
2024-05-16,FAC0062,0,1,6,16,0,4,11
2024-03-22,FAC0133,1,6,25,34,3,2,9
2023-10-28,FAC0213,3,2,24,3,1,8,16
2024-05-18,FAC0263,5,4,28,12,1,3,14
2024-02-03,FAC0011,2,0,14,5,1,7,5
2023-10-26,FAC0195,1,0,7,7,1,4,7
2023-08-02,FAC0118,0,2,14,24,1,2,15
2023-01-08,FAC0015,17,16,60,112,4,10,10
2024-07-14,FAC0286,1,0,15,3,2,3,8
2024-12-31,FAC0076,3,2,29,8,0,9,12
2024-04-07,FAC0117,0,1,14,4,1,6,16
2023-12-01,FAC0164,2,1,6,8,1,4,9
2024-10-30,FAC0245,1,0,28,16,0,2,21
2023-03-07,FAC0281,69,18,217,257,7,2,11
2023-05-03,FAC0125,2,2,14,9,0,6,10
2024-01-13,FAC0124,23,20,78,182,4,4,12
2024-06-16,FAC0098,1,0,11,25,1,9,4
2024-12-31,FAC0169,5,6,82,5,2,4,13
2024-05-06,FAC0088,3,3,23,16,1,9,8
2023-11-11,FAC0207,1,0,17,18,0,8,12
2023-10-06,FAC0117,1,1,11,7,0,5,17
2023-05-10,FAC0118,1,1,11,27,1,3,15
2023-06-23,FAC0291,5,1,33,5,0,4,13
2023-05-13,FAC0100,0,28,94,182,5,4,25
2024-07-03,FAC0020,1,0,9,11,0,5,7
2023-05-16,FAC0044,2,2,16,20,2,5,16
2024-09-05,FAC0143,10,11,52,42,2,6,17
2023-04-12,FAC0005,1,0,13,3,1,5,11
2024-11-17,FAC0076,4,1,33,4,1,6,11
2023-10-14,FAC0143,8,0,76,18,0,6,10
2024-08-04,FAC0232,6,2,86,14,3,1,10
2024-05-22,FAC0288,3,0,9,14,0,7,6
2023-05-22,FAC0188,1,31,267,41,3,1,13
2023-03-30,FAC0215,1,4,21,19,2,3,13
2024-07-20,FAC0074,0,0,3,5,1,4,9
2023-02-25,FAC0139,5,0,49,22,2,2,21
2024-12-30,FAC0194,7,0,32,15,1,5,15
2023-06-13,FAC0291,2,2,16,22,1,5,15
2024-01-27,FAC0141,7,5,34,15,1,5,8
2023-11-08,FAC0130,3,1,12,12,1,4,12
2023-03-15,FAC0263,6,4,19,21,0,5,8
2024-09-22,FAC0023,0,5,82,17,1,4,5
2023-08-05,FAC0263,5,1,28,12,2,3,16
2023-05-26,FAC0045,1,4,34,3,1,4,9
2024-05-31,FAC0114,0,4,23,13,0,3,18
2024-03-16,FAC0281,67,34,277,197,8,3,11
2024-09-27,FAC0012,1,1,7,3,0,6,18
2024-06-16,FAC0015,12,1,79,93,3,9,8
2023-11-02,FAC0058,1,1,4,11,1,3,6
2024-05-31,FAC0193,3,2,9,15,1,5,10
2024-05-27,FAC0166,1,0,15,2,1,6,18
2023-10-26,FAC0270,6,4,18,31,1,2,20
2024-03-28,FAC0111,3,4,13,23,1,3,15
2023-06-14,FAC0057,1,1,6,5,2,6,16
2024-06-17,FAC0007,0,4,37,11,1,9,14
2024-05-29,FAC0032,1,1,12,1,1,7,6
2024-07-13,FAC0169,0,2,58,29,2,5,14
2024-05-19,FAC0251,0,1,17,7,1,7,7
2023-08-17,FAC0149,0,1,9,3,2,4,19
2024-11-09,FAC0167,0,7,58,6,1,1,9
2024-10-21,FAC0258,1,5,28,28,2,3,11
2024-05-24,FAC0059,3,2,18,18,2,5,12
2023-02-25,FAC0251,3,1,9,15,0,7,8
2023-11-25,FAC0249,4,2,24,6,1,2,16
2024-06-24,FAC0206,1,2,8,17,1,6,10
2024-09-15,FAC0002,3,1,30,12,0,3,6
2023-07-16,FAC0261,0,0,33,2,2,2,9
2023-03-15,FAC0017,26,2,342,73,8,2,16
2023-09-11,FAC0296,56,20,149,250,2,4,22
2024-01-02,FAC0160,1,1,15,21,1,4,6
2023-06-03,FAC0110,5,0,33,8,1,5,19
2024-09-15,FAC0250,2,1,7,14,0,7,12
2024-07-15,FAC0250,2,1,14,7,2,7,9
2023-04-04,FAC0032,1,0,10,3,0,8,13
2023-05-11,FAC0119,4,0,32,5,1,2,17
2023-02-21,FAC0287,0,4,29,7,0,1,9
2024-10-26,FAC0145,5,3,25,9,2,5,7
2024-03-26,FAC0117,0,0,6,12,2,3,14
2024-09-03,FAC0243,15,19,248,45,1,4,18
2024-10-29,FAC0127,1,1,40,13,1,4,11
2024-08-17,FAC0158,30,19,259,188,5,1,5
2024-01-26,FAC0169,0,1,72,15,0,4,10
2024-05-08,FAC0040,2,0,14,2,1,4,13
2024-09-03,FAC0124,7,30,246,14,1,2,20
2024-08-20,FAC0235,1,1,27,4,2,5,8
2024-04-24,FAC0126,4,2,33,4,1,3,20
2023-11-19,FAC0067,2,3,9,18,0,4,12
2023-08-26,FAC0012,0,1,6,4,1,5,14
2023-11-27,FAC0262,0,0,18,4,1,6,15
2024-08-02,FAC0214,1,1,5,14,2,6,7
2023-04-19,FAC0148,0,0,4,7,0,4,6
2024-08-13,FAC0288,2,1,18,5,1,4,13
2023-04-08,FAC0003,0,0,11,9,0,4,6
2024-06-04,FAC0032,0,1,10,3,1,9,11
2024-03-10,FAC0298,0,1,12,7,1,2,19
2024-10-29,FAC0272,0,1,14,8,1,6,15
2024-03-09,FAC0003,3,2,15,5,0,4,11
2023-04-04,FAC0008,0,2,11,13,2,2,11
2024-10-04,FAC0005,0,1,5,11,1,9,14
2024-06-17,FAC0198,0,1,7,11,0,6,12
2024-10-29,FAC0132,0,1,14,15,1,6,6
2024-04-11,FAC0217,14,4,66,29,0,4,13
2024-04-15,FAC0159,0,3,30,11,1,5,15
2024-12-30,FAC0250,3,0,12,9,0,7,11
2023-05-08,FAC0029,1,2,17,2,1,4,10
2024-09-19,FAC0116,17,11,76,102,3,8,8
2023-03-05,FAC0277,2,1,10,4,1,4,15
2024-12-19,FAC0094,5,1,21,36,1,2,9
2024-01-14,FAC0158,52,13,355,92,4,1,6
2024-06-16,FAC0115,1,0,39,20,0,5,17
2024-08-07,FAC0102,0,1,4,9,1,3,17
2023-11-27,FAC0242,1,0,6,9,0,6,15
2023-05-01,FAC0160,0,3,30,6,0,5,10
2023-03-23,FAC0228,2,2,18,6,1,9,16
2023-03-10,FAC0193,2,2,13,11,0,5,12
2023-10-14,FAC0216,0,0,8,3,0,8,11
2023-01-19,FAC0097,5,7,70,16,0,8,14
2024-04-09,FAC0188,45,16,281,27,3,1,13
2024-01-11,FAC0233,0,0,2,6,0,9,13
2024-12-20,FAC0225,2,1,17,13,2,3,11
2023-04-28,FAC0168,3,9,77,25,4,5,13
2023-10-01,FAC0009,2,0,9,21,0,2,16
2024-06-24,FAC0129,4,4,23,17,0,6,13
2023-11-02,FAC0107,0,4,23,53,2,4,17
2023-08-12,FAC0294,1,1,8,20,0,5,13
2024-06-22,FAC0025,0,1,18,8,1,3,23
2024-03-08,FAC0148,0,0,4,7,0,3,13
2023-07-01,FAC0049,3,8,68,21,2,9,7
2023-10-04,FAC0201,3,3,26,39,0,4,7
2023-11-10,FAC0228,1,1,20,4,1,5,11
2023-12-18,FAC0278,11,15,134,23,6,5,9
2023-07-08,FAC0123,6,3,24,17,0,2,11
2024-05-18,FAC0006,17,15,82,162,0,4,14
2024-03-02,FAC0065,10,1,40,45,2,4,9
2024-02-18,FAC0290,1,0,12,17,1,8,14
2024-03-19,FAC0170,19,12,108,128,3,9,9
2023-04-16,FAC0043,5,0,35,14,1,10,14
2024-12-21,FAC0104,3,4,29,13,1,13,10
2023-04-15,FAC0055,26,30,153,279,1,9,15
2023-10-14,FAC0044,0,1,23,13,1,5,19
2024-10-21,FAC0277,0,0,10,4,1,5,17
2023-05-03,FAC0276,0,2,16,17,0,4,13
2023-04-24,FAC0259,2,1,11,8,1,3,17
2024-06-11,FAC0152,39,18,196,79,4,5,14
2023-05-05,FAC0185,2,16,76,178,3,10,18
2023-04-04,FAC0261,4,2,19,16,4,4,15
2023-02-15,FAC0250,1,1,18,3,0,7,11
2024-03-09,FAC0258,8,6,50,6,2,7,12
2024-08-28,FAC0078,3,3,21,7,0,3,14
2023-10-04,FAC0126,2,2,11,26,1,4,14
2023-03-18,FAC0004,3,2,10,14,0,6,28
2023-06-25,FAC0197,3,4,17,21,0,9,14
2023-03-02,FAC0090,0,3,18,12,1,4,9
2023-11-14,FAC0047,0,0,3,3,0,3,13
2024-09-14,FAC0096,2,1,22,12,1,5,10
2023-05-08,FAC0197,5,1,32,6,2,8,14
2023-04-13,FAC0232,5,6,49,51,0,2,9
2023-06-16,FAC0217,10,6,30,65,1,9,20
2024-07-02,FAC0163,3,3,23,6,0,6,11
2023-01-17,FAC0125,3,2,15,8,1,8,10
2023-05-01,FAC0101,3,0,37,6,1,4,12
2024-10-01,FAC0198,1,0,15,3,1,6,7
2023-04-06,FAC0171,0,0,5,11,1,3,10
2024-01-08,FAC0299,2,1,24,5,1,5,17
2024-10-07,FAC0061,4,1,24,20,0,11,16
2024-07-14,FAC0086,2,7,154,161,3,1,12
2024-10-29,FAC0211,0,0,6,6,1,5,19
2024-11-14,FAC0157,0,3,28,2,0,6,7
2023-10-26,FAC0239,0,0,3,2,1,6,7
2024-05-08,FAC0040,2,0,10,6,0,3,8
2024-05-04,FAC0153,4,0,23,13,4,2,8
2023-10-18,FAC0191,7,5,20,29,0,4,9
2023-11-20,FAC0096,0,3,10,24,1,5,7
2023-07-18,FAC0001,1,2,8,16,0,5,6
2023-01-22,FAC0143,0,3,34,60,0,4,15
2023-05-01,FAC0296,37,4,339,60,5,5,13
2023-08-08,FAC0174,21,4,70,82,2,1,5
2024-09-01,FAC0045,0,4,17,20,1,4,14
2023-03-04,FAC0131,3,1,26,15,2,4,8
2023-02-01,FAC0109,3,2,9,15,1,4,6
2024-05-20,FAC0163,3,3,26,3,1,4,14
2024-11-17,FAC0225,4,2,15,15,2,4,9
2024-06-24,FAC0155,3,0,40,23,2,4,16
2023-04-30,FAC0235,1,3,20,11,2,4,7
2024-04-04,FAC0227,8,40,247,205,5,5,10
2023-10-08,FAC0226,6,2,27,18,0,5,9
2024-07-30,FAC0296,44,37,142,257,5,7,17
2024-01-21,FAC0022,1,2,10,8,0,4,13
2024-06-05,FAC0182,2,2,17,8,1,5,14
2023-11-03,FAC0144,3,2,14,14,2,7,18
2023-07-29,FAC0153,5,0,15,21,4,3,7
2024-04-06,FAC0272,1,1,9,13,1,4,15
2023-06-18,FAC0189,2,1,4,10,1,4,14
2023-08-20,FAC0091,1,3,22,16,1,8,11
2023-07-13,FAC0125,3,2,10,13,2,6,12
2024-03-28,FAC0139,7,7,49,22,0,2,21
2024-07-17,FAC0160,2,0,22,14,0,4,8
2024-02-19,FAC0081,4,1,28,10,0,3,10
2023-08-31,FAC0134,0,2,15,8,0,3,12
2023-01-27,FAC0148,0,1,3,8,0,5,8
2024-07-08,FAC0069,0,1,12,2,0,3,13
2023-06-26,FAC0245,0,3,14,30,2,1,23
2024-01-19,FAC0149,0,1,9,3,1,6,16
2023-09-09,FAC0126,0,4,34,3,0,6,19
2023-03-11,FAC0117,2,2,11,7,2,3,20
2023-01-02,FAC0069,2,0,4,10,0,2,8
2024-10-22,FAC0140,1,3,20,12,0,10,9
2023-09-02,FAC0058,1,1,6,9,1,4,10
2023-08-15,FAC0021,1,2,15,4,0,4,19
2023-07-26,FAC0011,2,1,9,10,0,6,10
2024-08-24,FAC0030,2,1,7,7,2,2,8
2023-10-16,FAC0295,2,1,13,1,1,6,16
2024-12-21,FAC0170,9,9,143,93,0,9,12
2024-09-19,FAC0144,0,0,18,10,2,6,12
2023-03-01,FAC0058,2,1,11,4,1,2,10
2023-11-15,FAC0148,1,1,10,1,1,7,8
2024-09-06,FAC0275,3,1,20,9,1,8,16
2024-10-19,FAC0084,4,2,15,16,1,3,8
2024-04-26,FAC0212,6,4,45,10,1,6,18
2023-04-16,FAC0244,0,0,3,8,0,4,15
2024-01-13,FAC0215,6,3,34,6,1,4,12
2024-11-06,FAC0119,5,4,35,2,0,2,13
2023-03-06,FAC0078,2,3,19,9,2,3,12
2023-11-14,FAC0265,2,1,9,20,1,5,10
2024-06-02,FAC0039,1,2,18,12,0,4,16
2024-02-05,FAC0027,37,0,192,162,0,3,11
2024-07-14,FAC0226,0,0,22,23,1,5,7
2023-09-13,FAC0074,1,0,3,5,0,4,7
2024-12-15,FAC0037,21,0,84,87,0,6,15
2023-10-27,FAC0005,1,0,8,8,0,10,10
2024-04-10,FAC0264,10,1,67,6,0,4,11
2024-02-26,FAC0061,5,3,31,13,0,9,21
2024-07-08,FAC0188,7,6,242,66,3,1,17
2023-04-05,FAC0125,0,1,18,5,1,7,8
2024-08-30,FAC0274,8,9,85,7,0,6,14
2023-03-19,FAC0283,1,3,16,23,0,6,11
2024-04-06,FAC0186,2,1,7,9,1,8,10
2023-10-21,FAC0168,1,4,86,16,6,5,11
2023-12-05,FAC0010,1,0,5,8,0,5,12
2023-04-19,FAC0209,3,3,18,7,0,4,13
2023-03-28,FAC0237,3,0,13,16,1,3,12
2023-11-10,FAC0016,0,0,8,10,1,3,14
2024-07-08,FAC0013,2,1,16,5,1,2,9
2024-12-08,FAC0231,0,1,9,2,1,2,9
2023-09-10,FAC0176,2,2,10,15,1,8,12
2023-10-11,FAC0130,3,2,9,15,0,7,10
2023-03-04,FAC0094,4,3,47,10,2,4,15
2024-09-20,FAC0002,5,0,26,16,0,4,10
2023-01-05,FAC0070,16,0,153,35,0,1,21
2024-01-29,FAC0187,12,37,200,145,0,10,12
2023-12-30,FAC0031,37,20,321,70,2,3,7
2024-05-19,FAC0152,18,12,195,80,2,9,15
2023-08-16,FAC0278,12,9,125,32,2,5,16
2024-11-22,FAC0166,2,0,10,7,1,3,19
2023-09-16,FAC0010,1,1,7,6,1,5,7
2023-09-01,FAC0249,0,3,11,19,0,3,17
2023-06-08,FAC0204,1,1,5,1,0,5,20
2023-03-06,FAC0293,2,1,11,13,1,8,23
2024-12-01,FAC0041,0,1,5,3,1,4,9
2024-01-05,FAC0061,0,2,39,5,0,8,17
2023-04-28,FAC0260,0,5,16,28,2,5,12
2023-10-10,FAC0056,4,1,25,3,1,7,7
2023-04-28,FAC0155,8,0,49,14,2,3,12
2023-06-29,FAC0100,20,21,164,112,1,5,24
2024-04-27,FAC0076,3,4,27,10,1,9,15
2024-12-10,FAC0170,29,0,167,69,4,8,15
2024-11-03,FAC0051,20,39,218,262,9,7,7
2024-04-21,FAC0072,10,4,37,31,1,11,18
2024-09-24,FAC0290,0,2,19,10,1,6,14
2024-01-13,FAC0089,7,4,54,7,1,6,14
2024-10-26,FAC0238,4,6,28,49,3,6,13
2023-04-17,FAC0249,1,3,19,11,0,4,15
2024-07-24,FAC0090,2,1,15,15,1,8,12
2023-09-05,FAC0128,8,4,53,4,1,12,11
2023-08-16,FAC0068,2,1,14,13,1,5,11
2024-03-19,FAC0123,6,3,22,19,0,3,11
2023-10-01,FAC0180,15,16,71,107,8,4,9
2024-12-23,FAC0157,2,0,24,6,0,5,6
2024-08-13,FAC0051,38,22,443,37,0,5,14
2023-04-02,FAC0144,0,3,18,10,1,4,16
2024-03-27,FAC0077,0,1,7,3,0,6,10
2023-09-24,FAC0002,5,0,36,6,1,5,11
2023-12-16,FAC0063,1,2,22,10,1,5,14
2023-12-09,FAC0272,1,2,15,7,0,7,17
2024-08-28,FAC0009,2,3,12,18,2,4,17
2024-03-21,FAC0015,1,15,106,66,1,7,6
2023-11-14,FAC0241,0,1,13,2,0,5,13
2024-08-08,FAC0205,7,8,60,22,3,7,13
2023-04-14,FAC0251,3,0,10,14,1,10,8
2024-01-16,FAC0070,4,15,141,47,2,3,22
2023-12-02,FAC0250,3,1,13,8,2,9,7
2024-07-11,FAC0235,1,0,23,8,1,8,8
2023-04-23,FAC0164,2,0,8,6,1,3,17
2024-06-30,FAC0066,52,37,110,252,1,4,14
2024-10-16,FAC0139,2,3,48,23,1,2,24
2023-05-24,FAC0126,5,2,25,12,0,4,15
2023-12-04,FAC0097,1,6,69,17,1,11,15
2024-04-22,FAC0261,2,1,27,8,3,2,13
2023-09-14,FAC0225,1,1,19,11,0,6,8
2023-03-03,FAC0082,3,2,8,15,0,3,17
2024-11-19,FAC0189,2,1,4,10,1,4,16
2024-04-21,FAC0200,4,3,21,8,1,7,15
2024-01-26,FAC0156,15,2,60,40,3,9,7
2024-10-19,FAC0013,3,2,6,15,0,2,13
2024-08-10,FAC0173,1,2,18,4,1,2,19
2024-11-14,FAC0272,1,0,8,14,0,4,12
2024-01-27,FAC0285,44,12,161,209,0,5,17
2024-06-01,FAC0274,5,4,35,57,1,5,17
2024-09-18,FAC0047,0,1,3,3,0,3,15
2024-01-22,FAC0016,1,1,16,2,2,6,10
2024-01-16,FAC0120,9,1,96,18,0,3,6
2023-09-13,FAC0122,2,0,10,5,0,4,17
2024-10-24,FAC0097,6,7,41,45,2,11,17
2024-06-16,FAC0097,9,0,80,6,0,11,13
2024-09-06,FAC0009,3,3,13,17,2,3,17
2024-01-14,FAC0224,0,1,5,7,1,8,17
2024-11-06,FAC0189,0,1,9,5,0,4,10
2023-12-03,FAC0007,5,3,26,22,0,5,12
2023-06-24,FAC0230,0,2,23,12,0,5,13
2023-02-26,FAC0261,2,3,27,8,1,3,11
2023-09-21,FAC0174,8,12,133,19,4,1,8
2024-01-01,FAC0104,1,2,20,22,0,12,8
2024-04-23,FAC0296,18,45,252,147,3,4,12
2024-12-29,FAC0035,2,1,17,5,1,8,14
2023-09-18,FAC0285,35,3,184,186,2,4,13
2023-07-26,FAC0224,0,0,8,4,1,7,9
2024-02-22,FAC0199,1,1,15,16,2,3,15
2023-05-23,FAC0182,0,0,11,14,0,7,15
2024-06-28,FAC0293,2,2,7,17,0,9,16
2023-09-21,FAC0124,9,3,182,78,4,4,20
2023-05-30,FAC0291,5,4,30,8,1,6,14
2024-07-12,FAC0221,40,3,259,61,2,3,9
2024-10-05,FAC0233,0,0,2,6,1,9,12
2023-07-07,FAC0227,64,35,346,106,0,4,10
2024-10-26,FAC0096,4,2,30,4,1,3,9
2023-12-03,FAC0067,0,3,25,2,0,5,17
2024-10-10,FAC0182,0,2,13,12,1,5,11
2024-07-11,FAC0287,3,4,18,18,1,1,11
2024-04-21,FAC0195,1,1,6,8,0,6,9
2024-12-03,FAC0283,3,1,35,4,0,7,12
2023-10-27,FAC0182,3,0,15,10,1,4,10
2024-11-15,FAC0138,0,0,7,2,0,6,18
2024-07-27,FAC0018,0,0,6,5,1,5,17
2024-05-05,FAC0031,3,29,159,232,6,1,14
2024-09-14,FAC0005,0,0,14,2,1,5,15
2023-12-26,FAC0199,0,2,15,16,1,2,15
2024-03-09,FAC0106,3,3,14,26,2,7,12
2024-09-28,FAC0014,6,3,16,28,1,3,14
2023-04-30,FAC0026,1,1,5,8,2,4,8
2023-09-28,FAC0119,0,1,20,17,1,2,14
2023-09-29,FAC0145,0,4,30,4,0,8,7
2023-04-20,FAC0168,1,4,32,70,6,5,15
2024-09-30,FAC0281,30,7,359,115,7,3,11
2023-12-01,FAC0283,5,2,24,15,1,5,9
2024-12-11,FAC0298,2,2,17,2,1,2,10
2024-03-09,FAC0125,2,0,16,7,2,8,11
2023-12-01,FAC0087,0,2,12,5,0,3,14
2023-02-15,FAC0025,0,3,7,19,1,1,19
2023-12-10,FAC0161,1,1,4,7,1,7,8
2024-11-30,FAC0044,4,1,12,24,2,5,15
2024-01-23,FAC0089,8,2,26,35,0,5,7
2024-06-26,FAC0132,0,0,9,20,0,4,9
2023-11-02,FAC0207,4,3,19,16,0,8,8
2023-12-24,FAC0079,1,0,11,6,1,7,19
2024-08-17,FAC0220,10,4,138,107,7,1,8
2023-05-31,FAC0165,6,24,156,136,0,1,9
2023-07-21,FAC0141,3,3,27,22,2,4,16
2024-12-01,FAC0075,0,1,5,7,0,6,16
2024-06-09,FAC0140,1,1,10,22,1,7,10
2023-06-29,FAC0293,1,2,12,12,0,7,19
2023-03-13,FAC0010,0,1,9,4,1,5,14
2024-02-14,FAC0224,0,1,9,3,2,5,8
2024-05-19,FAC0236,2,3,12,16,0,3,14
2024-04-25,FAC0295,0,1,12,2,0,5,16
2024-03-14,FAC0193,0,2,19,5,0,8,11
2023-02-14,FAC0213,3,2,9,18,1,4,16
2024-05-16,FAC0017,22,3,127,288,7,4,16
2024-08-22,FAC0162,5,1,21,39,1,9,13
2024-07-16,FAC0070,5,22,76,112,2,2,23
2024-05-25,FAC0117,2,1,10,8,2,4,11
2023-09-16,FAC0067,1,3,11,16,1,3,20
2023-11-10,FAC0028,4,3,29,17,1,10,11
2023-09-30,FAC0117,1,1,9,9,1,3,12
2023-07-27,FAC0014,5,3,35,9,0,4,18
2024-02-15,FAC0063,0,3,9,23,0,6,15
2024-10-25,FAC0203,11,4,45,53,1,10,14
2023-09-15,FAC0086,10,34,212,103,4,2,12
2023-02-14,FAC0251,2,1,16,8,0,6,11
2024-04-30,FAC0151,2,5,59,7,1,1,8
2024-06-03,FAC0108,5,1,10,24,1,2,9
2023-11-17,FAC0285,1,9,125,245,2,4,17
2024-03-01,FAC0101,3,4,26,17,2,4,15
2024-03-26,FAC0214,0,1,14,5,2,3,5
2024-01-12,FAC0226,2,5,21,24,0,5,7
2024-04-09,FAC0166,2,2,6,11,1,5,19
2024-03-25,FAC0218,0,0,8,3,0,6,17
2024-06-17,FAC0091,2,2,35,3,2,4,15
2024-07-15,FAC0016,1,0,7,11,0,5,14
2024-07-20,FAC0180,22,16,68,110,6,3,12
2024-09-27,FAC0138,1,0,4,5,1,3,18
2023-02-19,FAC0015,19,14,147,25,1,10,9
2024-07-24,FAC0066,27,12,335,27,3,7,14
2023-01-11,FAC0200,4,2,25,4,1,7,11
2023-11-23,FAC0198,0,0,14,4,1,3,10
2024-11-16,FAC0068,0,3,14,13,0,5,11
2024-04-11,FAC0165,29,26,151,141,1,1,12
2024-03-17,FAC0170,28,2,138,98,0,7,13
2024-04-25,FAC0233,0,0,2,6,1,7,12
2024-09-11,FAC0083,0,1,11,10,0,5,9
2023-03-22,FAC0195,0,0,11,3,1,6,9
2023-07-13,FAC0234,1,1,5,6,0,2,8
2023-02-18,FAC0063,0,3,27,5,0,4,10
2023-09-11,FAC0015,24,19,153,19,3,9,8
2023-03-01,FAC0299,4,1,15,14,0,6,17
2024-07-11,FAC0244,1,1,5,6,1,4,16
2023-02-03,FAC0162,3,6,41,19,1,9,16
2023-07-07,FAC0153,0,0,19,17,4,1,9
2023-09-14,FAC0201,0,5,33,32,1,2,7
2023-09-14,FAC0290,1,2,17,12,0,11,7
2024-12-08,FAC0069,2,1,8,6,0,5,9
2023-05-08,FAC0264,2,7,39,34,0,3,14
2023-05-27,FAC0205,7,9,25,57,4,9,16
2023-11-16,FAC0209,2,0,14,11,0,4,20
2024-07-02,FAC0147,1,2,24,17,4,7,8
2024-02-23,FAC0212,3,0,31,24,5,3,19
2024-02-08,FAC0158,16,25,235,212,1,2,6
2024-04-14,FAC0127,7,2,39,14,2,5,12
2024-05-16,FAC0190,11,6,32,49,2,9,17
2024-09-06,FAC0027,12,34,190,164,2,5,10
2024-05-27,FAC0008,0,2,17,7,0,2,12
2023-07-31,FAC0056,1,2,14,14,1,4,11
2024-02-28,FAC0242,0,0,12,3,0,5,8
2024-03-28,FAC0194,0,3,22,25,1,6,19
2023-08-13,FAC0070,13,20,117,71,3,2,13
2024-01-23,FAC0232,15,0,60,40,3,1,7
2023-08-28,FAC0107,7,1,29,47,2,6,15
2024-06-18,FAC0254,0,0,13,3,2,4,10
2024-08-27,FAC0139,10,2,63,8,1,4,24
2024-03-20,FAC0294,4,1,9,19,0,7,9
2023-08-29,FAC0279,9,9,71,27,1,4,9
2023-09-23,FAC0177,0,2,26,12,4,3,10
2023-09-18,FAC0263,4,4,22,18,0,6,9
2024-09-08,FAC0250,0,2,15,6,1,7,6
2024-03-05,FAC0053,2,0,7,8,1,4,12
2024-04-01,FAC0279,13,6,51,47,3,2,13
2024-11-15,FAC0237,3,2,23,6,1,2,13
2023-09-03,FAC0222,5,0,40,19,4,4,14
2024-05-08,FAC0132,2,3,16,13,1,7,8
2023-05-14,FAC0077,1,0,7,3,0,8,16
2023-09-26,FAC0253,0,0,18,18,1,1,12
2023-05-29,FAC0299,0,0,24,5,0,4,12
2024-11-28,FAC0272,0,1,13,9,0,8,11
2023-06-05,FAC0019,0,2,27,4,0,5,10
2024-01-28,FAC0065,3,3,66,19,0,4,18
2023-12-14,FAC0271,1,1,8,13,0,4,11
2024-01-18,FAC0255,2,1,15,22,1,7,16
2023-04-18,FAC0193,0,0,11,13,1,5,7
2023-11-06,FAC0070,2,17,178,10,5,3,23
2024-03-28,FAC0164,2,1,4,10,0,3,13
2024-12-30,FAC0046,1,1,8,7,1,5,10
2024-08-11,FAC0296,24,24,334,65,3,5,15
2024-11-27,FAC0078,3,2,17,11,2,3,14
2024-04-19,FAC0281,62,5,362,112,1,2,8
2023-04-13,FAC0034,1,1,4,6,0,7,9
2024-10-24,FAC0015,12,3,147,25,3,8,6
2024-04-28,FAC0212,1,3,50,5,1,5,16
2023-07-01,FAC0239,1,1,2,3,0,5,6
2023-06-13,FAC0249,4,0,28,2,0,3,18
2023-07-18,FAC0093,16,16,240,63,1,4,18
2024-02-25,FAC0122,2,1,8,7,0,4,11
2023-02-13,FAC0234,1,1,10,1,0,2,6
2023-02-09,FAC0152,4,21,90,185,4,6,13
2024-10-08,FAC0155,1,6,48,15,2,6,14
2023-04-23,FAC0164,0,1,12,2,0,7,17
2023-01-24,FAC0204,1,1,1,5,1,4,17
2024-04-29,FAC0261,2,3,21,14,2,4,17
2024-09-05,FAC0248,2,4,43,24,2,11,3
2024-09-12,FAC0250,3,1,16,5,1,6,6
2023-06-05,FAC0277,1,1,9,5,0,6,17
2023-06-09,FAC0076,3,4,24,13,0,6,15
2023-02-20,FAC0251,3,1,10,14,1,10,10
2023-03-26,FAC0184,1,0,33,3,1,4,17
2023-04-25,FAC0184,4,4,19,17,2,7,9
2023-12-12,FAC0124,24,26,177,83,4,2,14
2023-11-24,FAC0130,1,2,12,12,0,4,12
2024-10-05,FAC0176,2,3,17,8,0,11,9
2023-11-11,FAC0110,6,4,37,4,1,8,13
2023-08-16,FAC0036,1,0,6,10,0,5,5
2023-12-13,FAC0120,1,5,67,47,9,4,8
2023-02-21,FAC0274,12,9,58,34,0,7,10
2023-03-21,FAC0060,1,11,115,13,0,6,14
2024-12-18,FAC0017,51,32,198,217,0,2,13
2023-03-18,FAC0080,2,0,5,9,1,8,14
2023-01-13,FAC0069,0,1,9,5,0,3,9
2024-09-19,FAC0064,7,1,27,49,1,8,10
2024-02-24,FAC0089,4,3,18,43,1,5,7
2024-01-20,FAC0070,27,0,111,77,5,1,12
2023-09-01,FAC0279,6,0,73,25,0,5,12
2024-01-12,FAC0235,2,1,26,5,2,7,8
2023-01-31,FAC0152,23,21,237,38,3,7,10
2023-05-19,FAC0151,5,2,25,41,1,3,11
2024-05-16,FAC0062,1,0,8,14,1,4,7
2024-11-15,FAC0121,0,1,28,17,1,3,7
2024-09-14,FAC0265,1,2,15,14,0,6,7
2023-10-09,FAC0200,0,0,26,3,1,8,14
2023-05-23,FAC0036,1,0,8,8,0,5,10
2023-04-09,FAC0040,2,1,12,4,1,3,8
2024-02-17,FAC0064,0,7,48,28,2,9,12
2024-12-31,FAC0082,3,1,14,9,1,5,13
2023-06-05,FAC0167,4,3,42,22,1,1,7
2023-01-19,FAC0179,1,0,24,19,1,8,12
2024-08-02,FAC0170,35,27,84,152,1,9,14
2023-11-27,FAC0283,3,1,17,22,0,4,15
2024-08-24,FAC0142,3,5,231,128,0,1,19
2023-07-20,FAC0111,2,2,32,4,1,3,11
2023-06-29,FAC0097,2,0,39,47,0,11,17
2024-07-13,FAC0149,1,0,4,8,2,4,23
2023-03-14,FAC0283,3,0,11,28,2,4,15
2024-10-07,FAC0200,0,1,13,16,1,4,16
2023-12-27,FAC0072,7,3,22,46,2,7,11
2023-11-22,FAC0241,1,0,10,5,0,6,13
2024-04-07,FAC0139,5,6,63,8,3,2,15
2024-01-06,FAC0125,0,0,12,11,1,8,11
2024-12-21,FAC0003,2,1,13,7,0,3,10
2024-12-16,FAC0104,2,1,31,11,1,14,8
2024-10-15,FAC0069,2,1,10,4,1,2,13
2023-06-11,FAC0256,0,0,10,18,1,8,15
2024-01-09,FAC0209,2,3,11,14,0,6,20
2024-07-27,FAC0102,1,1,10,3,1,2,23
2023-05-03,FAC0156,5,11,84,16,3,8,7
2024-06-07,FAC0289,1,0,34,12,1,3,10
2024-02-11,FAC0164,0,1,12,2,1,3,14
2024-03-21,FAC0190,12,9,38,43,2,5,17
2024-12-21,FAC0234,1,1,9,2,2,2,6
2024-07-04,FAC0198,1,2,11,7,0,7,13
2024-08-25,FAC0080,0,0,10,4,1,5,7
2023-01-21,FAC0233,1,0,4,4,1,7,13
2024-11-28,FAC0080,2,1,6,8,0,6,7
2024-05-26,FAC0158,65,32,336,111,4,1,4
2024-10-03,FAC0271,3,0,15,6,1,4,17
2023-07-08,FAC0111,0,3,11,25,0,4,13
2023-01-06,FAC0041,1,1,5,3,0,5,10
2023-09-03,FAC0076,3,2,14,23,0,5,12
2024-01-14,FAC0283,4,2,36,3,1,4,7
2024-01-04,FAC0028,4,4,27,19,0,11,12
2023-10-13,FAC0086,10,9,122,193,5,2,7
2024-01-13,FAC0043,7,2,45,4,1,6,13
2023-02-14,FAC0273,2,1,13,18,1,3,4
2023-05-16,FAC0137,1,1,15,6,1,5,11
2024-04-07,FAC0245,0,1,39,5,2,2,12
2023-03-17,FAC0105,3,3,18,12,2,5,26
2023-02-25,FAC0002,3,0,32,10,1,2,6
2023-07-09,FAC0171,1,1,13,3,1,4,13
2023-11-09,FAC0222,5,2,31,28,1,6,17
2023-08-28,FAC0002,1,5,29,13,1,4,11
2024-02-10,FAC0174,20,10,64,88,2,1,10
2024-04-25,FAC0237,0,1,12,17,0,3,9
2024-06-20,FAC0080,2,1,12,2,1,6,9
2024-03-10,FAC0152,9,3,146,129,1,8,13
2024-11-29,FAC0281,48,24,353,121,7,2,10
2023-07-11,FAC0209,0,1,19,6,0,3,20
2023-04-21,FAC0144,1,0,21,7,2,7,13
2023-09-25,FAC0031,3,30,119,272,2,2,7
2023-04-16,FAC0150,2,3,9,21,0,2,10
2024-02-15,FAC0075,0,0,5,7,0,11,19
2024-06-19,FAC0098,5,3,13,23,1,10,6
2023-03-21,FAC0102,0,1,11,2,0,3,17
2024-04-07,FAC0027,2,3,297,57,5,6,12
2023-02-19,FAC0269,3,2,11,13,0,4,13
2023-05-08,FAC0093,17,24,107,196,2,6,19
2023-12-05,FAC0074,0,1,2,6,1,4,12
2023-09-22,FAC0102,1,1,9,4,1,2,23
2023-02-09,FAC0104,2,5,39,3,0,10,10
2024-04-18,FAC0258,8,1,36,20,0,3,8
2023-09-28,FAC0289,2,3,38,8,0,3,9
2023-10-07,FAC0205,1,3,38,44,0,8,14
2023-09-22,FAC0287,3,2,29,7,1,1,10
2024-08-17,FAC0269,1,0,11,13,0,7,8
2023-05-17,FAC0179,6,0,27,16,2,9,7
2023-10-25,FAC0175,1,0,29,9,0,3,13
2024-12-03,FAC0053,1,1,9,6,0,4,12
2023-12-27,FAC0081,1,3,12,26,0,6,9
2024-06-11,FAC0142,8,37,301,58,6,1,10
2024-07-27,FAC0115,0,2,41,18,1,7,15
2023-10-28,FAC0024,1,0,11,2,1,3,16
2024-10-03,FAC0165,21,17,125,167,2,1,9
2023-04-30,FAC0186,1,0,7,9,2,6,9
2024-09-09,FAC0102,0,1,4,9,0,4,23
2024-06-24,FAC0044,3,1,29,7,1,3,14
2023-10-13,FAC0104,0,0,27,15,1,8,8
2024-02-18,FAC0155,5,0,53,10,0,3,12
2023-05-07,FAC0100,12,27,166,110,1,5,27
2023-03-24,FAC0169,3,9,65,22,2,2,13
2023-03-30,FAC0189,0,1,11,3,0,4,11
2024-06-15,FAC0119,5,1,34,3,1,1,11
2023-11-23,FAC0134,2,1,11,12,1,2,11
2024-11-12,FAC0160,2,0,11,25,1,3,10
2023-08-13,FAC0114,0,2,27,9,3,5,9
2024-02-28,FAC0196,1,1,14,15,1,5,11
2024-11-19,FAC0265,0,3,16,13,1,3,5
2024-10-12,FAC0061,3,4,30,14,1,11,14
2024-01-18,FAC0185,12,2,194,60,7,6,14
2023-06-16,FAC0128,2,2,19,38,3,11,9
2024-04-16,FAC0101,5,2,34,9,2,3,8
2023-05-05,FAC0101,4,2,14,29,2,3,14
2023-05-09,FAC0196,0,1,8,21,0,6,20
2024-06-29,FAC0147,5,0,29,12,4,3,13
2024-12-01,FAC0001,3,0,13,11,1,6,9
2024-09-30,FAC0268,2,5,34,9,2,2,10
2023-09-24,FAC0288,3,2,10,13,1,7,11
2024-11-05,FAC0036,0,1,13,3,1,5,10
2023-07-17,FAC0140,2,2,12,20,0,7,13
2023-12-21,FAC0176,1,1,9,16,1,6,7
2024-05-20,FAC0054,34,44,236,252,0,6,11
2023-03-14,FAC0176,2,3,16,9,1,7,15
2023-02-26,FAC0209,1,1,19,6,1,4,14
2023-02-08,FAC0089,3,4,56,5,0,3,7
2023-12-16,FAC0194,2,1,14,33,0,6,17
2023-06-29,FAC0041,1,0,3,5,0,3,7
2023-12-09,FAC0203,7,7,69,29,3,7,21
2023-03-01,FAC0247,1,0,10,2,0,4,11
2023-01-02,FAC0197,0,3,30,8,0,5,9
2024-12-11,FAC0226,2,0,17,28,1,4,7
2023-08-06,FAC0171,2,1,8,8,1,2,11
2024-03-15,FAC0208,4,1,12,27,1,2,13
2023-06-16,FAC0252,4,2,59,37,4,7,11
2024-05-20,FAC0158,59,11,171,276,1,1,3
2024-05-16,FAC0275,0,2,24,5,1,8,13
2024-05-26,FAC0023,1,1,70,29,0,5,6
2024-12-29,FAC0209,3,3,14,11,1,6,19
2024-06-27,FAC0298,0,2,6,13,1,2,14
2023-10-13,FAC0056,1,0,8,20,1,5,10
2024-10-21,FAC0046,2,0,13,2,1,4,12
2024-12-05,FAC0161,1,1,3,8,2,3,12
2024-07-01,FAC0078,4,1,11,17,0,4,12
2023-10-05,FAC0160,0,4,31,5,1,4,8
2024-05-03,FAC0108,0,4,20,14,2,2,8
2023-02-05,FAC0273,4,3,15,16,1,5,9
2024-08-31,FAC0280,17,5,334,100,0,3,15
2023-12-28,FAC0197,0,3,31,7,1,5,11
2023-09-23,FAC0081,0,3,22,16,1,4,9
2024-07-24,FAC0189,2,1,6,8,0,3,14
2024-11-13,FAC0101,6,1,28,15,0,2,10
2023-09-12,FAC0019,1,0,9,22,0,6,8
2023-12-18,FAC0245,4,2,40,4,2,1,22
2024-07-17,FAC0173,0,1,20,2,0,4,13
2024-09-14,FAC0161,0,1,5,6,1,4,15
2024-05-12,FAC0101,5,5,15,28,0,2,14
2023-10-29,FAC0193,3,0,10,14,0,7,8
2024-11-20,FAC0204,1,1,4,2,1,7,17
2024-02-14,FAC0180,10,4,72,106,0,4,8
2023-04-05,FAC0132,1,2,15,14,1,3,7
2023-10-04,FAC0085,1,1,4,4,0,2,5
2024-09-22,FAC0064,7,8,23,53,1,9,13
2023-02-21,FAC0218,0,1,8,3,0,7,13
2024-06-13,FAC0009,1,1,24,6,2,5,13
2024-03-26,FAC0250,0,1,10,11,0,7,6
2024-12-25,FAC0257,2,1,12,11,0,4,12
2024-02-13,FAC0109,0,2,12,12,1,5,9
2023-04-29,FAC0191,4,4,17,32,1,4,9
2023-06-26,FAC0172,6,4,32,11,0,3,14
2024-01-18,FAC0043,3,4,37,12,0,7,17
2023-08-04,FAC0221,21,15,167,153,1,3,6
2023-01-18,FAC0242,1,0,13,2,1,6,11
2024-09-24,FAC0149,0,0,11,1,1,4,13
2023-06-12,FAC0163,3,1,19,10,0,8,20
2023-08-25,FAC0195,1,0,10,4,1,6,5
2023-05-28,FAC0112,3,0,17,6,2,4,14
2023-01-08,FAC0205,7,6,64,18,0,5,12
2024-08-30,FAC0144,2,0,17,11,2,3,17
2024-09-26,FAC0011,0,1,7,12,1,4,9
2023-05-18,FAC0061,1,3,21,23,2,7,17
2024-09-24,FAC0159,2,3,17,24,1,3,15
2024-08-29,FAC0101,4,5,18,25,2,4,13
2023-08-28,FAC0270,7,1,28,21,0,4,17
2023-10-03,FAC0065,9,1,50,35,1,3,17
2023-08-10,FAC0135,2,2,11,19,1,9,22
2023-08-28,FAC0252,7,11,42,54,0,5,13
2023-11-04,FAC0105,2,3,17,13,0,5,21
2024-06-27,FAC0279,0,11,70,28,2,4,10
2024-05-25,FAC0017,28,33,124,291,0,3,21
2023-08-06,FAC0240,0,0,14,2,1,6,15
2024-05-25,FAC0234,1,0,9,2,0,2,7
2024-09-28,FAC0271,2,0,17,4,0,5,11
2023-04-10,FAC0201,0,0,20,45,1,3,7
2023-09-17,FAC0233,0,0,4,4,0,7,9
2023-12-23,FAC0227,52,50,152,300,0,4,11
2024-12-30,FAC0235,4,1,22,9,0,5,6
2024-03-22,FAC0110,2,2,13,28,1,7,20
2024-06-09,FAC0118,5,1,26,12,0,2,18
2024-09-28,FAC0089,7,6,28,33,0,6,11
2023-03-13,FAC0140,0,3,17,15,1,9,11
2023-01-15,FAC0070,14,9,140,48,1,2,17
2023-04-13,FAC0106,1,2,31,9,2,5,6
2023-12-02,FAC0187,9,0,232,113,5,6,7
2024-03-03,FAC0050,5,3,30,19,2,4,8
2023-11-06,FAC0093,15,29,161,142,1,7,17
2024-06-08,FAC0218,1,0,8,3,0,6,18
2024-03-05,FAC0221,48,3,198,122,5,5,11
2023-05-09,FAC0252,14,8,55,41,3,5,15
2023-09-03,FAC0255,3,1,30,7,0,7,14
2024-08-27,FAC0208,1,0,20,19,2,3,12
2023-01-12,FAC0107,2,8,34,42,0,3,20
2023-10-10,FAC0079,0,0,7,10,0,5,15
2023-04-03,FAC0033,4,5,21,41,0,4,11
2023-03-01,FAC0249,0,3,19,11,0,3,16
2024-12-21,FAC0078,0,0,17,11,2,3,13
2023-08-06,FAC0216,0,1,3,8,0,5,13
2023-11-23,FAC0040,1,0,9,7,1,5,11
2023-08-15,FAC0188,7,28,95,213,5,1,12
2023-10-22,FAC0273,2,2,12,19,2,3,5
2023-09-12,FAC0066,53,32,149,213,6,6,10
2023-02-21,FAC0270,7,0,45,4,1,4,11
2023-03-27,FAC0031,46,35,365,26,3,1,8
2023-01-14,FAC0085,1,1,6,2,1,4,5
2024-04-25,FAC0111,3,0,23,13,0,2,13
2024-08-17,FAC0070,17,9,142,46,3,3,18
2023-04-29,FAC0009,3,3,17,13,0,2,14
2023-06-04,FAC0104,3,0,25,17,1,9,7
2023-07-24,FAC0262,3,0,13,9,0,3,10
2023-09-30,FAC0090,4,0,23,7,0,5,17
2023-11-13,FAC0182,0,3,11,14,1,5,9
2023-11-24,FAC0048,3,3,36,5,1,6,23
2024-04-12,FAC0212,3,0,51,4,0,5,18
2024-04-01,FAC0072,7,4,23,45,2,14,18
2024-10-11,FAC0014,1,2,19,25,1,2,18
2023-05-22,FAC0187,28,8,289,56,4,5,9
2024-08-10,FAC0051,64,26,406,74,7,6,8
2024-12-21,FAC0154,5,0,16,34,4,3,18
2024-01-16,FAC0137,3,2,16,5,1,3,9
2023-05-11,FAC0091,0,3,11,27,2,4,8
2023-10-28,FAC0159,5,1,31,10,1,6,16
2024-03-21,FAC0180,20,7,141,37,6,3,11
2023-12-01,FAC0039,0,0,10,20,0,4,13
2024-09-12,FAC0156,4,7,92,8,0,4,9
2023-09-14,FAC0256,0,0,12,16,1,8,19
2023-03-17,FAC0118,5,3,33,5,1,4,11
2024-02-02,FAC0083,0,2,16,5,2,8,13
2023-06-17,FAC0084,3,2,17,14,2,3,5
2023-06-07,FAC0222,1,3,44,15,4,4,20
2023-07-08,FAC0085,0,1,3,5,0,4,6
2024-03-29,FAC0236,0,0,24,4,0,1,9
2023-12-01,FAC0226,5,3,34,11,0,4,11
2023-12-23,FAC0260,3,4,20,24,0,3,10
2024-09-09,FAC0139,6,5,32,39,1,3,13
2023-05-19,FAC0139,2,1,56,15,1,2,13
2024-11-01,FAC0016,0,2,14,4,1,5,15
2023-05-27,FAC0217,1,3,35,60,0,9,19
2023-04-25,FAC0087,1,2,15,2,1,7,8
2024-06-23,FAC0067,2,3,25,2,2,5,20
2024-07-04,FAC0007,2,4,32,16,1,8,11
2023-03-26,FAC0239,0,1,4,1,1,4,6
2023-07-07,FAC0285,34,30,282,88,1,5,19
2023-11-30,FAC0195,1,0,12,2,0,3,5
2024-02-06,FAC0045,2,4,30,7,0,7,16
2023-06-06,FAC0190,9,1,35,46,1,7,9
2023-09-07,FAC0120,2,1,35,79,4,2,7
2024-12-17,FAC0165,31,15,105,187,0,1,14
2024-07-11,FAC0205,5,7,24,58,0,4,13
2024-07-31,FAC0273,2,1,23,8,2,5,9
2024-05-05,FAC0029,2,2,11,8,0,4,17
2024-12-01,FAC0082,1,2,17,6,0,4,10
2023-07-21,FAC0288,0,0,7,16,0,7,9
2024-05-11,FAC0177,0,2,34,4,4,2,9
2023-04-19,FAC0162,1,1,46,14,1,6,17
2023-10-21,FAC0059,5,4,21,15,0,6,9
2024-07-16,FAC0145,1,3,19,15,2,7,9
2023-08-27,FAC0186,1,1,14,2,1,7,14
2024-09-18,FAC0041,1,0,3,5,1,4,10
2023-11-20,FAC0192,45,4,104,206,2,4,13
2024-04-11,FAC0183,4,0,13,15,1,3,9
2023-02-13,FAC0121,3,3,40,5,0,2,7
2024-06-03,FAC0086,10,16,183,132,0,1,7
2024-04-14,FAC0054,8,41,352,136,2,5,12
2024-05-03,FAC0091,3,2,14,24,0,6,12
2024-07-08,FAC0146,0,0,4,5,1,3,14
2023-12-03,FAC0291,0,1,30,8,1,4,11
2024-10-24,FAC0191,2,2,19,30,0,6,8
2024-07-27,FAC0171,2,1,9,7,0,4,11
2024-12-02,FAC0172,6,3,32,11,0,2,14
2023-02-08,FAC0082,3,1,18,5,0,6,12
2024-12-16,FAC0074,0,0,7,1,0,2,8
2024-07-17,FAC0175,1,1,32,6,3,4,7
2023-01-22,FAC0008,2,2,9,15,2,3,10
2023-10-17,FAC0160,0,4,17,19,0,5,6
2023-01-28,FAC0166,1,2,14,3,1,3,9
2023-07-23,FAC0104,2,1,16,26,1,8,5
2024-02-16,FAC0049,3,6,51,38,2,8,13
2024-09-10,FAC0076,0,0,27,10,1,6,7
2023-09-23,FAC0287,1,2,31,5,1,2,8
2023-07-15,FAC0053,1,1,7,8,0,4,18
2023-11-19,FAC0258,3,1,35,21,0,3,11
2024-05-26,FAC0006,15,6,167,77,5,5,10
2024-11-09,FAC0141,7,2,41,8,1,6,15
2023-02-05,FAC0200,4,2,13,16,0,7,12
2024-07-16,FAC0036,1,1,7,9,0,5,7
2024-07-13,FAC0299,4,3,17,12,1,8,17
2023-01-16,FAC0154,0,6,22,28,1,2,10
2024-11-14,FAC0273,1,0,11,20,0,6,9
2024-12-25,FAC0183,0,3,8,20,1,2,13
2023-08-27,FAC0121,4,1,38,7,1,1,6
2023-06-21,FAC0024,1,1,9,4,2,3,14
2023-09-07,FAC0045,3,3,27,10,1,6,13
2023-02-15,FAC0094,8,3,28,29,3,5,8
2023-12-22,FAC0173,1,0,17,5,1,5,16
2023-03-28,FAC0011,2,0,6,13,0,6,6
2023-06-27,FAC0028,2,4,17,29,1,8,18
2023-06-18,FAC0212,1,5,18,37,4,4,9
2023-07-07,FAC0225,1,2,19,11,0,3,15
2024-04-23,FAC0008,0,2,21,3,0,4,11
2023-04-12,FAC0094,2,4,43,14,3,3,12
2023-10-08,FAC0256,1,2,12,16,1,4,13
2023-01-26,FAC0213,0,1,19,8,1,4,14
2023-03-24,FAC0275,2,1,26,3,0,8,9
2024-09-12,FAC0129,2,2,17,23,1,6,12
2023-09-17,FAC0231,0,0,10,1,1,2,17
2024-07-20,FAC0233,1,1,3,5,1,8,15
2023-06-26,FAC0038,3,4,51,13,0,9,16
2023-05-23,FAC0064,6,4,67,9,3,7,10
2024-06-14,FAC0242,0,1,5,10,2,3,16
2024-07-08,FAC0063,3,1,26,6,0,4,13
2024-11-30,FAC0025,2,2,10,16,1,3,25
2024-02-02,FAC0191,5,4,15,34,1,4,7
2024-07-11,FAC0024,1,0,5,8,0,3,11
2023-10-14,FAC0006,33,0,74,170,5,6,12
2024-01-28,FAC0100,0,7,212,64,1,4,27
2024-08-29,FAC0112,3,2,19,4,2,3,11
2023-09-19,FAC0266,2,0,30,66,0,6,11
2023-01-30,FAC0296,57,5,212,187,1,7,19
2023-07-23,FAC0044,1,3,16,20,1,3,23
2023-06-25,FAC0140,0,2,17,15,1,7,9
2023-09-28,FAC0092,37,39,196,146,5,5,9
2023-02-10,FAC0024,0,1,4,9,0,6,15
2023-11-22,FAC0099,1,2,43,16,0,5,6
2024-02-02,FAC0127,6,5,21,32,0,7,8
2023-01-24,FAC0029,1,2,11,8,1,4,12
2023-05-30,FAC0131,4,2,36,5,0,3,10
2023-04-28,FAC0196,2,1,21,8,1,8,16
2024-07-01,FAC0190,10,7,39,42,2,5,15
2023-07-21,FAC0225,0,3,28,2,0,4,11
2024-06-04,FAC0125,1,0,19,4,1,4,11
2023-05-04,FAC0062,3,1,14,8,0,3,10
2024-06-11,FAC0291,5,4,15,23,1,6,10
2024-09-29,FAC0107,4,2,42,34,0,4,17
2023-03-21,FAC0055,36,49,132,300,1,9,10
2024-05-24,FAC0239,1,1,4,1,1,3,4
2024-07-17,FAC0047,0,0,5,1,0,3,16
2024-05-02,FAC0226,2,5,42,3,1,5,14
2023-06-07,FAC0181,1,2,14,33,1,6,10
2023-07-20,FAC0268,1,1,29,14,2,2,12
2023-07-18,FAC0177,4,2,18,20,3,3,11
2023-05-27,FAC0225,3,1,9,21,2,3,15
2023-10-31,FAC0024,1,1,10,3,0,6,20
2024-01-07,FAC0271,1,2,6,15,1,6,11
2023-05-18,FAC0170,20,0,149,87,3,7,15
2023-04-29,FAC0055,16,38,326,106,1,10,7
2024-02-05,FAC0233,0,1,5,3,0,5,19
2023-05-28,FAC0039,2,1,21,9,1,2,9
2024-02-22,FAC0233,1,1,6,2,1,6,9
2024-07-23,FAC0153,1,1,20,16,1,3,8
2024-02-01,FAC0084,0,0,26,5,0,4,5
2024-04-26,FAC0131,3,1,21,20,1,2,14
2024-12-26,FAC0084,3,0,16,15,1,3,8
2024-04-18,FAC0203,4,5,89,9,0,6,18
2023-05-08,FAC0131,6,2,12,29,1,2,8
2023-04-26,FAC0001,0,2,10,14,0,3,6
2023-09-11,FAC0009,4,2,12,18,2,4,11
2024-12-08,FAC0288,0,0,11,12,0,5,10
2024-03-27,FAC0174,2,0,60,92,2,1,6
2024-05-03,FAC0037,12,13,98,73,3,9,11
2024-03-17,FAC0278,14,12,103,54,2,6,11
2023-12-19,FAC0265,0,0,8,21,0,7,10
2024-09-16,FAC0120,10,4,76,38,4,2,10
2023-03-19,FAC0059,1,3,31,5,2,4,10
2024-11-01,FAC0142,0,0,129,230,4,1,13
2023-03-27,FAC0112,3,0,18,5,0,2,9
2024-03-15,FAC0184,5,0,31,5,1,8,12
2023-10-16,FAC0215,2,2,19,21,4,5,16
2023-06-19,FAC0082,3,2,20,3,0,3,12
2023-08-28,FAC0210,7,0,40,10,1,5,11
2024-04-12,FAC0058,1,0,13,2,1,3,7
2024-03-17,FAC0050,5,2,43,6,1,5,6
2023-07-25,FAC0106,5,3,22,18,1,3,7
2024-07-03,FAC0175,3,0,16,22,0,4,8
2023-12-10,FAC0205,9,9,35,47,4,5,12
2023-10-16,FAC0070,15,12,166,22,6,1,16
2023-08-21,FAC0091,5,2,16,22,2,6,8
2024-12-09,FAC0221,30,21,189,131,5,5,9
2024-07-21,FAC0246,8,1,30,29,1,4,14
2023-06-09,FAC0236,4,0,23,5,0,3,18
2024-05-05,FAC0295,1,0,11,3,0,7,8
2023-01-02,FAC0057,0,0,3,8,2,5,12
2024-03-13,FAC0047,0,0,2,4,1,5,16
2023-07-01,FAC0131,1,3,25,16,2,2,8
2024-02-23,FAC0236,2,3,16,12,1,1,12
2023-02-08,FAC0295,1,0,4,10,1,5,12
2023-12-10,FAC0107,3,8,60,16,0,4,19
2023-06-11,FAC0113,1,0,7,6,0,6,12
2023-08-03,FAC0012,0,1,7,3,0,6,17
2023-11-22,FAC0033,7,4,20,42,1,2,13
2024-05-10,FAC0288,3,1,8,15,0,4,13
2023-11-17,FAC0288,1,1,11,12,0,4,8
2023-08-24,FAC0111,5,1,30,6,0,4,13
2024-09-13,FAC0130,1,0,12,12,0,8,15
2024-04-15,FAC0126,1,3,12,25,0,6,23
2024-03-02,FAC0140,2,3,28,4,1,9,14
2023-02-07,FAC0004,1,2,7,17,1,8,15
2023-04-17,FAC0071,1,1,7,4,1,5,17
2023-06-19,FAC0078,1,2,13,15,1,3,10
2023-11-06,FAC0206,0,1,18,7,0,8,10
2024-02-29,FAC0224,1,0,7,5,0,8,13
2024-04-02,FAC0019,3,0,29,2,0,9,12
2023-01-17,FAC0249,4,1,27,3,0,3,18
2023-08-18,FAC0197,3,2,31,7,1,9,13
2024-02-08,FAC0127,7,3,38,15,2,4,6
2024-05-05,FAC0099,1,3,36,23,0,6,8
2024-07-11,FAC0211,0,1,9,3,0,5,16
2023-07-05,FAC0157,0,0,27,3,1,4,9
2024-07-07,FAC0049,13,5,29,60,1,4,7
2023-08-04,FAC0192,11,8,115,195,8,4,15
2023-09-25,FAC0134,2,0,20,3,0,2,8
2023-12-28,FAC0248,10,7,25,42,0,8,4
2023-10-02,FAC0201,9,5,29,36,1,3,14
2023-08-21,FAC0187,36,35,213,132,0,6,11
2023-06-23,FAC0106,6,3,21,19,2,6,10
2024-10-16,FAC0014,2,5,29,15,0,3,13
2024-11-06,FAC0062,3,2,10,12,0,4,10
2023-05-10,FAC0284,19,10,196,19,0,3,11
2024-02-16,FAC0288,3,0,8,15,0,5,6
2023-09-09,FAC0087,1,1,15,2,0,5,13
2024-03-19,FAC0090,4,1,10,20,0,6,16
2024-01-31,FAC0292,2,1,16,7,1,6,10
2024-06-17,FAC0193,2,1,22,2,1,6,9
2023-02-18,FAC0080,0,0,8,6,0,5,14
2023-01-19,FAC0034,0,0,7,3,1,5,13
2023-12-13,FAC0292,1,1,20,3,1,7,14
2024-04-06,FAC0020,3,2,18,2,1,2,10
2023-04-13,FAC0179,1,1,23,20,0,7,10
2023-01-22,FAC0102,1,1,6,7,0,4,12
2024-07-27,FAC0194,0,3,36,11,0,5,20
2023-05-20,FAC0033,7,4,33,29,1,3,17
2024-02-17,FAC0077,0,1,8,2,0,8,17
2023-02-05,FAC0256,3,0,24,4,0,8,14
2024-08-09,FAC0215,4,2,24,16,1,4,19
2023-06-05,FAC0153,5,1,16,20,0,2,12
2023-04-15,FAC0213,4,2,9,18,0,8,17
2024-08-11,FAC0053,2,1,11,4,0,5,14
2024-12-25,FAC0082,3,1,17,6,1,6,15
2023-08-31,FAC0230,2,2,28,7,0,3,20
2023-10-16,FAC0119,5,4,24,13,1,2,17
2024-04-14,FAC0300,3,1,7,17,0,2,9
2023-12-24,FAC0018,0,0,8,3,1,4,15
2023-07-05,FAC0173,3,0,20,2,1,3,11
2023-07-24,FAC0058,2,0,10,5,1,2,5
2024-02-24,FAC0006,8,28,217,27,7,5,17
2024-06-14,FAC0147,1,4,21,20,4,4,15
2024-11-16,FAC0164,1,0,6,8,1,3,12
2023-02-02,FAC0162,7,6,22,38,0,8,16
2023-11-04,FAC0040,2,0,9,7,1,6,7
2024-08-09,FAC0223,0,1,25,7,1,4,9
2024-05-11,FAC0017,29,19,186,229,1,4,14
2023-12-28,FAC0134,2,2,17,6,1,3,8
2023-03-26,FAC0205,7,6,60,22,4,8,9
2023-12-31,FAC0144,3,0,17,11,2,7,10
2023-01-11,FAC0117,1,0,15,3,2,6,13
2023-05-29,FAC0123,4,0,12,29,1,2,6
2024-02-13,FAC0267,9,1,26,54,1,7,8
2024-07-19,FAC0291,3,4,23,15,0,3,19
2023-10-05,FAC0026,0,0,9,4,1,6,14
2024-01-24,FAC0207,5,4,16,19,1,8,10
2024-03-09,FAC0031,18,45,131,260,6,2,11
2024-10-17,FAC0059,2,0,14,22,1,5,9
2024-05-08,FAC0169,9,0,54,33,1,5,15
2024-07-01,FAC0193,2,2,11,13,1,8,7
2024-09-03,FAC0228,0,1,21,3,1,5,13
2024-02-13,FAC0047,0,0,2,4,0,4,10
2024-01-28,FAC0036,1,1,11,5,1,5,6
2024-04-23,FAC0151,9,5,50,16,4,3,12
2023-11-19,FAC0163,3,2,23,6,0,5,13
2024-05-11,FAC0223,1,1,11,21,2,5,14
2024-09-15,FAC0262,1,1,10,12,0,3,14
2023-12-08,FAC0084,3,0,26,5,2,5,4
2023-07-14,FAC0149,1,0,10,2,2,3,22
2023-11-17,FAC0114,2,2,14,22,0,3,14
2024-10-19,FAC0033,6,0,22,40,0,2,16
2023-05-19,FAC0285,9,14,159,211,0,5,14
2023-12-26,FAC0247,0,1,5,7,1,2,14
2024-06-22,FAC0089,2,4,34,27,0,4,12
2023-06-15,FAC0063,3,1,11,21,0,4,11
2024-10-05,FAC0032,0,0,10,3,0,10,12
2024-08-31,FAC0109,1,0,7,17,0,4,7
2023-04-24,FAC0096,1,1,17,17,0,4,6
2023-11-28,FAC0158,3,50,256,191,4,1,5
2024-09-27,FAC0012,1,0,6,4,0,6,21
2024-02-07,FAC0068,4,1,17,10,0,5,12
2023-02-03,FAC0255,4,2,32,5,0,5,9
2023-01-06,FAC0191,6,3,28,21,0,4,13
2023-08-30,FAC0286,2,2,7,11,1,1,13
2024-04-29,FAC0290,3,0,24,5,0,10,9
2023-02-16,FAC0210,3,0,25,25,0,5,11
2024-07-11,FAC0099,6,2,40,19,0,3,6
2023-03-01,FAC0100,2,19,223,53,3,4,21
2023-08-31,FAC0244,0,1,3,8,1,6,19
2023-02-28,FAC0103,8,0,20,39,2,4,8
2024-05-07,FAC0032,1,0,7,6,1,6,11
2024-10-30,FAC0051,6,22,425,55,6,8,7
2023-03-02,FAC0246,2,2,21,38,1,3,11
2023-08-30,FAC0284,6,16,83,132,6,1,15
2023-11-19,FAC0227,27,44,309,143,3,6,11
2023-02-07,FAC0071,0,0,5,6,1,3,10
2023-10-20,FAC0037,2,3,69,102,0,7,10
2024-12-08,FAC0212,5,0,24,31,0,7,19
2023-02-07,FAC0210,7,4,33,17,1,4,11
2024-11-08,FAC0045,0,2,12,25,2,8,16
2023-10-15,FAC0100,28,3,165,111,6,8,19
2023-12-25,FAC0064,2,2,55,21,0,4,9
2023-06-12,FAC0017,55,7,298,117,0,2,21
2024-02-19,FAC0020,3,0,11,9,1,3,5
2023-10-31,FAC0079,0,2,10,7,1,7,22
2024-10-18,FAC0247,0,1,11,1,1,4,14
2023-12-14,FAC0199,4,0,12,19,2,3,14
2023-02-07,FAC0228,3,1,12,12,0,6,20
2023-11-03,FAC0031,6,45,215,176,3,3,10
2023-07-20,FAC0028,4,0,22,24,2,9,19
2024-05-07,FAC0123,6,2,14,27,0,4,5
2024-12-10,FAC0266,13,2,86,10,1,7,10
2023-07-24,FAC0273,3,3,19,12,1,6,6
2023-12-24,FAC0279,0,9,60,38,2,3,8
2024-08-11,FAC0125,2,2,12,11,0,6,11
2023-09-07,FAC0292,3,0,13,10,1,3,8
2024-02-20,FAC0140,0,1,22,10,0,8,11
2024-03-06,FAC0180,26,6,129,49,1,3,17
2023-07-30,FAC0189,2,0,12,2,1,6,11
2023-01-14,FAC0291,4,2,22,16,1,6,16
2024-07-15,FAC0138,0,0,4,5,0,6,10
2024-02-24,FAC0029,0,0,17,2,1,4,16
2024-03-17,FAC0211,1,1,4,8,1,8,11
2024-11-08,FAC0161,1,0,6,5,2,5,8
2023-11-13,FAC0186,2,1,9,7,2,8,11
2023-07-26,FAC0107,11,7,29,47,2,3,14
2024-08-26,FAC0027,47,15,248,106,1,3,9
2024-05-17,FAC0147,6,1,17,24,2,4,7
2024-02-17,FAC0082,2,0,13,10,0,3,16
2024-09-18,FAC0081,1,4,32,6,0,6,7
2024-11-03,FAC0161,0,1,4,7,0,4,13
2023-03-10,FAC0081,1,4,13,25,1,4,7
2024-05-18,FAC0288,3,2,21,2,0,3,9
2024-10-23,FAC0245,4,5,28,16,2,1,23
2023-10-20,FAC0131,2,3,19,22,2,4,11
2023-12-03,FAC0025,3,3,16,10,0,3,13
2023-04-04,FAC0235,2,0,19,12,2,6,5
2024-11-13,FAC0198,2,1,13,5,1,4,11
2023-09-07,FAC0280,19,6,312,122,0,2,18
2023-06-23,FAC0234,1,0,5,6,0,2,7
2024-12-17,FAC0258,4,2,41,15,0,7,8
2023-07-18,FAC0026,0,0,10,3,2,4,11
2023-09-15,FAC0032,0,1,8,5,1,7,7
2024-05-02,FAC0220,12,3,225,20,1,2,10
2023-10-09,FAC0195,2,1,4,10,1,3,11
2023-01-15,FAC0272,0,2,10,12,0,7,10
2024-07-15,FAC0298,0,1,15,4,1,2,17
2023-08-19,FAC0087,1,1,9,8,0,6,15
2023-06-14,FAC0041,1,1,4,4,1,5,10
2023-07-29,FAC0124,30,24,78,182,8,3,22
2024-11-15,FAC0249,3,2,18,12,0,4,13
2024-01-04,FAC0037,25,2,112,59,2,6,18
2023-05-06,FAC0141,5,4,45,4,0,4,16
2023-03-04,FAC0167,2,4,40,24,0,2,7
2023-12-04,FAC0132,3,0,16,13,0,5,6
2023-07-12,FAC0104,2,0,29,13,0,10,6
2024-04-06,FAC0161,0,0,5,6,1,6,14
2024-04-02,FAC0198,2,1,10,8,1,3,7
2023-08-01,FAC0196,2,1,18,11,0,7,13
2024-12-15,FAC0118,4,0,34,4,0,4,13
2023-06-26,FAC0009,1,3,9,21,0,4,20
2023-01-27,FAC0207,0,1,21,14,1,7,7
2023-03-11,FAC0235,4,2,12,19,0,5,8
2023-04-07,FAC0032,1,0,5,8,0,9,7
2023-08-06,FAC0191,0,2,29,20,0,3,6
2023-03-26,FAC0204,1,1,4,2,0,5,14
2023-09-25,FAC0134,3,1,14,9,0,3,8
2023-04-23,FAC0257,0,1,11,12,1,3,12
2023-10-04,FAC0203,7,5,90,8,1,10,16
2023-03-17,FAC0106,2,3,13,27,1,6,10
2023-02-05,FAC0013,1,2,15,6,0,5,15
2023-12-25,FAC0293,3,0,9,15,0,5,14
2024-05-10,FAC0148,1,0,3,8,1,5,9
2023-06-13,FAC0153,4,3,30,6,1,1,9
2024-04-19,FAC0124,28,3,177,83,2,2,17
2024-11-01,FAC0296,3,13,216,183,3,5,16
2024-05-19,FAC0030,1,1,7,7,1,3,12
2023-08-07,FAC0187,15,27,109,236,3,9,12
2023-02-11,FAC0187,21,19,269,76,2,7,8
2023-06-08,FAC0204,0,1,4,2,0,5,18
2024-04-21,FAC0004,0,2,14,10,0,5,27
2024-01-20,FAC0262,0,0,9,13,1,4,7
2024-04-01,FAC0031,29,29,138,253,3,1,9
2024-10-24,FAC0066,11,28,178,184,7,4,9
2024-05-23,FAC0026,0,1,7,6,2,5,7
2024-02-29,FAC0166,0,2,7,10,0,4,18
2023-04-25,FAC0120,13,11,45,69,1,2,10
2023-09-04,FAC0044,4,3,31,5,2,6,22
2023-11-09,FAC0125,1,2,13,10,1,8,8
2023-03-20,FAC0139,2,6,30,41,2,4,14
2023-06-09,FAC0262,1,2,18,4,0,6,8
2023-12-24,FAC0291,2,4,13,25,0,4,13
2023-08-06,FAC0149,1,0,10,2,2,3,25
2023-08-02,FAC0291,2,0,23,15,1,5,13
2024-07-04,FAC0189,1,1,11,3,0,4,9
2024-01-04,FAC0094,8,2,41,16,0,4,12
2023-03-27,FAC0124,4,31,167,93,7,3,14
2023-01-05,FAC0196,3,2,26,3,0,6,18
2024-02-04,FAC0025,0,1,19,7,1,2,19
2024-08-21,FAC0190,2,4,44,37,2,10,14
2023-03-25,FAC0165,29,26,232,60,0,1,8
2023-03-13,FAC0176,1,3,16,9,1,8,8
2023-07-30,FAC0035,0,0,13,9,0,7,11
2023-09-11,FAC0054,40,58,227,261,5,5,21
2024-10-28,FAC0222,8,1,33,26,3,3,15
2024-03-11,FAC0084,1,3,25,6,2,5,6
2023-04-07,FAC0079,0,2,8,9,0,10,23
2023-09-13,FAC0065,12,5,66,19,2,5,12
2023-01-07,FAC0112,3,2,8,15,1,2,15
2023-08-11,FAC0024,0,0,11,2,2,3,21
2024-03-25,FAC0186,2,0,11,5,1,7,11
2023-03-28,FAC0084,0,0,27,4,1,4,9
2023-06-29,FAC0244,1,1,7,4,1,6,11
2024-03-13,FAC0290,4,2,15,14,1,10,8
2023-11-29,FAC0209,1,3,15,10,1,6,13
2024-10-19,FAC0299,3,3,10,19,0,4,15
2024-05-31,FAC0037,23,16,140,31,4,10,11
2024-12-13,FAC0122,1,1,8,7,1,2,11
2024-09-25,FAC0031,18,1,141,250,5,3,15
2023-12-17,FAC0233,1,0,2,6,1,11,16
2023-06-22,FAC0033,3,0,58,4,0,5,17
2024-10-07,FAC0276,3,2,16,17,1,4,8
2023-05-03,FAC0261,4,0,25,10,1,5,10
2023-01-20,FAC0153,4,0,33,3,4,3,10
2023-02-18,FAC0214,2,1,11,8,0,4,8
2024-03-27,FAC0088,1,0,23,16,0,10,9
2023-04-23,FAC0125,2,1,14,9,2,8,14
2023-10-10,FAC0290,0,2,23,6,1,7,13
2024-04-17,FAC0223,2,2,26,6,2,4,11
2024-08-31,FAC0282,4,4,30,5,0,3,17
2023-08-12,FAC0061,6,2,39,5,2,6,16
2024-02-10,FAC0129,3,1,32,8,0,4,20
2024-09-17,FAC0091,1,1,13,25,1,8,14
2023-08-21,FAC0012,0,1,7,3,1,3,14
2023-05-26,FAC0119,1,1,29,8,1,2,17
2024-01-10,FAC0203,11,6,45,53,3,7,12
2023-10-02,FAC0267,7,4,25,55,1,7,9
2023-05-04,FAC0285,52,18,187,183,2,6,11
2023-01-13,FAC0028,1,3,22,24,2,8,13
2023-04-02,FAC0054,67,20,306,182,5,4,14
2024-09-25,FAC0125,0,2,17,6,0,8,7
2024-02-14,FAC0273,4,1,20,11,1,5,4
2024-11-16,FAC0238,6,4,24,53,2,5,13
2023-07-04,FAC0134,2,0,11,12,1,3,7
2023-05-31,FAC0265,2,2,21,8,0,3,6
2023-11-29,FAC0286,0,1,11,7,1,3,10
2023-11-18,FAC0001,1,2,11,13,0,6,7
2023-04-15,FAC0167,1,1,29,35,1,2,7
2023-02-23,FAC0203,13,1,31,67,1,10,15
2024-09-29,FAC0114,4,1,24,12,1,6,19
2023-01-22,FAC0028,0,2,25,21,1,10,18
2024-12-31,FAC0163,0,0,14,15,0,4,12
2023-01-22,FAC0038,0,3,20,44,1,4,16
2023-12-13,FAC0152,35,32,201,74,2,5,16
2024-03-18,FAC0251,0,0,21,3,1,10,13
2024-07-28,FAC0116,14,9,121,57,0,5,10
2023-01-21,FAC0227,4,4,375,77,4,7,12
2024-07-16,FAC0166,1,1,8,9,0,5,16
2024-12-29,FAC0011,0,0,16,3,0,7,10
2024-09-03,FAC0143,3,5,81,13,1,5,9
2024-08-28,FAC0166,0,0,15,2,0,3,16
2023-03-28,FAC0134,2,2,8,15,1,1,9
2023-06-04,FAC0056,1,1,12,16,0,6,10
2024-12-02,FAC0207,2,1,24,11,0,4,8
2023-10-10,FAC0016,1,2,15,3,0,4,12
2024-02-11,FAC0236,4,2,22,6,0,1,14
2024-02-08,FAC0244,1,1,4,7,1,8,13
2024-04-08,FAC0249,1,0,23,7,1,2,20
2024-06-13,FAC0137,2,0,8,13,0,3,9
2023-10-24,FAC0131,5,0,26,15,1,3,11
2024-06-13,FAC0039,0,0,9,21,1,4,11
2024-05-21,FAC0276,4,2,27,6,0,4,12
2023-09-20,FAC0243,24,25,134,159,2,7,15
2023-03-04,FAC0291,1,2,18,20,0,6,13
2023-09-19,FAC0153,2,3,13,23,3,2,13
2024-12-03,FAC0032,0,0,11,2,0,12,13
2024-12-01,FAC0155,2,2,42,21,0,6,13
2023-01-19,FAC0100,29,21,131,145,2,4,19
2024-10-18,FAC0088,3,4,15,24,0,7,7
2023-08-10,FAC0289,4,5,17,29,0,4,13
2023-04-07,FAC0088,1,4,21,18,1,7,12
2024-10-31,FAC0280,12,23,347,87,1,3,10
2024-05-04,FAC0173,3,0,13,9,1,4,13
2023-08-05,FAC0055,43,11,164,268,0,8,14
2024-02-28,FAC0158,50,21,140,307,4,2,6
2024-08-24,FAC0252,9,4,46,50,2,6,13
2024-12-10,FAC0248,7,6,33,34,0,7,6
2023-12-22,FAC0027,1,35,164,190,2,6,10
2023-10-15,FAC0136,1,4,30,5,0,3,14
2024-03-29,FAC0026,1,0,5,8,2,8,13
2024-04-30,FAC0042,2,0,7,15,1,2,10
2024-06-08,FAC0264,7,3,35,38,2,4,18
2023-09-05,FAC0114,5,2,19,17,1,6,9
2023-03-06,FAC0235,3,2,25,6,2,4,7
2023-07-26,FAC0127,3,0,33,20,0,9,7
2024-07-27,FAC0056,4,1,13,15,0,8,10
2024-10-12,FAC0201,0,4,56,9,1,4,11
2024-02-04,FAC0067,4,2,13,14,0,5,18
2024-03-23,FAC0126,1,2,20,17,1,7,19
2024-09-27,FAC0224,0,1,10,2,0,5,16
2024-11-20,FAC0069,2,1,8,6,1,5,7
2024-07-05,FAC0228,1,2,20,4,1,9,18
2023-04-26,FAC0225,3,2,24,6,0,5,16
2024-05-05,FAC0189,0,0,8,6,0,5,14
2024-05-27,FAC0201,9,0,32,33,1,5,11
2024-04-26,FAC0091,3,1,28,10,0,4,14
2024-11-04,FAC0196,2,1,26,3,0,5,12
2023-12-17,FAC0124,17,22,176,84,4,3,15
2024-02-03,FAC0189,1,1,11,3,0,4,13
2023-12-11,FAC0076,1,3,35,2,1,9,14
2023-03-17,FAC0246,4,7,41,18,1,2,11
2024-07-07,FAC0217,6,8,29,66,0,7,20
2023-12-04,FAC0163,1,3,17,12,0,5,13
2023-12-04,FAC0085,1,0,3,5,1,5,11
2024-06-11,FAC0025,2,0,10,16,1,2,20
2024-09-26,FAC0125,0,0,15,8,0,7,12
2024-11-20,FAC0273,0,0,29,2,2,5,6
2023-01-06,FAC0218,1,1,4,7,0,7,19
2023-10-11,FAC0283,3,2,21,18,0,6,13
2023-08-07,FAC0203,12,1,69,29,3,9,15
2023-05-03,FAC0134,3,0,9,14,0,1,7
2024-04-04,FAC0262,2,1,20,2,1,5,13
2024-08-07,FAC0225,2,3,16,14,2,6,16
2023-08-09,FAC0147,1,3,22,19,4,3,10
2023-11-25,FAC0215,4,3,34,6,1,6,16
2024-03-19,FAC0172,6,2,13,30,1,4,11
2023-08-05,FAC0076,0,1,15,22,1,9,15
2023-12-31,FAC0214,1,1,17,2,2,5,10
2024-06-25,FAC0244,0,1,6,5,0,4,9
2023-10-26,FAC0083,3,1,18,3,1,6,7
2024-11-15,FAC0293,0,1,15,9,1,6,23
2023-01-04,FAC0028,3,4,33,13,0,7,15
2024-08-09,FAC0031,38,33,156,235,1,2,13
2023-10-28,FAC0282,5,2,16,19,2,3,11
2024-07-26,FAC0148,1,1,4,7,0,5,8
2024-02-03,FAC0005,2,0,6,10,0,7,15
2024-07-19,FAC0002,3,2,31,11,0,2,7
2023-09-30,FAC0087,2,0,11,6,0,7,10
2023-10-06,FAC0222,1,5,50,9,1,4,13
2024-02-19,FAC0021,1,0,12,7,1,6,18
2023-09-21,FAC0291,0,3,36,2,1,5,17
2023-06-28,FAC0085,0,1,5,3,0,3,10
2024-06-25,FAC0099,5,5,55,4,3,7,4
2023-09-14,FAC0179,5,3,38,5,1,7,11
2023-12-17,FAC0101,0,2,30,13,2,2,8
2024-07-04,FAC0103,5,5,24,35,1,3,10
2024-08-31,FAC0049,2,0,81,8,1,8,11
2024-07-25,FAC0179,5,4,39,4,1,9,7
2023-08-08,FAC0138,1,0,8,1,1,6,12
2024-03-20,FAC0100,10,31,180,96,4,5,19
2024-09-28,FAC0210,5,6,37,13,1,5,8
2023-02-26,FAC0007,2,4,39,9,0,5,16
2023-09-17,FAC0213,4,0,14,13,0,5,15
2023-06-30,FAC0289,2,0,42,4,0,3,8
2023-03-07,FAC0300,2,1,14,10,0,2,13
2024-09-05,FAC0164,0,1,11,3,1,4,15
2024-08-03,FAC0170,7,3,180,56,3,8,12
2024-05-17,FAC0276,3,1,14,19,1,3,8
2023-08-10,FAC0216,0,0,6,5,0,8,7
2024-10-18,FAC0161,0,1,6,5,0,5,15
2024-01-07,FAC0127,0,5,39,14,0,5,11
2024-02-11,FAC0047,0,0,4,2,0,3,9
2024-01-01,FAC0102,1,0,12,1,0,4,17
2024-03-17,FAC0172,6,5,38,5,2,3,13
2023-04-02,FAC0012,0,1,4,6,1,4,12
2023-11-11,FAC0222,4,4,25,34,2,6,14
2023-05-08,FAC0125,0,1,8,15,2,8,15
2023-08-31,FAC0199,1,0,19,12,0,3,25
2024-05-20,FAC0269,1,1,14,10,0,7,8
2023-12-12,FAC0228,2,1,19,5,1,7,12
2023-01-06,FAC0144,0,1,18,10,0,4,11
2024-04-30,FAC0273,0,2,20,11,0,3,4
2023-05-24,FAC0195,1,0,10,4,0,4,8
2024-02-09,FAC0090,3,1,18,12,1,5,8
2023-07-31,FAC0077,1,0,3,7,1,7,13
2024-03-10,FAC0083,2,2,9,12,2,8,8
2024-01-19,FAC0106,2,2,22,18,1,5,7
2023-12-18,FAC0266,14,1,86,10,1,5,12
2023-07-06,FAC0075,0,1,11,1,0,10,11
2023-11-24,FAC0063,3,1,22,10,0,3,14
2023-01-23,FAC0138,0,0,6,3,0,3,16
2023-11-25,FAC0263,0,1,18,22,2,5,8
2024-10-31,FAC0226,3,5,23,22,0,3,8
2024-06-15,FAC0233,1,1,7,1,0,5,17
2024-06-23,FAC0190,7,9,55,26,2,6,11
2023-11-27,FAC0231,1,0,6,5,0,1,12
2024-01-10,FAC0198,2,1,8,10,0,7,14
2023-12-21,FAC0091,2,0,19,19,0,7,13
2024-09-18,FAC0295,0,0,6,8,1,4,11
2024-01-03,FAC0034,0,0,9,1,0,7,9
2024-05-22,FAC0248,5,5,39,28,2,8,5
2024-02-24,FAC0043,0,4,36,13,0,10,10
2023-04-15,FAC0140,0,0,16,16,0,7,18
2024-08-27,FAC0068,0,2,16,11,0,5,12
2023-02-28,FAC0036,2,1,13,3,1,5,7
2023-05-04,FAC0130,2,0,19,5,1,6,17
2023-05-10,FAC0118,5,3,26,12,0,2,14
2024-08-03,FAC0233,0,1,7,1,1,10,18
2023-03-14,FAC0069,1,1,7,7,1,4,12
2024-07-26,FAC0033,9,3,45,17,1,5,17
2023-03-05,FAC0028,2,5,28,18,0,6,17
2023-08-03,FAC0234,1,0,3,8,1,2,6
2024-07-13,FAC0205,3,5,27,55,0,7,15
2023-06-07,FAC0157,1,2,22,8,0,4,12
2024-09-28,FAC0175,2,0,16,22,0,4,9
2023-06-26,FAC0274,1,5,61,31,1,3,16
2024-09-03,FAC0168,0,3,60,42,7,3,20
2024-06-27,FAC0215,3,4,27,13,3,5,17
2024-04-12,FAC0149,0,0,10,2,1,4,21
2024-09-23,FAC0209,0,1,15,10,1,3,15
2023-08-19,FAC0252,0,5,82,14,1,6,12
2023-02-26,FAC0058,1,1,11,4,1,4,9
2024-01-15,FAC0200,2,3,21,8,2,5,20
2023-12-09,FAC0056,2,1,16,12,0,8,9
2023-12-27,FAC0286,0,2,13,5,0,1,11
2023-03-15,FAC0022,0,2,12,6,0,3,12
2024-10-09,FAC0196,2,2,20,9,0,6,13
2023-10-18,FAC0214,1,2,11,8,2,3,10
2024-03-09,FAC0112,2,0,19,4,1,2,15
2023-05-30,FAC0193,3,2,14,10,0,10,10
2023-03-31,FAC0252,14,1,47,49,2,4,16
2023-11-18,FAC0268,1,1,39,4,1,2,10
2024-05-24,FAC0257,3,1,17,6,1,2,17
2024-01-05,FAC0248,8,8,36,31,0,7,4
2024-01-19,FAC0020,2,0,6,14,0,3,8
2024-01-21,FAC0134,3,1,21,2,0,2,8
2024-09-04,FAC0257,2,0,18,5,0,2,13
2023-05-13,FAC0060,1,11,57,71,1,9,8
2024-09-12,FAC0036,2,1,6,10,0,5,6
2023-08-24,FAC0182,1,0,9,16,1,7,15
2023-11-10,FAC0044,1,2,33,3,1,6,22
2023-12-22,FAC0092,50,2,316,26,3,3,9
2023-03-15,FAC0073,0,0,5,3,0,5,11
2024-03-14,FAC0278,12,10,74,83,1,4,18
2024-12-16,FAC0281,48,46,422,52,6,3,14
2023-08-09,FAC0089,0,7,54,7,0,6,7
2024-04-24,FAC0086,20,29,240,75,3,2,10
2024-03-08,FAC0275,2,2,11,18,1,5,9
2024-06-29,FAC0288,3,0,15,8,1,5,8
2023-06-09,FAC0257,2,0,7,16,0,4,18
2023-05-20,FAC0152,23,19,161,114,6,6,10
2024-08-04,FAC0068,0,0,18,9,1,6,11
2023-03-30,FAC0141,4,5,21,28,1,5,15
2024-09-28,FAC0059,1,3,22,14,2,6,8
2024-09-28,FAC0048,0,0,29,12,1,8,15
2024-09-07,FAC0160,5,4,19,17,1,5,9
2024-10-19,FAC0138,0,0,6,3,0,4,9
2024-10-16,FAC0120,10,5,51,63,5,2,9
2024-06-30,FAC0256,3,0,13,15,1,7,10
2024-03-18,FAC0142,10,19,205,154,8,2,17
2023-04-20,FAC0040,2,0,4,12,0,3,7
2024-02-09,FAC0035,2,0,11,11,0,4,13
2024-08-14,FAC0254,2,1,9,7,0,4,7
2024-02-22,FAC0079,2,1,14,3,1,5,15
2024-12-01,FAC0039,0,0,19,11,1,3,11
2024-10-10,FAC0105,2,0,19,11,2,5,25
2024-06-02,FAC0263,2,0,34,6,1,3,15
2023-05-23,FAC0143,14,8,89,5,0,5,16
2024-09-22,FAC0181,7,1,30,17,1,6,10
2024-02-26,FAC0126,0,4,31,6,1,6,24
2023-04-19,FAC0132,2,2,14,15,1,3,5
2024-02-14,FAC0092,49,39,298,44,2,6,7
2023-09-24,FAC0297,0,1,8,13,1,5,11
2024-07-03,FAC0020,2,2,7,13,0,4,10
2023-03-09,FAC0263,4,3,20,20,2,3,12
2024-02-13,FAC0261,2,1,24,11,4,3,15
2024-03-27,FAC0260,3,4,23,21,0,5,12
2024-04-08,FAC0122,0,1,13,2,1,3,16
2024-02-13,FAC0272,3,0,8,14,1,8,10
2023-07-28,FAC0299,2,1,13,16,1,7,16
2023-01-18,FAC0242,1,1,9,6,2,3,10
2023-05-03,FAC0095,2,1,28,12,2,3,15
2024-01-20,FAC0184,4,2,33,3,0,6,12
2024-11-28,FAC0009,0,2,22,8,0,4,12
2023-10-03,FAC0204,1,0,4,2,1,4,22
2023-09-10,FAC0051,70,11,351,129,9,7,10
2024-09-14,FAC0049,5,9,66,23,1,8,7
2023-01-03,FAC0068,3,1,8,19,1,4,7
2024-03-07,FAC0236,4,3,12,16,0,1,13
2023-01-02,FAC0196,2,2,19,10,1,7,11
2023-01-19,FAC0275,4,2,9,20,1,7,13
2024-07-23,FAC0142,18,36,231,128,3,2,9
2024-05-12,FAC0209,3,0,22,3,0,4,16
2023-10-21,FAC0074,0,1,7,1,1,3,7
2024-12-10,FAC0129,6,3,19,21,2,6,13
2023-06-08,FAC0293,2,1,15,9,1,6,16
2024-09-03,FAC0113,0,1,9,4,1,7,17
2024-05-14,FAC0027,40,4,187,167,0,6,12
2024-03-02,FAC0175,1,2,18,20,2,4,12
2024-05-26,FAC0188,29,17,200,108,5,1,14
2024-05-25,FAC0111,3,3,22,14,1,2,18
2024-08-17,FAC0167,5,2,32,32,1,1,10
2024-12-10,FAC0141,1,4,42,7,2,5,11
2023-10-27,FAC0021,0,2,14,5,0,6,13
2024-07-27,FAC0235,3,3,13,18,0,7,9
2023-02-01,FAC0051,15,30,303,177,5,6,13
2024-01-17,FAC0206,3,2,12,13,0,7,8
2023-04-16,FAC0011,0,0,6,13,1,6,8
2024-11-20,FAC0216,1,0,5,6,0,5,10
2024-02-01,FAC0300,3,0,13,11,0,4,16
2024-11-25,FAC0249,2,2,26,4,1,3,19
2024-11-09,FAC0244,1,0,3,8,1,7,14
2024-02-24,FAC0175,2,4,19,19,2,3,14
2023-08-22,FAC0292,2,2,19,4,0,7,9
2024-04-01,FAC0128,1,5,47,10,3,12,11
2023-11-20,FAC0029,0,1,11,8,1,3,18
2024-10-31,FAC0002,3,1,21,21,0,4,9
2024-11-19,FAC0025,2,3,11,15,0,3,27
2023-11-09,FAC0033,0,7,43,19,0,4,15
2024-04-20,FAC0194,6,4,28,19,2,5,18
2023-10-10,FAC0015,11,12,141,31,5,8,8
2024-12-14,FAC0003,3,1,14,6,1,4,11
2024-01-07,FAC0114,2,0,22,14,0,3,13
2024-02-16,FAC0253,0,1,11,25,2,1,10
2023-12-22,FAC0137,0,1,18,3,1,4,7
2023-08-09,FAC0131,6,1,25,16,2,4,8
2023-10-30,FAC0037,0,19,73,98,1,8,19
2024-04-21,FAC0193,0,0,16,8,1,5,8
2023-07-29,FAC0167,4,0,41,23,0,1,6
2023-01-03,FAC0156,15,2,61,39,1,6,5
2024-03-26,FAC0234,1,1,6,5,2,2,5
2023-06-27,FAC0113,0,0,11,2,0,7,18
2023-10-19,FAC0054,57,47,205,283,7,6,16
2023-10-19,FAC0019,3,1,10,21,1,7,8
2023-12-28,FAC0253,1,1,14,22,2,2,12
2024-01-07,FAC0228,1,2,19,5,1,8,16
2024-07-15,FAC0174,14,18,126,26,1,1,5
2023-05-30,FAC0180,5,14,119,59,4,3,13
2023-06-19,FAC0257,2,2,21,2,1,3,18
2024-05-03,FAC0093,40,36,248,55,2,8,10
2023-03-04,FAC0284,25,3,168,47,2,1,19
2024-09-19,FAC0010,1,1,12,1,0,4,11
2024-06-10,FAC0045,2,1,31,6,1,8,14
2023-05-01,FAC0193,1,2,20,4,1,7,6
2023-01-19,FAC0106,0,3,34,6,0,7,8
2024-01-10,FAC0158,42,53,303,144,5,1,6
2023-01-09,FAC0207,1,2,17,18,0,5,11
2024-07-01,FAC0203,0,5,83,15,2,10,16
2024-08-24,FAC0198,1,1,8,10,1,7,13
2024-02-23,FAC0001,1,0,10,14,0,3,5
2024-07-09,FAC0145,5,4,11,23,1,9,7
2023-02-11,FAC0027,36,40,191,163,1,3,9
2024-03-15,FAC0211,1,0,6,6,1,6,16
2024-12-02,FAC0055,1,43,162,270,0,5,10
2024-04-25,FAC0003,2,2,18,2,1,4,9
2024-12-02,FAC0159,3,3,19,22,1,6,8
2023-01-12,FAC0245,1,5,27,17,0,1,18
2023-07-13,FAC0008,2,2,12,12,1,3,6
2023-11-08,FAC0239,0,0,1,4,0,6,5
2024-09-10,FAC0037,4,7,104,67,4,10,17
2023-12-22,FAC0280,58,11,359,75,2,4,21
2023-02-09,FAC0049,2,10,76,13,0,7,8
2024-02-06,FAC0137,0,0,7,14,0,2,6
2023-03-02,FAC0014,3,2,41,3,1,4,19
2023-01-21,FAC0202,0,4,61,6,3,6,9
2024-08-12,FAC0086,25,24,250,65,8,3,10
2024-01-27,FAC0115,6,4,38,21,2,3,11
2023-05-24,FAC0046,2,1,10,5,0,4,12
2023-04-06,FAC0068,2,2,13,14,0,8,10
2023-06-11,FAC0135,0,3,28,2,1,8,12
2024-05-20,FAC0080,1,0,6,8,0,7,10
2024-09-03,FAC0156,11,10,61,39,4,7,9
2024-06-20,FAC0031,42,30,303,88,5,1,7
2024-07-03,FAC0049,0,7,32,57,2,6,10
2023-12-02,FAC0157,4,0,13,17,1,5,12
2023-05-11,FAC0215,6,1,26,14,1,3,14
2024-02-10,FAC0177,2,4,15,23,3,4,7
2024-11-11,FAC0246,8,4,25,34,0,2,16
2024-11-06,FAC0044,0,4,28,8,2,7,21
2023-12-20,FAC0180,7,1,164,14,9,3,12
2023-01-03,FAC0186,1,1,14,2,0,8,13
2024-04-26,FAC0016,2,2,15,3,2,6,16
2023-07-07,FAC0289,6,5,18,28,1,4,15
2024-07-03,FAC0034,1,0,5,5,1,6,15
2024-07-20,FAC0105,2,0,22,8,1,4,20
2023-06-12,FAC0148,1,0,4,7,1,4,8
2023-10-01,FAC0185,31,28,128,126,7,10,13
2023-09-08,FAC0264,6,6,66,7,1,3,14
2024-11-20,FAC0054,58,13,281,207,5,3,16
2023-06-24,FAC0275,0,0,13,16,0,8,13
2024-08-08,FAC0004,3,2,9,15,0,8,14
2024-10-14,FAC0259,0,1,15,4,1,3,18
2024-05-18,FAC0125,3,0,12,11,0,6,14
2024-02-02,FAC0010,0,0,6,7,0,5,14
2023-02-27,FAC0251,0,1,17,7,0,10,13
2024-07-27,FAC0015,1,14,97,75,3,10,12
2023-09-05,FAC0297,3,0,16,5,0,6,10
2024-02-07,FAC0294,2,0,13,15,1,10,8
2024-09-17,FAC0166,0,1,15,2,1,4,13
2024-02-05,FAC0089,1,5,49,12,2,4,10
2023-06-29,FAC0087,1,0,8,9,0,5,11
2023-02-04,FAC0124,24,6,183,77,6,2,15
2024-05-07,FAC0011,1,2,16,3,1,4,10
2024-05-09,FAC0113,1,0,5,8,0,7,9
2023-07-04,FAC0204,1,0,4,2,1,4,19
2023-03-06,FAC0077,0,1,5,5,1,6,9
2023-05-29,FAC0033,9,5,20,42,1,4,12
2023-12-31,FAC0244,0,1,7,4,0,5,11
2023-07-08,FAC0002,6,4,28,14,1,5,10
2024-12-03,FAC0276,3,3,11,22,1,6,11
2024-09-16,FAC0206,3,2,20,5,0,5,17
2024-03-10,FAC0169,2,8,58,29,1,5,12
2023-02-06,FAC0235,3,0,17,14,1,6,7
2023-01-24,FAC0151,6,6,48,18,1,1,8
2024-11-24,FAC0089,3,7,18,43,0,4,7
2023-12-09,FAC0054,43,40,435,53,0,7,21
2024-11-26,FAC0218,1,1,5,6,0,9,19
2024-03-23,FAC0009,1,1,25,5,1,5,17
2024-08-02,FAC0271,0,0,11,10,0,4,13
2024-10-19,FAC0248,5,6,37,30,1,9,6
2023-12-04,FAC0290,1,2,13,16,0,10,8
2024-01-06,FAC0012,0,0,5,5,0,3,18
2024-09-11,FAC0173,1,1,10,12,0,4,10
2023-01-07,FAC0238,3,8,38,39,2,3,13
2024-12-30,FAC0191,6,2,45,4,0,5,7
2024-08-31,FAC0188,26,31,200,108,3,1,13
2023-04-22,FAC0237,1,1,19,10,0,2,9
2024-11-26,FAC0073,0,1,6,2,0,3,17
2023-12-21,FAC0039,0,0,11,19,1,4,17
2023-03-16,FAC0225,2,3,28,2,2,5,8
2023-11-05,FAC0135,2,0,16,14,0,6,16
2023-06-06,FAC0090,3,1,15,15,1,4,14
2023-05-01,FAC0274,9,8,54,38,1,3,20
2023-06-12,FAC0072,1,0,42,26,0,12,19
2023-06-30,FAC0237,1,3,27,2,1,2,11
2024-09-07,FAC0086,29,18,199,116,1,3,10
2024-12-09,FAC0276,2,3,26,7,0,7,7
2024-06-03,FAC0107,11,0,25,51,3,6,20
2023-06-09,FAC0009,2,3,15,15,2,4,18
2023-02-25,FAC0281,18,45,165,309,4,3,12
2024-05-07,FAC0237,4,0,16,13,1,5,10
2024-03-11,FAC0054,29,1,388,100,7,5,16
2024-03-06,FAC0248,0,0,37,30,1,7,5
2024-03-01,FAC0269,3,2,21,3,1,7,12
2024-11-10,FAC0275,1,2,11,18,0,11,14
2023-08-13,FAC0280,29,42,161,273,2,3,14
2023-12-13,FAC0190,5,0,39,42,1,11,13
2024-02-20,FAC0114,0,1,13,23,3,4,11
2024-06-27,FAC0084,4,2,17,14,0,3,7
2024-07-07,FAC0212,3,2,33,22,6,7,9
2023-05-22,FAC0176,0,2,15,10,1,10,9
2023-05-27,FAC0260,6,1,35,9,2,5,18
2023-01-29,FAC0029,2,2,16,3,0,4,13
2024-02-15,FAC0194,6,3,25,22,1,8,22
2023-01-12,FAC0131,5,4,22,19,2,2,14
2023-06-27,FAC0286,2,2,10,8,2,3,10
2024-11-20,FAC0076,1,2,33,4,1,7,10
2024-10-30,FAC0292,2,0,15,8,0,6,15
2024-03-23,FAC0132,2,1,15,14,0,7,11
2023-02-08,FAC0042,0,1,9,13,1,2,8
2023-05-04,FAC0032,1,1,4,9,0,6,13
2023-09-07,FAC0186,1,0,13,3,1,6,8
2024-05-29,FAC0059,2,4,28,8,2,6,11
2023-01-14,FAC0177,1,4,18,20,0,5,9
2023-05-20,FAC0089,2,4,51,10,1,7,9
2023-04-07,FAC0097,8,9,35,51,0,5,17
2024-01-13,FAC0299,4,3,11,18,0,6,8
2024-05-01,FAC0080,2,1,11,3,0,4,8
2024-11-15,FAC0046,0,1,7,8,0,3,8
2023-07-01,FAC0161,1,0,9,2,1,6,8
2024-08-17,FAC0204,1,0,4,2,1,5,22
2024-01-02,FAC0270,4,5,44,5,1,2,15
2024-03-04,FAC0254,1,0,13,3,0,6,5
2024-03-10,FAC0055,17,10,390,42,1,6,9
2023-06-13,FAC0223,4,0,28,4,1,7,11
2023-11-18,FAC0029,0,2,10,9,0,3,12
2023-09-20,FAC0135,2,2,9,21,1,11,22
2023-12-21,FAC0275,2,2,19,10,0,5,12
2023-04-24,FAC0291,1,2,15,23,1,3,18
2023-01-12,FAC0116,3,12,142,36,2,7,10
2023-09-26,FAC0233,1,0,6,2,0,6,12
2023-05-01,FAC0294,0,2,21,7,0,8,12
2023-01-29,FAC0134,1,0,13,10,0,2,8
2023-06-28,FAC0019,2,3,9,22,0,9,8
2023-10-21,FAC0103,0,5,49,10,3,4,6
2023-01-11,FAC0241,1,0,8,7,0,4,15
2024-12-09,FAC0272,3,0,12,10,0,5,15
2023-12-10,FAC0285,50,7,257,113,1,5,20
2023-05-10,FAC0011,2,2,8,11,0,7,6
2023-11-06,FAC0040,0,1,6,10,1,3,10
2024-08-16,FAC0073,0,1,3,5,0,2,21
2023-07-31,FAC0021,0,0,14,5,0,6,10
2023-07-05,FAC0141,2,4,37,12,2,6,15
2024-10-06,FAC0222,5,7,50,9,4,6,11
2024-05-08,FAC0278,10,8,93,64,1,7,11
2023-11-30,FAC0177,0,3,18,20,0,3,8
2024-11-23,FAC0271,0,0,8,13,0,5,16
2024-07-04,FAC0148,0,1,5,6,0,3,8
2023-05-27,FAC0116,22,5,54,124,0,8,13
2024-03-17,FAC0208,4,1,13,26,1,3,10
2024-11-05,FAC0018,0,1,10,1,1,7,19
2023-11-17,FAC0078,0,0,9,19,1,4,15
2023-12-23,FAC0220,34,4,153,92,4,1,11
2023-06-18,FAC0152,26,22,154,121,6,8,9
2024-11-03,FAC0247,1,0,4,8,1,2,13
2023-12-10,FAC0286,1,0,13,5,2,3,10
2024-09-04,FAC0049,2,0,81,8,0,5,6
2023-02-20,FAC0157,1,0,9,21,1,5,9
2023-04-03,FAC0256,2,3,21,7,1,4,17
2023-03-25,FAC0259,1,1,14,5,2,5,26
2023-06-14,FAC0131,0,0,20,21,2,3,10
2023-10-06,FAC0209,1,2,20,5,1,7,14
2024-12-01,FAC0071,1,1,7,4,1,5,13
2023-12-24,FAC0079,1,1,15,2,1,10,27
2024-03-21,FAC0086,29,31,280,35,5,1,15
2023-02-07,FAC0042,2,1,18,4,0,2,16
2023-07-03,FAC0299,0,1,13,16,1,8,16
2024-01-18,FAC0002,0,3,36,6,0,4,7
2024-08-31,FAC0158,38,41,303,144,1,2,3
2024-05-08,FAC0281,24,32,436,38,5,5,7
2024-09-26,FAC0261,5,0,11,24,0,4,17
2024-02-17,FAC0065,0,7,57,28,3,4,9
2024-05-19,FAC0225,2,2,13,17,1,4,11
2024-08-05,FAC0181,3,5,14,33,1,6,11
2023-11-16,FAC0003,3,0,6,14,0,3,10
2024-03-18,FAC0299,0,2,19,10,0,5,10
2024-09-01,FAC0290,1,3,10,19,1,11,11
2023-02-15,FAC0198,2,0,12,6,0,4,8
2024-11-06,FAC0024,1,1,5,8,1,4,23
2024-10-14,FAC0086,24,27,192,123,6,1,8
2024-03-29,FAC0165,27,34,273,19,0,1,8
2023-11-26,FAC0298,2,0,17,2,1,1,17
2023-08-23,FAC0281,9,21,251,223,5,3,12
2024-10-04,FAC0220,26,0,104,141,1,1,16
2024-02-12,FAC0115,6,5,23,36,0,4,17
2023-08-28,FAC0295,1,1,7,7,1,5,10
2024-08-17,FAC0199,3,0,10,21,2,1,25
2024-02-07,FAC0251,0,1,16,8,0,8,7
2023-01-06,FAC0109,3,2,8,16,1,2,10
2024-03-05,FAC0138,1,1,4,5,1,4,14
2023-12-14,FAC0106,5,0,26,14,2,4,10
2024-12-22,FAC0218,0,0,9,2,1,6,13
2023-10-05,FAC0300,1,2,21,3,0,3,18
2024-02-25,FAC0228,2,2,13,11,1,7,11
2024-03-24,FAC0079,2,2,10,7,0,6,18
2023-04-09,FAC0157,3,0,27,3,0,6,6
2023-05-12,FAC0114,4,3,10,26,1,5,19
2024-05-23,FAC0295,1,1,12,2,0,4,17
2023-06-05,FAC0021,1,1,16,3,1,5,17
2024-12-16,FAC0020,1,0,7,13,0,4,6
2024-04-29,FAC0166,1,1,13,4,0,3,14
2024-09-25,FAC0078,3,0,24,4,0,3,8
2023-12-31,FAC0022,2,0,12,6,0,3,9
2023-10-30,FAC0022,1,2,14,4,1,3,11
2024-05-12,FAC0175,2,1,34,4,3,2,15
2024-02-17,FAC0239,1,1,1,4,0,5,8
2024-06-17,FAC0054,52,15,461,27,1,4,17
2023-05-13,FAC0115,7,4,53,6,1,6,12
2024-03-16,FAC0057,0,0,6,5,1,9,13
2024-02-04,FAC0244,0,0,8,3,0,8,11
2024-12-22,FAC0097,3,0,32,54,1,5,17
2024-11-20,FAC0179,2,0,16,27,0,6,10
2023-08-04,FAC0136,1,0,22,13,0,6,13
2024-04-13,FAC0180,25,0,136,42,1,3,9
2023-10-09,FAC0261,2,3,10,25,1,5,13
2023-10-12,FAC0147,4,0,34,7,1,5,12
2024-11-07,FAC0298,0,2,16,3,1,2,18
2024-12-05,FAC0223,3,2,27,5,1,6,10
2024-01-29,FAC0103,4,1,27,32,3,3,7
2023-04-04,FAC0042,0,0,15,7,1,3,15
2023-11-17,FAC0179,6,3,19,24,0,10,8
2023-10-09,FAC0107,7,6,27,49,0,3,17
2023-08-26,FAC0151,2,3,58,8,3,2,13
2024-11-05,FAC0170,0,4,164,72,4,10,10
2024-06-03,FAC0019,1,0,12,19,1,6,13
2024-09-02,FAC0112,3,1,10,13,2,4,14
2024-10-13,FAC0150,1,2,11,19,1,3,12
2024-12-17,FAC0062,2,0,20,2,1,2,10
2024-06-29,FAC0272,3,1,18,4,0,4,11
2024-12-22,FAC0007,6,3,20,28,0,10,9
2023-07-13,FAC0290,0,1,12,17,1,7,13
2023-03-12,FAC0157,1,3,21,9,1,6,7
2023-05-28,FAC0048,4,1,17,24,1,8,24
2024-12-14,FAC0292,3,0,8,15,1,7,11
2024-05-03,FAC0096,1,3,30,4,0,4,11
2023-08-25,FAC0119,2,3,14,23,1,2,14
2023-05-15,FAC0084,1,2,20,11,0,3,4
2023-05-27,FAC0143,7,9,53,41,2,7,17
2024-05-01,FAC0116,13,1,82,96,3,7,8
2023-05-29,FAC0206,0,3,16,9,0,5,17
2023-02-17,FAC0094,4,4,22,35,2,3,9
2023-04-26,FAC0085,0,1,7,1,1,5,5
2024-04-11,FAC0249,2,0,27,3,0,2,18
2024-05-19,FAC0284,4,7,172,43,5,3,14
2023-12-24,FAC0208,2,4,16,23,0,2,15
2023-10-17,FAC0135,4,1,26,4,1,7,12
2023-07-02,FAC0186,1,0,13,3,0,6,10
2023-12-03,FAC0070,0,8,146,42,0,2,21
2023-10-17,FAC0168,2,2,54,48,7,4,17
2024-10-29,FAC0164,1,1,7,7,1,6,9
2024-12-16,FAC0004,3,0,13,11,0,6,16
2024-02-03,FAC0275,2,0,16,13,1,7,13
2024-05-17,FAC0082,0,2,15,8,0,6,10
2023-01-31,FAC0112,2,1,7,16,2,4,9
2023-01-26,FAC0186,0,1,7,9,1,5,9
2023-11-10,FAC0129,2,2,34,6,2,4,11
2024-06-15,FAC0275,1,3,19,10,0,11,9
2023-03-11,FAC0034,1,1,5,5,1,5,8
2023-11-17,FAC0146,0,0,3,6,0,3,13
2024-09-29,FAC0143,14,7,61,33,1,6,18
2024-08-26,FAC0243,4,29,228,65,0,6,21
2023-01-06,FAC0047,1,1,2,4,1,6,11
2024-02-20,FAC0299,4,0,13,16,0,5,8
2023-03-03,FAC0144,2,1,21,7,2,4,13
2024-08-01,FAC0128,8,3,43,14,2,10,10
2023-03-25,FAC0043,7,3,15,34,1,9,16
2023-12-26,FAC0148,1,1,6,5,1,4,9
2024-12-04,FAC0119,4,4,20,17,0,2,12
2023-04-26,FAC0223,3,2,20,12,1,5,11
2024-05-14,FAC0121,6,2,31,14,1,1,11
2023-02-05,FAC0145,0,3,24,10,2,9,10
2024-06-19,FAC0162,5,5,30,30,1,8,13
2023-02-08,FAC0137,3,0,14,7,1,4,12
2024-04-19,FAC0269,2,0,7,17,1,5,8
2023-11-06,FAC0119,0,1,14,23,0,2,17
2023-04-15,FAC0002,0,1,26,16,1,2,8
2024-10-09,FAC0251,0,2,16,8,0,8,7
2024-10-31,FAC0187,27,34,121,224,3,7,14
2024-02-13,FAC0268,5,3,21,22,1,1,10
2023-08-04,FAC0205,6,6,50,32,4,4,14
2023-05-22,FAC0039,2,1,24,6,0,3,19
2023-08-17,FAC0229,2,0,14,9,0,4,8
2023-07-05,FAC0094,8,2,20,37,3,3,9
2024-06-16,FAC0265,0,3,20,9,1,7,10
2023-11-30,FAC0069,2,0,11,3,1,3,12
2024-01-07,FAC0155,7,7,22,41,1,6,8
2024-01-29,FAC0229,1,1,20,3,0,5,11
2023-03-13,FAC0244,1,0,9,2,1,7,10
2024-05-24,FAC0224,1,1,3,9,2,4,8
2024-12-04,FAC0242,0,1,4,11,0,4,14
2023-03-05,FAC0030,0,0,5,9,1,4,7
2024-12-07,FAC0176,1,1,19,6,1,6,14
2024-07-28,FAC0043,3,5,18,31,0,8,15
2023-10-05,FAC0284,1,21,122,93,0,3,10
2023-05-07,FAC0130,3,2,15,9,1,4,20
2023-06-28,FAC0202,6,6,52,15,0,3,13
2023-10-31,FAC0006,16,14,98,146,9,6,12
2024-12-20,FAC0091,5,1,24,14,2,8,12
2023-05-26,FAC0250,3,0,7,14,0,7,6
2023-08-14,FAC0062,1,0,14,8,0,2,7
2023-12-22,FAC0059,4,0,31,5,0,5,8
2024-10-05,FAC0007,2,0,21,27,1,10,10
2024-09-18,FAC0268,6,0,38,5,2,1,10
2023-08-16,FAC0131,0,4,16,25,0,3,13
2023-08-15,FAC0217,11,4,54,41,0,6,16
2024-11-05,FAC0111,2,3,25,11,0,3,14
2023-12-25,FAC0071,0,0,9,2,0,6,9
2024-03-24,FAC0054,47,25,160,328,0,3,14
2024-05-24,FAC0030,1,0,12,2,0,3,6
2024-04-06,FAC0021,2,0,7,12,0,5,16
2023-07-01,FAC0080,2,0,6,8,0,4,15
2023-12-31,FAC0277,1,1,6,8,1,4,23
2024-03-14,FAC0190,2,8,63,18,2,11,12
2024-10-10,FAC0120,4,10,47,67,9,3,8
2023-11-02,FAC0199,0,1,22,9,0,1,14
2023-01-17,FAC0016,0,1,6,12,1,4,19
2023-02-20,FAC0009,2,0,19,11,2,4,13
2024-04-09,FAC0054,54,28,452,36,6,4,17
2023-04-24,FAC0044,1,4,31,5,1,5,17
2024-02-15,FAC0197,5,0,35,3,2,5,7
2023-09-24,FAC0280,57,50,245,189,0,4,17
2024-10-04,FAC0025,1,0,14,12,0,1,17
2023-09-23,FAC0032,0,1,5,8,0,8,7
2023-08-12,FAC0128,5,1,48,9,2,8,11
2023-01-13,FAC0195,1,1,12,2,0,4,10
2023-06-14,FAC0188,12,14,142,166,1,1,18
2024-12-11,FAC0133,1,5,22,37,2,3,8
2023-05-07,FAC0174,10,9,80,72,1,1,8
2023-06-09,FAC0146,0,1,5,4,1,2,13
2023-03-22,FAC0003,2,0,10,10,1,3,8
2024-11-24,FAC0227,25,36,249,203,2,5,13
2024-04-11,FAC0019,4,1,15,16,1,10,12
2024-10-16,FAC0002,1,1,30,12,1,5,10
2024-09-08,FAC0277,1,1,11,3,0,5,20
2024-08-17,FAC0191,3,0,18,31,1,4,10
2023-11-16,FAC0224,1,1,10,2,1,6,9
2023-08-06,FAC0107,5,2,53,23,1,6,16
2024-02-27,FAC0227,45,6,365,87,6,9,8
2024-02-05,FAC0224,1,1,7,5,1,8,12
2023-10-23,FAC0117,0,1,7,11,1,4,16
2023-04-03,FAC0263,2,3,29,11,1,6,10
2024-08-03,FAC0236,0,0,25,3,1,3,15
2023-04-11,FAC0027,36,36,181,173,5,3,11
2024-03-26,FAC0029,1,1,9,10,1,5,12
2024-12-03,FAC0118,1,0,23,15,0,3,15
2023-09-29,FAC0243,5,28,208,85,2,6,20
2023-02-10,FAC0190,9,3,58,23,0,9,9
2023-12-21,FAC0034,0,0,7,3,0,7,14
2024-01-26,FAC0247,1,1,6,6,0,2,7
2023-02-09,FAC0295,1,0,4,10,0,8,13
2024-11-02,FAC0291,2,1,16,22,0,5,17
2023-11-16,FAC0093,14,33,258,45,4,7,19
2023-04-04,FAC0173,2,0,13,9,0,4,18
2024-01-05,FAC0054,29,22,301,187,1,3,14
2024-11-03,FAC0273,4,1,21,10,2,3,6
2024-05-16,FAC0126,4,3,18,19,1,3,22
2024-07-22,FAC0093,25,35,148,155,0,8,18
2023-03-12,FAC0075,0,1,4,8,0,8,10
2024-08-12,FAC0110,3,1,19,22,1,8,17
2023-06-29,FAC0190,12,6,71,10,1,10,11
2023-12-03,FAC0222,1,1,36,23,1,4,11
2024-04-27,FAC0197,3,1,19,19,0,7,9
2024-10-17,FAC0153,0,0,14,22,2,3,10
2023-11-21,FAC0056,3,1,16,12,1,7,8
2023-08-01,FAC0011,1,1,12,7,1,6,9
2023-01-09,FAC0169,8,6,45,42,0,3,18
2023-10-27,FAC0194,7,3,42,5,2,7,12
2023-04-06,FAC0207,5,3,19,16,0,5,12
2023-06-11,FAC0153,0,4,13,23,3,2,14
2024-02-11,FAC0218,0,1,5,6,0,10,16
2023-08-05,FAC0278,14,6,52,105,6,6,18
2024-11-23,FAC0116,26,2,98,80,0,11,9
2024-08-01,FAC0045,1,0,24,13,1,8,13
2023-02-13,FAC0201,9,3,30,35,1,2,7
2023-08-28,FAC0225,0,3,21,9,0,4,13
2024-02-22,FAC0214,1,0,14,5,1,4,5
2024-02-07,FAC0176,1,1,16,9,0,7,15
2024-03-06,FAC0176,3,0,23,2,1,6,7
2023-03-18,FAC0048,2,1,20,21,0,9,16
2023-09-01,FAC0231,1,1,3,8,1,1,9
2024-08-28,FAC0161,0,1,9,2,1,5,9
2024-06-19,FAC0033,5,7,41,21,0,2,14
2024-11-21,FAC0251,1,2,20,4,1,5,8
2024-07-27,FAC0160,2,2,19,17,0,3,9
2023-04-27,FAC0277,1,1,6,8,0,3,14
2023-12-28,FAC0222,2,0,33,26,4,7,10
2024-01-29,FAC0164,1,1,12,2,0,3,12
2024-04-15,FAC0048,2,1,33,8,0,7,13
2024-04-30,FAC0048,3,1,29,12,1,6,22
2023-06-03,FAC0028,0,3,24,22,1,6,12
2024-03-10,FAC0285,37,12,227,143,2,3,22
2024-11-05,FAC0195,1,0,4,10,1,5,5
2024-10-28,FAC0197,3,2,33,5,0,8,11
2024-12-04,FAC0132,3,0,25,4,0,7,9
2023-02-02,FAC0013,1,2,14,7,1,4,8
2024-01-27,FAC0234,1,1,5,6,1,1,8
2023-09-18,FAC0093,38,36,181,122,2,6,14
2024-03-01,FAC0029,2,1,14,5,0,3,18
2023-08-25,FAC0282,0,0,25,10,0,2,11
2024-09-03,FAC0278,6,9,136,21,6,6,18
2023-02-24,FAC0072,1,8,32,36,2,7,11
2023-05-23,FAC0232,8,4,50,50,2,1,13
2023-12-25,FAC0181,1,3,39,8,0,6,13
2024-08-15,FAC0185,34,9,226,28,7,11,10
2023-02-13,FAC0152,12,25,112,163,4,8,11
2023-12-22,FAC0057,0,1,6,5,2,9,18
2023-01-07,FAC0039,1,3,15,15,0,2,19
2024-06-09,FAC0258,7,6,37,19,0,5,10
2023-10-03,FAC0150,4,0,22,8,0,2,9
2023-11-20,FAC0229,2,1,16,7,1,5,9
2023-01-14,FAC0200,1,0,24,5,2,8,13
2024-12-27,FAC0232,6,0,83,17,1,2,9
2024-05-02,FAC0018,1,1,4,7,0,5,14
2024-02-17,FAC0226,0,0,42,3,1,6,10
2024-02-23,FAC0042,2,0,6,16,0,4,11
2023-03-23,FAC0073,0,1,3,5,0,2,14
2024-02-27,FAC0242,0,0,9,6,1,4,8
2024-10-27,FAC0100,24,29,226,50,2,6,18
2024-08-29,FAC0120,13,11,38,76,1,3,6
2024-01-29,FAC0293,0,2,8,16,1,4,21
2023-09-29,FAC0287,3,2,22,14,2,1,14
2023-02-25,FAC0193,2,0,17,7,1,6,6
2024-11-28,FAC0105,1,3,14,16,0,5,25
2023-05-05,FAC0159,6,1,29,12,0,4,15
2023-11-02,FAC0155,0,3,28,35,2,3,9
2023-10-27,FAC0171,2,1,14,2,1,5,10
2023-08-20,FAC0166,1,0,9,8,0,3,9
2023-12-04,FAC0211,1,1,4,8,1,8,17
2024-05-03,FAC0089,2,3,40,21,1,7,12
2023-01-03,FAC0108,4,3,25,9,1,3,13
2023-10-06,FAC0285,22,24,135,235,2,5,16
2023-01-15,FAC0137,3,0,8,13,0,5,8
2023-07-24,FAC0025,1,3,24,2,0,1,21
2023-02-22,FAC0084,2,3,15,16,2,5,5
2023-03-20,FAC0185,18,0,214,40,3,7,19
2023-09-21,FAC0280,22,15,386,48,0,2,18
2024-07-23,FAC0231,1,1,8,3,1,2,13
2023-03-30,FAC0014,1,4,23,21,0,3,21
2024-11-10,FAC0068,4,1,17,10,1,6,6
2023-08-14,FAC0156,4,6,51,49,2,5,7
2024-04-14,FAC0007,3,2,44,4,0,6,16
2024-05-20,FAC0155,1,5,50,13,0,3,14
2023-07-19,FAC0085,0,1,5,3,0,4,5
2024-04-07,FAC0193,1,1,13,11,0,6,8
2023-06-09,FAC0206,1,2,12,13,1,4,11
2023-05-28,FAC0025,0,1,18,8,0,3,20
2023-04-02,FAC0300,3,1,17,7,0,4,9
2024-03-06,FAC0268,3,1,31,12,0,1,14
2023-03-07,FAC0261,2,4,30,5,4,4,17
2024-04-27,FAC0213,1,2,19,8,1,7,15
2024-12-29,FAC0276,4,1,18,15,1,7,15
2023-10-13,FAC0024,0,1,8,5,0,3,12
2024-04-25,FAC0143,2,5,49,45,1,8,17
2023-09-15,FAC0006,16,19,76,168,3,7,17
2024-05-24,FAC0239,1,0,2,3,1,6,8
2023-05-30,FAC0271,1,2,19,2,0,3,16
2024-05-26,FAC0150,0,3,15,15,0,3,16
2023-02-28,FAC0140,3,1,22,10,1,5,16
2024-02-09,FAC0190,7,7,45,36,1,9,15
2024-02-28,FAC0085,0,1,2,6,1,3,9
2023-10-02,FAC0216,0,1,7,4,0,4,11
2024-04-24,FAC0044,1,3,31,5,1,5,23
2024-03-22,FAC0243,6,26,186,107,1,6,21
2024-07-29,FAC0080,1,1,8,6,1,4,10
2024-12-26,FAC0176,3,0,12,13,1,7,10
2023-10-28,FAC0051,65,10,360,120,3,10,9
2023-06-04,FAC0120,13,3,92,22,4,4,7
2023-02-04,FAC0028,2,0,34,12,1,8,18
2024-01-21,FAC0190,7,9,69,12,0,10,11
2024-07-31,FAC0226,5,2,34,11,0,6,11
2024-02-24,FAC0071,1,1,7,4,1,4,11
2024-03-03,FAC0152,18,1,199,76,6,5,14
2024-11-09,FAC0232,6,2,39,61,3,2,7
2023-04-29,FAC0264,0,1,51,22,1,3,9
2023-08-16,FAC0216,1,1,3,8,1,4,7
2024-07-11,FAC0221,12,13,276,44,1,4,11
2023-04-15,FAC0234,0,0,5,6,1,1,8
2023-07-29,FAC0062,1,0,18,4,1,2,9
2023-09-29,FAC0161,0,0,7,4,2,3,13
2024-11-18,FAC0274,13,9,82,10,1,5,10
2023-11-18,FAC0025,3,0,18,8,1,3,19
2024-09-08,FAC0228,2,2,9,15,0,10,10
2023-12-30,FAC0170,16,21,196,40,2,8,8
2024-05-12,FAC0098,3,1,33,3,1,8,6
2023-05-13,FAC0027,20,6,177,177,2,6,12
2024-11-23,FAC0260,0,5,26,18,0,2,18
2024-01-11,FAC0002,1,1,20,22,0,5,10
2023-11-06,FAC0075,0,1,5,7,1,11,18
2024-02-26,FAC0052,0,0,7,8,1,7,24
2024-05-14,FAC0040,0,0,14,2,0,5,7
2023-07-29,FAC0205,9,0,57,25,4,7,9
2023-11-28,FAC0283,5,2,35,4,2,6,7
2024-02-20,FAC0040,1,1,11,5,1,4,8
2023-09-08,FAC0266,6,8,73,23,1,7,16
2024-02-02,FAC0293,3,2,14,10,1,6,27
2024-05-22,FAC0187,47,32,141,204,4,7,7
2023-10-31,FAC0231,0,0,7,4,1,1,15
2024-10-18,FAC0059,0,3,30,6,1,5,6
2024-02-08,FAC0243,41,19,96,197,0,9,15
2023-02-10,FAC0184,5,4,15,21,1,4,15
2024-08-05,FAC0077,0,1,6,4,1,5,10
2023-12-18,FAC0212,6,5,45,10,2,3,18
2024-05-29,FAC0282,4,3,25,10,0,2,16
2023-08-11,FAC0240,0,1,13,3,0,7,12
2024-03-05,FAC0278,3,14,148,9,4,7,16
2024-08-29,FAC0152,38,18,105,170,0,7,8
2023-09-24,FAC0094,7,5,32,25,1,4,7
2024-09-27,FAC0148,1,0,3,8,1,4,13
2023-09-04,FAC0150,0,2,23,7,0,1,11
2024-08-14,FAC0290,1,3,22,7,1,9,14
2023-07-28,FAC0112,1,1,18,5,0,5,18
2024-09-02,FAC0300,0,0,11,13,0,2,16
2023-09-16,FAC0068,1,3,13,14,0,7,12
2024-05-26,FAC0076,3,0,27,10,1,8,13
2023-09-04,FAC0175,3,0,27,11,0,5,13
2024-09-19,FAC0045,3,0,25,12,0,6,16
2023-08-29,FAC0038,5,5,38,26,0,5,11
2023-04-07,FAC0018,1,0,9,2,0,6,14
2024-07-25,FAC0147,6,0,28,13,3,7,15
2024-04-24,FAC0142,17,16,326,33,8,2,12
2024-12-25,FAC0146,0,1,7,2,0,1,14
2023-11-25,FAC0224,1,1,6,6,2,8,11
2023-08-12,FAC0035,1,0,13,9,0,6,8
2023-06-28,FAC0211,1,1,7,5,0,5,19
2023-01-14,FAC0021,0,1,11,8,0,4,18
2024-10-22,FAC0294,0,1,25,3,1,10,12
2024-03-30,FAC0217,6,6,33,62,1,7,19
2023-01-26,FAC0075,1,0,9,3,0,9,14
2023-01-03,FAC0251,1,0,18,6,1,8,7
2023-06-19,FAC0163,2,2,23,6,0,4,10
2023-07-30,FAC0183,3,1,22,6,0,2,7
2024-05-22,FAC0028,6,0,27,19,2,12,13
2024-02-03,FAC0275,2,1,15,14,0,6,13
2024-07-09,FAC0044,1,4,17,19,0,4,21
2023-06-10,FAC0034,1,0,5,5,1,7,10
2024-05-17,FAC0156,4,10,70,30,2,8,5
2024-04-12,FAC0059,4,4,15,21,2,4,13
2024-04-23,FAC0292,1,1,20,3,0,7,15
2024-01-06,FAC0107,7,7,24,52,3,6,18
2023-08-19,FAC0109,2,0,9,15,0,2,6
2024-03-24,FAC0158,5,39,180,267,5,2,6
2024-04-14,FAC0119,1,2,15,22,1,2,16
2023-03-23,FAC0165,41,33,120,172,0,1,13
2023-10-10,FAC0210,5,2,34,16,0,4,7
2024-05-05,FAC0132,1,1,25,4,1,4,5
2024-03-07,FAC0080,1,1,9,5,1,5,10
2024-11-09,FAC0054,58,56,237,251,9,5,18
2023-03-21,FAC0100,27,20,106,170,1,8,27
2024-06-11,FAC0027,23,25,122,232,2,4,9
2023-07-25,FAC0201,0,5,61,4,0,2,9
2024-08-26,FAC0077,1,1,7,3,1,10,18
2023-02-21,FAC0107,2,3,27,49,1,3,11
2023-10-23,FAC0291,5,3,30,8,0,3,17
2024-03-09,FAC0097,8,10,46,40,1,8,9
2023-12-24,FAC0131,1,2,12,29,1,3,9
2023-01-02,FAC0098,0,4,32,4,1,8,8
2024-07-04,FAC0099,5,6,25,34,0,7,6
2023-09-19,FAC0082,2,2,17,6,1,6,13
2024-11-26,FAC0093,3,26,205,98,0,7,19
2023-07-17,FAC0212,1,6,29,26,2,6,16
2023-04-25,FAC0292,1,0,17,6,0,3,10
2023-02-10,FAC0120,10,1,42,72,9,3,9
2023-10-15,FAC0195,0,1,11,3,0,6,9
2023-01-21,FAC0232,14,3,81,19,1,1,10
2023-08-31,FAC0198,0,2,10,8,0,5,12
2024-10-23,FAC0120,7,4,39,75,7,2,7
2024-07-17,FAC0279,11,5,88,10,3,4,13
2023-09-29,FAC0207,4,3,10,25,1,5,8
2023-06-20,FAC0254,1,1,7,9,1,5,7
2023-08-04,FAC0188,27,2,222,86,0,1,20
2024-09-09,FAC0242,2,1,9,6,0,5,17
2024-02-25,FAC0127,1,0,32,21,0,9,9
2024-03-11,FAC0061,1,3,26,18,0,10,16
2023-05-23,FAC0040,2,0,11,5,1,7,10
2023-07-12,FAC0090,4,2,9,21,1,5,17
2023-08-13,FAC0165,7,7,206,86,0,1,12
2023-06-21,FAC0285,0,2,349,21,0,3,13
2024-11-22,FAC0090,4,2,22,8,0,5,12
2023-03-05,FAC0216,1,0,8,3,0,7,15
2023-06-08,FAC0077,0,1,8,2,0,7,17
2023-06-23,FAC0152,8,20,210,65,2,5,11
2024-01-28,FAC0110,3,1,17,24,0,7,20
2024-08-06,FAC0066,39,43,108,254,6,5,12
2023-09-14,FAC0191,0,3,46,3,1,3,9
2024-03-08,FAC0145,1,1,22,12,1,10,10
2023-01-26,FAC0194,6,1,37,10,1,6,16
2023-02-27,FAC0125,2,2,21,2,0,7,10
2024-10-09,FAC0129,1,1,20,20,1,5,18
2024-10-05,FAC0073,1,1,2,6,1,2,10
2023-06-19,FAC0080,0,0,6,8,0,7,8
2023-12-27,FAC0246,3,3,34,25,1,3,12
2023-12-02,FAC0289,0,4,29,17,1,3,12
2023-12-25,FAC0287,5,1,33,3,2,1,7
2024-06-29,FAC0177,5,0,18,20,3,5,9
2023-11-24,FAC0226,0,3,17,28,0,4,8
2023-06-08,FAC0105,1,3,14,16,0,2,27
2024-04-17,FAC0031,13,14,217,174,1,3,13
2024-05-03,FAC0239,0,0,2,3,1,5,6
2024-09-25,FAC0004,1,2,17,7,0,5,23
2024-06-22,FAC0196,0,2,23,6,1,5,15
2024-06-13,FAC0111,5,2,26,10,1,3,10
2023-11-12,FAC0049,13,6,48,41,2,5,10
2024-09-03,FAC0009,0,1,18,12,2,3,21
2023-10-11,FAC0043,5,1,32,17,1,5,15
2024-12-11,FAC0177,3,1,18,20,4,5,9
2024-01-01,FAC0006,9,17,179,65,1,8,10
2024-01-07,FAC0078,1,0,11,17,2,3,10
2024-01-01,FAC0218,1,0,5,6,1,8,20
2023-12-31,FAC0228,2,2,14,10,1,8,15
2024-08-20,FAC0078,1,1,21,7,0,3,9
2024-08-25,FAC0144,2,2,20,8,2,4,12
2024-09-27,FAC0287,3,2,10,26,1,1,11
2023-05-15,FAC0232,11,3,83,17,3,1,9
2024-07-07,FAC0285,3,16,335,35,0,3,20
2023-08-09,FAC0008,0,1,10,14,1,2,10
2023-04-08,FAC0006,12,25,215,29,7,8,15
2023-06-11,FAC0132,3,3,19,10,1,5,7
2024-01-03,FAC0144,0,3,17,11,0,5,13
2023-06-01,FAC0114,5,1,24,12,3,5,17
2023-04-13,FAC0052,1,1,11,4,0,9,19
2024-01-04,FAC0142,20,4,199,160,3,3,14
2024-09-27,FAC0067,4,1,8,19,0,4,14
2024-04-02,FAC0292,3,1,10,13,1,6,8
2023-05-05,FAC0082,2,2,17,6,0,5,10
2024-10-01,FAC0177,2,3,26,12,3,2,10
2023-12-25,FAC0070,4,19,95,93,1,2,18
2023-02-21,FAC0053,0,0,13,2,1,4,9
2023-08-24,FAC0137,2,1,16,5,1,4,6
2023-01-08,FAC0279,14,6,34,64,3,5,12
2024-05-04,FAC0003,2,1,9,11,2,3,7
2024-10-08,FAC0229,1,0,9,14,0,7,10
2023-04-18,FAC0216,0,1,6,5,0,4,10
2023-04-07,FAC0291,1,0,32,6,1,5,13
2023-06-28,FAC0071,1,0,3,8,0,5,8
2023-06-15,FAC0021,1,0,10,9,1,5,9
2024-09-03,FAC0134,3,1,11,12,0,1,10
2023-02-04,FAC0096,3,0,12,22,0,3,8
2024-08-01,FAC0262,2,0,20,2,0,5,9
2023-08-13,FAC0208,4,4,16,23,0,2,10
2023-10-01,FAC0103,7,0,32,27,3,3,10
2024-02-15,FAC0112,0,2,10,13,0,5,13
2024-01-16,FAC0051,54,54,414,66,1,8,14
2024-11-05,FAC0191,7,4,15,34,1,5,8
2023-01-07,FAC0081,2,2,12,26,1,4,11
2024-05-12,FAC0124,18,30,149,111,4,3,21
2023-03-03,FAC0046,0,0,10,5,0,3,13
2024-03-03,FAC0223,0,2,28,4,0,7,13
2024-06-01,FAC0176,0,1,21,4,0,9,8
2023-12-08,FAC0167,1,3,43,21,0,1,8
2024-09-09,FAC0021,1,0,17,2,0,7,10
2023-09-14,FAC0108,1,1,19,15,2,2,16
2023-07-07,FAC0147,4,2,16,25,1,7,14
2023-12-19,FAC0266,1,0,38,58,0,8,8
2023-02-19,FAC0080,2,1,8,6,1,8,12
2023-07-01,FAC0034,1,0,4,6,0,5,14
2024-05-23,FAC0294,4,0,14,14,1,8,16
2023-09-12,FAC0074,0,1,4,4,0,2,7
2023-11-19,FAC0011,2,1,7,12,1,3,6
2023-08-24,FAC0105,0,0,25,5,1,4,33
2024-07-11,FAC0193,3,2,9,15,0,7,9
2023-12-13,FAC0014,4,3,29,15,1,3,12
2023-11-06,FAC0153,1,2,11,25,1,1,11
2023-11-07,FAC0156,9,11,62,38,1,7,4
2024-11-18,FAC0078,1,1,19,9,0,4,14
2024-12-23,FAC0165,0,20,227,65,2,1,13
2023-11-24,FAC0251,2,2,15,9,1,7,7
2023-11-03,FAC0080,0,1,6,8,1,5,14
2023-01-22,FAC0192,7,2,208,102,6,7,8
2024-07-09,FAC0195,2,0,8,6,1,3,8
2023-06-28,FAC0120,8,8,36,78,4,3,7
2023-08-28,FAC0096,0,4,24,10,0,6,11
2024-09-25,FAC0295,1,0,9,5,0,4,11
2024-04-25,FAC0053,1,1,12,3,1,3,16
2023-04-17,FAC0022,1,2,12,6,0,3,16
2023-05-11,FAC0210,7,6,16,34,1,3,10
2023-04-15,FAC0150,4,1,27,3,0,1,17
2023-12-21,FAC0204,1,0,3,3,0,6,15
2024-10-21,FAC0098,4,0,11,25,0,6,9
2023-06-19,FAC0129,2,3,30,10,2,3,16
2024-07-17,FAC0220,36,22,117,128,8,1,13
2024-04-20,FAC0224,1,1,6,6,1,4,12
2023-06-04,FAC0198,0,0,9,9,0,5,8
2024-04-06,FAC0111,1,3,30,6,0,2,16
2023-07-09,FAC0001,0,0,12,12,1,6,5
2023-01-02,FAC0273,4,0,25,6,1,4,8
2024-05-05,FAC0172,0,1,15,28,2,4,13
2024-01-20,FAC0080,0,0,13,1,1,5,10
2023-03-06,FAC0264,0,6,56,17,2,2,13
2023-07-14,FAC0004,3,2,20,4,1,7,14
2023-11-23,FAC0228,3,1,14,10,1,11,18
2024-10-30,FAC0278,18,9,102,55,0,7,10
2024-01-19,FAC0107,11,9,47,29,1,4,11
2023-05-25,FAC0293,0,0,17,7,1,7,19
2023-11-13,FAC0071,0,0,7,4,0,5,11
2023-09-30,FAC0113,1,0,4,9,1,9,11
2023-08-18,FAC0211,1,1,10,2,1,8,17
2024-12-03,FAC0050,2,5,31,18,2,8,7
2024-08-04,FAC0196,2,3,13,16,0,4,11
2023-10-14,FAC0269,2,2,18,6,0,5,11
2024-09-09,FAC0017,58,44,167,248,6,2,19
2023-12-11,FAC0286,2,1,13,5,1,3,6
2024-04-06,FAC0262,2,0,20,2,1,7,7
2023-03-28,FAC0225,2,1,10,20,2,6,9
2023-04-12,FAC0297,3,1,12,9,0,6,9
2024-05-15,FAC0051,66,20,179,301,9,9,14
2023-10-02,FAC0083,2,1,16,5,2,5,9
2024-01-10,FAC0201,6,1,36,29,0,3,10
2024-04-14,FAC0286,0,0,12,6,0,1,9
2023-01-20,FAC0050,4,4,35,14,0,9,6
2024-05-02,FAC0144,3,1,14,14,2,4,17
2024-07-15,FAC0015,12,14,64,108,1,6,10
2024-03-18,FAC0277,0,0,10,4,0,4,13
2024-01-05,FAC0091,3,0,21,17,2,4,15
2023-07-24,FAC0233,0,1,5,3,1,9,18
2023-02-21,FAC0243,42,16,152,141,2,4,20
2024-06-01,FAC0083,0,2,11,10,1,8,11
2024-07-28,FAC0298,1,0,8,11,1,1,19
2023-11-17,FAC0044,0,0,26,10,2,3,16
2023-12-09,FAC0019,3,3,25,6,0,10,14
2024-03-17,FAC0207,2,1,24,11,0,8,12
2024-05-13,FAC0138,1,1,7,2,0,3,13
2024-05-25,FAC0132,3,1,26,3,0,7,11
2024-12-15,FAC0074,0,1,6,2,1,4,7
2023-12-30,FAC0073,1,0,3,5,0,3,15
2024-09-26,FAC0152,21,32,261,14,1,7,15
2023-02-07,FAC0191,1,5,26,23,1,6,6
2024-03-12,FAC0130,2,1,9,15,0,4,15
2023-04-30,FAC0068,2,1,21,6,1,5,11
2024-06-10,FAC0274,10,9,81,11,1,7,11
2023-10-14,FAC0051,61,4,273,207,3,10,13
2023-09-11,FAC0293,1,0,21,3,0,7,24
2023-05-05,FAC0252,13,4,52,44,1,4,18
2024-08-09,FAC0268,2,0,29,14,0,2,8
2023-11-02,FAC0094,2,6,33,24,3,5,12
2023-07-31,FAC0275,1,3,20,9,1,11,10
2024-01-25,FAC0114,5,3,33,3,1,6,16
2023-05-22,FAC0135,4,3,13,17,1,6,23
2023-01-20,FAC0200,0,3,24,5,0,4,13
2024-12-31,FAC0196,2,3,19,10,1,4,16
2023-04-18,FAC0082,2,2,17,6,0,5,12
2023-02-20,FAC0128,2,2,34,23,3,10,9
2024-05-16,FAC0173,0,2,17,5,0,5,19
2024-08-10,FAC0166,1,0,13,4,0,5,19
2024-01-25,FAC0110,3,4,20,21,0,5,14
2023-04-08,FAC0052,0,1,8,7,0,13,23
2023-02-09,FAC0076,0,4,22,15,0,9,13
2024-08-14,FAC0127,4,3,44,9,1,5,10
2023-01-09,FAC0100,1,24,161,115,2,6,26
2023-01-11,FAC0074,0,0,6,2,0,3,10
2024-10-31,FAC0223,2,2,26,6,0,7,16
2024-04-02,FAC0127,5,1,38,15,0,9,11
2023-06-30,FAC0153,2,4,28,8,4,2,8
2024-12-25,FAC0183,4,1,15,13,0,1,8
2024-05-31,FAC0128,2,6,27,30,3,6,7
2023-04-13,FAC0073,0,0,3,5,1,5,16
2023-11-26,FAC0107,10,3,43,33,4,3,17
2023-08-17,FAC0051,68,10,381,99,9,10,13
2023-05-22,FAC0221,9,18,146,174,0,5,9
2023-05-10,FAC0036,1,1,6,10,0,3,8
2023-09-07,FAC0170,10,19,219,17,1,5,15
2023-04-22,FAC0070,0,2,149,39,4,2,22
2023-09-22,FAC0053,2,1,5,10,0,4,12
2023-09-14,FAC0010,1,1,7,6,0,3,11
2024-10-24,FAC0095,2,4,14,26,2,5,9
2024-07-29,FAC0181,4,4,43,4,0,4,7
2024-11-17,FAC0063,2,3,29,3,2,5,10
2023-09-26,FAC0216,0,0,6,5,0,5,10
2024-10-30,FAC0025,0,1,8,18,0,3,17
2023-02-17,FAC0117,1,1,13,5,1,5,13
2023-03-06,FAC0137,1,0,12,9,1,2,6
2023-03-25,FAC0251,2,2,8,16,1,10,12
2023-01-11,FAC0021,0,2,13,6,1,4,12
2023-10-03,FAC0158,57,20,327,120,4,1,3
2023-12-05,FAC0009,1,1,15,15,1,5,13
2024-11-01,FAC0262,1,2,10,12,0,6,8
2024-09-04,FAC0115,0,2,21,38,0,6,9
2024-12-17,FAC0191,6,2,15,34,0,3,6
2024-11-04,FAC0188,19,31,227,81,1,1,11
2024-03-29,FAC0177,2,4,20,18,1,5,6
2023-03-31,FAC0010,1,1,9,4,0,4,7
2024-06-14,FAC0286,1,1,12,6,2,3,9
2024-05-12,FAC0164,2,0,13,1,0,6,13
2023-02-04,FAC0134,2,1,10,13,1,2,6
2023-12-13,FAC0238,11,9,32,45,2,3,11
2023-10-23,FAC0108,3,0,17,17,1,2,14
2023-04-07,FAC0298,2,2,12,7,0,1,17
2024-01-31,FAC0165,27,4,202,90,0,1,13
2023-11-20,FAC0189,1,1,5,9,1,4,13
2023-07-23,FAC0150,4,2,9,21,0,3,11
2023-10-15,FAC0249,4,2,22,8,0,2,13
2024-06-21,FAC0205,10,3,53,29,0,4,14
2024-02-02,FAC0092,19,0,173,169,1,3,11
2024-06-05,FAC0111,1,0,26,10,1,3,9
2024-11-27,FAC0191,4,3,16,33,1,4,6
2023-03-17,FAC0063,2,0,15,17,2,4,9
2023-09-28,FAC0030,1,1,6,8,2,4,6
2024-09-04,FAC0114,5,3,21,15,3,4,15
2024-05-04,FAC0086,13,33,111,204,3,2,12
2023-08-16,FAC0276,0,2,13,20,1,5,15
2024-08-24,FAC0263,2,3,23,17,0,4,12
2023-10-08,FAC0173,0,1,20,2,0,3,9
2024-06-08,FAC0188,34,14,94,214,2,1,17
2023-05-07,FAC0107,2,6,55,21,1,7,12
2023-11-24,FAC0115,0,6,46,13,2,6,10
2024-01-22,FAC0102,0,1,10,3,1,2,11
2024-08-19,FAC0290,4,2,26,3,0,8,11
2024-01-01,FAC0221,8,38,202,118,5,3,7
2024-05-19,FAC0269,0,0,10,14,1,8,8
2023-03-23,FAC0289,1,1,27,19,0,3,15
2024-09-06,FAC0115,0,4,39,20,1,7,11
2024-03-07,FAC0207,5,4,24,11,0,5,10
2024-11-13,FAC0297,3,0,13,8,1,3,7
2023-09-26,FAC0189,0,1,5,9,1,4,12
2023-09-04,FAC0106,0,0,27,13,1,3,7
2024-10-09,FAC0033,4,2,43,19,0,3,20
2023-10-19,FAC0008,0,0,19,5,2,4,9
2024-11-12,FAC0026,1,0,8,5,0,5,11
2023-11-20,FAC0014,2,5,33,11,1,2,16
2023-01-12,FAC0037,6,2,115,56,2,6,15
2023-11-22,FAC0201,4,3,39,26,0,5,9
2024-11-19,FAC0258,6,5,20,36,2,6,12
2024-08-26,FAC0202,0,3,56,11,2,5,13
2024-11-16,FAC0041,1,0,7,1,1,4,8
2024-04-04,FAC0250,3,1,13,8,1,6,8
2024-10-01,FAC0177,2,1,31,7,0,4,12
2024-09-20,FAC0009,0,1,15,15,2,5,13
2023-10-04,FAC0119,1,2,21,16,0,2,13
2024-06-21,FAC0256,4,2,13,15,1,8,19
2023-01-21,FAC0198,2,0,15,3,1,5,14
2024-05-11,FAC0127,4,5,43,10,0,8,8
2024-05-16,FAC0008,0,2,12,12,2,4,9
2023-11-24,FAC0213,2,2,24,3,1,4,18
2023-04-13,FAC0240,2,1,13,3,1,5,13
2024-04-17,FAC0019,0,2,20,11,1,9,11
2023-10-31,FAC0121,0,1,19,26,1,2,11
2024-05-27,FAC0265,4,2,13,16,1,6,10
2024-05-25,FAC0290,1,1,25,4,0,11,11
2023-01-04,FAC0207,1,3,21,14,0,7,9
2024-08-07,FAC0077,0,1,8,2,0,6,10
2024-10-01,FAC0194,5,2,19,28,1,8,21
2024-05-06,FAC0146,1,0,3,6,0,2,10
2023-10-26,FAC0180,2,16,113,65,9,2,10
2024-08-08,FAC0166,0,1,13,4,0,3,19
2023-07-22,FAC0088,3,3,13,26,1,9,12
2024-01-29,FAC0118,0,0,24,14,0,4,9
2023-04-10,FAC0183,3,3,22,6,0,3,9
2024-05-29,FAC0234,1,0,3,8,0,2,4
2024-09-08,FAC0110,3,3,17,24,1,9,13
2023-05-13,FAC0008,1,2,19,5,2,2,6
2024-07-11,FAC0109,1,1,22,2,0,3,9
2024-08-22,FAC0240,1,1,5,11,0,8,15
2023-03-06,FAC0079,0,0,15,2,0,8,24
2023-07-17,FAC0287,4,1,22,14,1,1,12
2023-04-18,FAC0199,2,1,24,7,2,3,23
2024-06-01,FAC0275,0,2,24,5,0,9,9
2024-04-04,FAC0272,1,1,17,5,0,4,10
2023-12-17,FAC0242,0,0,9,6,2,6,13
2024-04-29,FAC0219,2,1,5,9,1,3,12
2023-06-06,FAC0297,0,1,14,7,1,5,11
2023-01-23,FAC0135,2,1,10,20,0,8,22
2024-08-27,FAC0064,0,1,45,31,1,7,15
2024-01-07,FAC0022,2,0,6,12,1,3,14
2023-11-27,FAC0288,0,0,10,13,1,3,8
2023-10-19,FAC0051,37,33,237,243,2,7,7
2024-02-18,FAC0165,43,18,193,99,1,1,10
2023-03-24,FAC0083,1,2,8,13,0,8,9
2023-04-26,FAC0045,4,3,32,5,1,5,12
2024-08-05,FAC0113,1,1,11,2,1,7,9
2024-12-26,FAC0066,17,30,273,89,6,8,13
2023-01-28,FAC0130,2,2,7,17,1,8,16
2023-04-09,FAC0289,4,3,32,14,1,3,8
2024-12-13,FAC0094,4,3,18,39,8,3,8
2023-10-10,FAC0079,2,1,11,6,1,5,21
2024-08-26,FAC0102,0,0,7,6,0,4,20
2024-07-23,FAC0037,11,17,53,118,3,6,17
2023-11-28,FAC0185,16,11,97,157,5,7,19
2023-07-25,FAC0121,2,0,18,27,1,3,10
2023-03-07,FAC0117,1,1,15,3,0,4,14
2023-06-09,FAC0208,5,0,22,17,0,3,12
2024-06-13,FAC0210,0,1,36,14,0,2,8
2024-07-08,FAC0167,8,2,25,39,0,3,10
2024-07-06,FAC0177,2,2,28,10,3,2,11
2024-02-12,FAC0293,1,0,16,8,0,8,26
2023-10-30,FAC0300,0,2,11,13,0,4,15
2023-09-02,FAC0187,51,12,126,219,5,9,7
2024-02-09,FAC0142,53,32,276,83,9,1,9
2024-09-22,FAC0137,2,2,16,5,1,5,9
2023-10-18,FAC0242,2,0,14,1,1,5,8
2023-06-22,FAC0167,6,1,38,26,0,3,5
2023-10-12,FAC0066,27,3,212,150,6,4,14
2023-10-20,FAC0211,1,1,11,1,0,8,14
2023-11-24,FAC0075,0,1,5,7,1,6,13
2024-06-19,FAC0163,4,3,25,4,1,6,16
2023-11-24,FAC0110,1,0,18,23,1,9,23
2023-02-19,FAC0004,0,2,17,7,1,6,23
2024-03-01,FAC0282,4,0,30,5,2,2,19
2023-01-21,FAC0086,23,4,123,192,0,2,8
2023-09-28,FAC0063,1,0,11,21,2,4,16
2024-11-18,FAC0286,1,2,16,2,0,1,10
2024-08-20,FAC0099,4,5,21,38,1,6,4
2023-04-28,FAC0165,40,6,124,168,0,1,16
2024-10-11,FAC0273,2,0,21,10,0,6,8
2024-06-10,FAC0044,5,4,16,20,2,5,22
2024-08-09,FAC0070,4,20,99,89,0,1,22
2024-05-30,FAC0297,3,1,18,3,1,7,6
2023-01-17,FAC0260,2,0,36,8,2,3,13
2024-05-24,FAC0048,3,3,21,20,0,5,14
2024-04-18,FAC0102,1,0,9,4,0,2,23
2024-03-05,FAC0104,6,5,19,23,0,7,11
2023-06-17,FAC0293,1,2,9,15,1,4,28
2023-03-21,FAC0093,26,35,228,75,3,5,19
2023-07-07,FAC0110,0,1,28,13,0,8,24
2023-11-17,FAC0269,3,0,9,15,1,8,8
2023-08-11,FAC0230,1,0,30,5,0,3,12
2023-03-05,FAC0203,7,8,71,27,3,10,10
2024-04-24,FAC0150,3,3,22,8,0,3,13
2024-01-05,FAC0287,5,4,16,20,2,1,11
2023-06-21,FAC0007,6,1,43,5,0,6,9
2024-07-02,FAC0131,5,0,35,6,0,2,13
2024-01-11,FAC0263,0,1,20,20,0,6,8
2023-09-22,FAC0083,0,2,12,9,1,7,12
2023-12-22,FAC0129,3,3,35,5,0,6,17
2024-04-30,FAC0157,2,0,27,3,0,4,9
2024-06-12,FAC0001,2,0,15,9,0,6,10
2023-12-17,FAC0249,0,2,21,9,0,4,15
2023-12-21,FAC0046,0,0,4,11,1,4,13
2023-04-26,FAC0289,2,1,22,24,0,4,8
2024-05-16,FAC0135,2,3,13,17,0,6,25
2023-07-26,FAC0131,1,2,19,22,2,4,14
2023-09-04,FAC0009,4,0,21,9,1,5,16
2023-07-26,FAC0065,12,6,42,43,2,5,11
2024-08-11,FAC0230,4,2,18,17,1,4,13
2024-09-24,FAC0049,12,10,61,28,2,9,9
2023-04-17,FAC0260,2,5,17,27,0,3,14
2024-10-19,FAC0051,9,42,374,106,8,7,10
2024-09-25,FAC0289,3,1,31,15,0,4,16
2024-10-29,FAC0039,1,2,21,9,0,2,14
2024-10-29,FAC0167,8,3,28,36,0,2,10
2023-12-30,FAC0133,6,2,47,12,0,4,11
2024-11-24,FAC0067,0,1,16,11,0,6,20
2024-05-14,FAC0254,1,0,11,5,0,6,11
2023-09-24,FAC0097,12,4,34,52,0,11,11
2023-01-12,FAC0188,4,36,230,78,0,1,18
2023-04-15,FAC0091,0,3,21,17,2,8,13
2023-07-25,FAC0027,53,17,198,156,5,4,10
2023-03-11,FAC0276,0,1,12,21,0,4,10
2024-07-27,FAC0034,1,1,6,4,0,4,11
2023-12-21,FAC0031,28,4,337,54,1,3,12
2024-03-16,FAC0057,0,1,7,4,0,4,12
2023-06-18,FAC0003,3,1,11,9,1,6,10
2024-12-31,FAC0054,9,5,425,63,0,6,14
2023-05-23,FAC0159,3,4,38,3,0,3,14
2024-11-30,FAC0242,0,1,5,10,1,4,11
2024-05-24,FAC0020,0,1,11,9,0,4,6
2024-10-29,FAC0068,0,0,8,19,1,8,10
2024-12-21,FAC0006,20,9,162,82,5,7,12
2023-01-18,FAC0047,1,0,4,2,0,3,11
2023-04-30,FAC0080,0,1,7,7,1,7,10
2024-11-01,FAC0218,1,1,3,8,0,10,10
2024-07-27,FAC0103,3,2,35,24,3,2,6
2024-12-14,FAC0070,3,20,137,51,0,1,12
2023-08-16,FAC0149,1,0,9,3,1,5,16
2024-11-06,FAC0101,4,2,20,23,2,3,7
2023-02-15,FAC0039,0,1,10,20,0,3,9
2024-01-07,FAC0211,1,0,9,3,1,5,15
2024-03-02,FAC0106,6,1,16,24,1,5,12
2024-07-30,FAC0202,5,1,25,42,2,3,10
2024-07-24,FAC0064,5,4,38,38,3,4,10
2023-11-16,FAC0192,24,5,103,207,10,5,17
2023-11-30,FAC0236,3,3,19,9,0,3,16
2024-09-10,FAC0201,0,1,57,8,1,5,8
2023-11-29,FAC0047,0,1,4,2,1,4,12
2024-11-12,FAC0132,0,3,23,6,1,5,6
2024-05-31,FAC0085,0,0,6,2,0,3,6
2023-12-09,FAC0075,0,1,9,3,1,7,16
2023-11-11,FAC0181,1,5,40,7,1,3,13
2023-12-28,FAC0162,4,7,40,20,0,7,15
2023-08-14,FAC0287,0,0,33,3,3,2,8
2023-11-11,FAC0218,1,1,8,3,0,10,11
2023-03-18,FAC0145,1,0,25,9,0,5,5
2024-12-15,FAC0203,14,3,29,69,2,9,20
2023-05-11,FAC0267,2,0,62,18,0,3,11
2023-12-28,FAC0059,2,0,24,12,2,4,10
2024-03-24,FAC0219,0,0,5,9,1,2,13
2024-08-11,FAC0143,9,3,74,20,1,7,13
2023-09-27,FAC0223,4,2,18,14,0,6,9
2024-08-05,FAC0280,26,10,369,65,2,3,18
2024-06-10,FAC0290,1,1,21,8,0,10,9
2023-12-13,FAC0231,1,0,7,4,1,1,15
2024-04-12,FAC0116,8,3,96,82,1,10,10
2023-12-13,FAC0073,1,0,2,6,1,2,18
2023-02-16,FAC0271,0,1,15,6,1,6,17
2024-08-22,FAC0077,0,0,4,6,0,6,11
2024-05-13,FAC0175,5,4,20,18,2,2,14
2024-04-18,FAC0104,6,5,24,18,1,14,11
2023-12-25,FAC0210,5,1,18,32,1,5,6
2024-04-20,FAC0253,5,1,25,11,0,3,11
2024-08-19,FAC0285,31,16,191,179,0,4,13
2024-07-23,FAC0123,4,3,19,22,1,2,11
2024-03-28,FAC0231,0,0,6,5,0,1,15
2023-09-08,FAC0182,2,0,13,12,1,7,8
2023-12-15,FAC0019,0,2,27,4,0,6,13
2023-01-07,FAC0135,0,2,15,15,1,8,21
2024-11-24,FAC0136,4,0,28,7,1,4,15
2024-05-08,FAC0191,7,3,40,9,1,4,7
2023-05-04,FAC0279,11,11,42,56,1,3,15
2024-02-12,FAC0254,0,0,9,7,0,6,6
2024-10-21,FAC0231,0,1,4,7,1,2,15
2024-10-10,FAC0211,0,1,4,8,1,6,10
2024-07-01,FAC0271,1,0,17,4,1,5,14
2023-08-24,FAC0046,1,0,5,10,2,2,7
2024-05-21,FAC0294,1,1,14,14,1,7,16
2024-01-18,FAC0035,1,2,16,6,1,5,7
2024-12-20,FAC0120,7,12,89,25,10,3,9
2024-10-18,FAC0119,1,1,34,3,1,2,19
2023-01-12,FAC0214,2,1,14,5,2,3,9
2024-07-16,FAC0066,42,37,130,232,5,7,8
2023-12-04,FAC0215,5,3,20,20,2,4,12
2023-02-19,FAC0154,2,6,24,26,4,2,18
2024-10-06,FAC0047,0,0,2,4,0,6,9
2023-04-27,FAC0173,1,0,7,15,1,5,14
2023-11-22,FAC0195,1,0,5,9,1,6,7
2023-01-12,FAC0147,3,2,27,14,2,5,14
2023-12-12,FAC0261,1,3,14,21,3,5,18
2024-07-02,FAC0129,1,3,17,23,0,3,13
2024-03-02,FAC0006,29,26,204,40,7,6,16
2024-10-08,FAC0257,2,2,10,13,0,3,14
2023-11-11,FAC0186,0,0,5,11,2,7,9
2023-08-08,FAC0290,3,3,25,4,1,12,10
2024-01-01,FAC0099,6,3,35,24,0,6,7
2024-04-26,FAC0299,4,3,10,19,1,5,8
2024-12-23,FAC0083,0,1,6,15,1,4,13
2023-09-07,FAC0084,0,1,17,14,2,5,6
2023-01-18,FAC0085,1,1,6,2,0,5,5
2023-03-13,FAC0023,4,1,44,55,0,8,9
2023-04-07,FAC0197,5,2,14,24,2,7,8
2024-03-03,FAC0266,8,4,63,33,1,4,10
2024-03-24,FAC0134,1,2,20,3,1,2,7
2023-09-03,FAC0206,1,0,12,13,0,4,17
2023-08-26,FAC0022,0,1,7,11,0,2,8
2024-03-27,FAC0210,0,2,36,14,1,5,13
2024-08-23,FAC0096,4,4,18,16,0,5,11
2024-01-10,FAC0289,1,1,17,29,1,3,13
2024-12-16,FAC0199,1,1,24,7,1,2,22
2024-02-19,FAC0126,0,0,22,15,1,4,16
2024-02-17,FAC0014,4,0,29,15,0,2,15
2024-06-02,FAC0083,0,0,7,14,2,8,14
2023-12-09,FAC0082,1,2,8,15,1,4,9
2024-11-06,FAC0271,1,1,12,9,1,4,14
2023-02-20,FAC0292,3,2,14,9,1,7,13
2023-12-09,FAC0205,12,7,42,40,2,8,16
2023-11-03,FAC0299,0,1,24,5,0,9,11
2024-10-31,FAC0159,4,3,19,22,0,6,10
2024-10-17,FAC0086,10,21,160,155,9,3,13
2023-01-18,FAC0056,4,2,13,15,1,4,8
2024-01-28,FAC0113,1,0,10,3,2,8,11
2024-05-18,FAC0121,4,2,40,5,1,1,11
2024-11-19,FAC0106,3,4,26,14,2,3,7
2023-04-19,FAC0182,2,3,20,5,0,6,15
2024-02-24,FAC0124,31,8,235,25,6,4,17
2023-03-21,FAC0246,7,4,38,21,1,3,11
2023-08-27,FAC0281,33,49,219,255,2,4,13
2023-07-29,FAC0055,48,22,387,45,5,9,10
2024-02-12,FAC0252,10,11,36,60,1,6,15
2023-09-22,FAC0276,1,3,31,2,0,6,10
2023-09-22,FAC0035,3,2,13,9,0,8,9
2024-04-03,FAC0262,2,0,14,8,1,7,12
2024-02-12,FAC0013,1,2,13,8,1,2,13
2023-10-06,FAC0109,3,2,19,5,1,5,5
2024-12-04,FAC0096,5,4,26,8,1,4,12
2023-09-13,FAC0285,22,20,183,187,2,6,16
2023-10-10,FAC0201,3,2,45,20,0,5,10
2023-11-01,FAC0110,4,3,25,16,0,8,20
2024-05-09,FAC0289,2,4,22,24,0,2,15
2023-05-18,FAC0137,3,0,8,13,0,2,7
2024-06-07,FAC0057,1,0,9,2,0,6,10
2024-01-29,FAC0202,1,5,39,28,3,7,14
2023-07-17,FAC0248,4,1,50,17,2,12,3
2023-06-10,FAC0160,3,0,29,7,1,4,8
2024-03-15,FAC0089,5,6,54,7,1,7,15
2023-06-02,FAC0002,0,5,32,10,1,3,7
2023-11-19,FAC0285,52,18,112,258,2,6,17
2023-11-03,FAC0194,6,3,31,16,2,4,14
2024-06-02,FAC0114,2,1,25,11,3,4,18
2024-11-26,FAC0157,0,3,26,4,0,6,10
2023-03-27,FAC0294,2,3,10,18,0,10,8
2024-02-16,FAC0028,3,4,39,7,2,8,21
2024-09-03,FAC0133,4,5,23,36,3,4,9
2023-08-03,FAC0038,3,1,40,24,1,4,9
2023-11-07,FAC0266,3,10,75,21,2,8,10
2024-08-09,FAC0253,4,0,16,20,1,3,12
2023-03-20,FAC0047,1,0,3,3,1,5,14
2024-09-25,FAC0006,0,5,190,54,7,7,8
2024-01-27,FAC0137,1,1,8,13,0,2,10
2023-05-30,FAC0043,7,4,21,28,1,10,9
2024-09-03,FAC0050,5,2,43,6,0,9,6
2023-03-19,FAC0051,57,42,307,173,7,9,13
2023-03-08,FAC0223,1,3,14,18,2,6,14
2024-10-26,FAC0125,3,1,21,2,0,8,14
2024-12-24,FAC0268,6,2,19,24,2,2,14
2023-03-20,FAC0067,1,0,12,15,0,4,17
2023-04-15,FAC0059,0,2,31,5,1,6,12
2024-11-29,FAC0248,8,2,61,6,1,7,5
2024-09-14,FAC0161,0,1,4,7,0,6,9
2024-04-30,FAC0192,15,10,132,178,6,5,13
2024-06-16,FAC0083,3,0,7,14,0,7,13
2023-11-19,FAC0142,48,9,183,176,7,1,17
2023-04-30,FAC0199,4,1,21,10,0,1,18
2024-04-24,FAC0297,1,0,18,3,1,3,5
2023-03-06,FAC0168,15,4,67,35,0,4,12
2023-08-02,FAC0288,0,1,7,16,1,5,10
2023-01-27,FAC0057,1,1,4,7,2,7,13
2023-11-21,FAC0192,4,23,153,157,6,5,17
2024-06-18,FAC0017,54,24,157,258,3,2,17
2024-07-21,FAC0001,0,2,15,9,0,3,5
2024-12-24,FAC0164,2,1,12,2,1,4,8
2024-09-24,FAC0246,6,5,28,31,0,3,8
2023-05-30,FAC0259,1,1,16,3,0,6,18
2024-11-21,FAC0055,8,2,160,272,2,7,14
2024-08-04,FAC0278,14,5,65,92,0,3,16
2023-12-08,FAC0128,5,4,40,17,2,6,12
2023-06-22,FAC0038,9,1,27,37,1,5,9
2024-03-16,FAC0191,5,4,32,17,1,6,11
2024-11-02,FAC0255,1,1,30,7,1,8,15
2023-11-10,FAC0022,0,2,14,4,1,2,14
2023-03-27,FAC0039,3,0,21,9,1,2,14
2023-09-06,FAC0065,2,4,35,50,2,5,9
2023-08-19,FAC0084,2,2,28,3,1,2,4
2023-08-28,FAC0114,2,2,30,6,2,4,14
2023-05-14,FAC0268,1,4,34,9,2,2,11
2023-08-18,FAC0109,1,2,8,16,1,2,6
2023-10-25,FAC0091,1,4,35,3,1,4,9
2023-04-20,FAC0030,2,1,12,2,1,4,8
2024-08-22,FAC0222,1,4,24,35,3,4,19
2024-08-02,FAC0074,0,1,4,4,0,3,13
2023-03-07,FAC0255,5,2,22,15,1,4,11
2024-11-19,FAC0270,1,0,32,17,1,5,11
2023-06-10,FAC0187,50,31,149,196,4,10,12
2023-04-06,FAC0155,0,2,20,43,1,4,14
2024-12-28,FAC0233,1,0,7,1,0,6,9
2023-05-21,FAC0055,17,28,201,231,0,9,7
2024-08-11,FAC0069,0,1,9,5,1,2,8
2023-12-26,FAC0235,4,3,25,6,0,8,10
2023-09-13,FAC0069,1,1,10,4,1,4,12
2024-07-27,FAC0243,25,21,124,169,2,4,16
2023-12-25,FAC0169,11,10,72,15,2,4,18
2023-06-17,FAC0228,1,2,17,7,1,8,20
2024-12-02,FAC0016,0,1,6,12,1,5,17
2024-07-10,FAC0132,1,2,24,5,0,5,7
2024-11-01,FAC0101,3,1,33,10,4,3,9
2024-08-21,FAC0212,2,5,52,3,3,3,15
2024-08-22,FAC0168,14,6,59,43,6,4,10
2023-07-10,FAC0113,0,0,12,1,2,7,9
2023-10-18,FAC0026,1,0,11,2,1,8,13
2024-09-30,FAC0199,2,0,16,15,1,2,21
2023-08-05,FAC0116,18,18,66,112,1,11,13
2023-08-10,FAC0260,5,0,23,21,1,4,14
2024-11-14,FAC0094,4,6,37,20,4,2,7
2023-11-03,FAC0189,1,0,9,5,1,3,10
2024-11-27,FAC0017,40,26,192,223,0,3,13
2023-04-10,FAC0166,2,0,10,7,0,6,11
2023-10-11,FAC0033,2,0,45,17,0,3,13
2024-08-04,FAC0274,4,8,82,10,0,5,12
2024-06-22,FAC0130,2,2,13,11,1,8,11
2024-02-22,FAC0073,0,0,5,3,0,4,12
2023-02-08,FAC0251,3,1,19,5,0,10,9
2024-04-08,FAC0016,1,2,11,7,2,6,19
2023-04-18,FAC0094,0,0,26,31,1,5,11
2024-12-11,FAC0138,1,0,6,3,0,4,18
2024-10-03,FAC0161,1,1,7,4,1,6,15
2023-02-17,FAC0156,8,0,35,65,3,6,6
2023-12-03,FAC0152,12,30,83,192,0,6,13
2024-12-01,FAC0060,15,6,107,21,4,4,15
2024-08-28,FAC0009,0,0,22,8,2,2,18
2023-03-09,FAC0287,3,4,33,3,3,2,12
2023-05-21,FAC0179,2,1,27,16,0,9,7
2023-06-06,FAC0293,2,1,16,8,1,8,20
2023-12-29,FAC0217,14,0,60,35,0,5,15
2024-12-13,FAC0007,1,3,45,3,1,6,8
2023-02-24,FAC0259,1,1,9,10,1,7,19
2024-08-13,FAC0195,1,1,11,3,0,3,7
2024-04-15,FAC0014,0,2,15,29,1,2,17
2024-02-02,FAC0038,8,0,22,42,0,8,13
2024-09-12,FAC0048,6,1,20,21,0,4,15
2023-10-11,FAC0170,22,6,143,93,0,9,11
2023-08-05,FAC0224,1,1,8,4,0,4,17
2024-07-30,FAC0018,1,0,8,3,0,5,16
2024-02-25,FAC0172,0,1,40,3,2,2,11
2023-07-26,FAC0117,2,0,16,2,0,3,20
2024-05-26,FAC0265,1,2,18,11,1,5,7
2023-07-10,FAC0061,5,3,28,16,0,5,19
2024-10-28,FAC0088,4,3,23,16,1,9,6
2024-01-22,FAC0003,3,0,14,6,1,6,9
2023-03-05,FAC0098,2,0,14,22,0,10,8
2023-12-04,FAC0171,0,0,12,4,0,5,11
2024-11-27,FAC0278,18,11,139,18,5,7,16
2024-09-07,FAC0047,0,0,3,3,1,4,11
2023-12-12,FAC0210,0,2,28,22,2,5,13
2024-05-12,FAC0111,4,1,31,5,0,4,12
2023-08-22,FAC0101,6,3,36,7,0,2,12
2024-08-03,FAC0046,1,1,9,6,2,2,6
2024-04-17,FAC0176,3,1,15,10,1,6,10
2023-04-17,FAC0190,5,8,58,23,0,10,16
2023-11-12,FAC0100,5,22,138,138,3,7,24
2023-07-18,FAC0143,3,1,56,38,0,4,17
2023-04-30,FAC0224,0,0,7,5,2,4,16
2024-07-05,FAC0108,0,2,24,10,0,4,16
2023-04-17,FAC0232,6,4,35,65,3,2,9
2024-05-09,FAC0232,7,0,37,63,2,2,11
2024-03-15,FAC0147,4,3,28,13,1,7,7
2023-05-16,FAC0278,4,4,79,78,8,5,16
2023-01-04,FAC0056,0,0,12,16,0,4,9
2023-02-20,FAC0044,1,3,21,15,1,7,22
2023-03-05,FAC0291,4,3,23,15,0,6,18
2023-08-27,FAC0173,1,2,19,3,1,2,18
2023-08-07,FAC0049,5,6,43,46,2,7,8
2024-09-24,FAC0236,0,1,21,7,0,2,9
2023-08-06,FAC0106,1,4,28,12,0,7,9
2024-11-09,FAC0217,4,5,42,53,1,5,10
2023-08-15,FAC0263,3,0,35,5,0,4,11
2023-06-19,FAC0224,0,1,9,3,2,8,13
2023-08-24,FAC0123,5,2,35,6,0,2,6
2024-06-08,FAC0176,1,0,8,17,0,6,9
2023-01-03,FAC0083,2,1,18,3,0,8,14
2024-05-13,FAC0077,1,1,3,7,0,6,10
2024-04-25,FAC0150,0,2,24,6,0,2,14
2023-03-28,FAC0215,5,0,12,28,1,4,17
2023-07-07,FAC0121,5,4,23,22,1,2,10
2023-11-11,FAC0107,7,4,41,35,2,3,10
2023-07-13,FAC0234,1,0,6,5,0,2,6
2024-06-07,FAC0261,1,2,14,21,4,3,18
2024-11-19,FAC0223,2,3,13,19,1,6,14
2024-11-30,FAC0283,2,0,21,18,1,5,12
2023-02-17,FAC0156,0,12,43,57,1,7,8
2023-07-24,FAC0103,6,2,51,8,2,4,6
2023-05-31,FAC0101,1,1,16,27,0,4,10
2024-09-01,FAC0193,1,0,8,16,0,5,10
2023-05-14,FAC0271,3,0,8,13,0,4,18
2023-07-15,FAC0232,12,5,62,38,3,2,11
2024-07-22,FAC0209,0,2,8,17,1,7,18
2024-11-23,FAC0192,26,5,171,139,5,4,17
2023-06-13,FAC0249,1,3,26,4,0,3,19
2023-09-21,FAC0126,0,2,28,9,1,5,14
2024-08-24,FAC0173,3,0,20,2,0,5,16
2023-10-04,FAC0268,6,0,25,18,2,2,12
2024-06-30,FAC0232,12,8,65,35,0,1,9
2024-12-20,FAC0086,37,9,110,205,9,3,7
2024-01-19,FAC0258,2,3,18,38,2,6,11
2023-10-07,FAC0186,2,1,6,10,1,7,9
2024-03-22,FAC0255,0,1,12,25,0,8,13
2024-08-20,FAC0267,2,0,45,35,0,3,10
2023-02-19,FAC0188,20,35,151,157,3,1,17
2024-01-03,FAC0294,2,0,19,9,0,6,12
2024-10-13,FAC0046,0,0,12,3,1,2,9
2024-10-09,FAC0100,39,1,223,53,6,7,22
2024-09-14,FAC0027,28,40,279,75,0,4,9
2023-03-27,FAC0036,2,0,9,7,1,3,9
2024-03-06,FAC0192,17,15,143,167,1,6,15
2024-12-01,FAC0017,45,33,193,222,3,4,12
2024-05-22,FAC0272,0,1,8,14,1,7,12
2024-07-26,FAC0105,2,0,16,14,1,3,24
2023-01-14,FAC0144,1,0,15,13,2,4,18
2024-02-25,FAC0263,1,3,36,4,1,4,9
2023-01-17,FAC0299,0,0,16,13,0,4,16
2023-01-19,FAC0253,0,3,16,20,1,1,12
2023-07-18,FAC0294,2,3,18,10,0,9,17
2023-10-28,FAC0035,1,1,11,11,1,4,11
2023-12-17,FAC0070,18,19,107,81,4,2,15
2024-06-09,FAC0027,14,28,273,81,0,5,13
2024-05-23,FAC0102,0,1,10,3,1,2,20
2023-12-08,FAC0114,5,3,26,10,0,3,14
2023-07-15,FAC0122,2,0,12,3,0,3,14
2023-07-03,FAC0048,2,1,22,19,0,6,16
2023-05-05,FAC0194,4,2,27,20,0,7,19
2023-02-18,FAC0263,4,2,26,14,1,3,13
2023-12-01,FAC0096,0,0,20,14,0,5,8
2024-05-03,FAC0079,0,1,15,2,1,8,18
2024-01-14,FAC0174,22,5,47,105,0,1,7
2023-09-07,FAC0277,1,1,10,4,0,3,24
2024-06-10,FAC0083,2,2,13,8,0,4,14
2024-12-24,FAC0141,1,1,20,29,2,7,11
2023-08-16,FAC0168,12,6,66,36,1,4,20
2023-10-08,FAC0246,2,3,43,16,1,2,13
2023-09-18,FAC0141,1,0,39,10,1,8,13
2024-08-17,FAC0187,28,12,248,97,2,7,15
2023-12-22,FAC0231,1,0,4,7,0,2,17
2023-08-03,FAC0233,0,0,6,2,0,7,18
2024-03-09,FAC0154,0,1,34,16,3,4,9
2024-05-13,FAC0275,1,3,10,19,0,7,13
2024-04-14,FAC0139,8,8,26,45,0,4,14
2024-04-03,FAC0052,1,0,9,6,0,8,20
2024-08-29,FAC0160,0,2,15,21,1,3,6
2023-06-07,FAC0242,0,0,13,2,0,3,12
2024-06-30,FAC0240,1,1,12,4,1,4,10
2024-07-26,FAC0015,15,10,93,79,1,7,11
2024-08-03,FAC0192,9,18,162,148,0,4,17
2023-10-27,FAC0188,28,35,292,16,2,1,19
2023-09-23,FAC0048,3,2,20,21,0,9,13
2023-06-30,FAC0217,2,0,60,35,0,7,17
2023-09-22,FAC0254,1,0,5,11,0,5,9
2024-11-23,FAC0100,13,4,86,190,2,7,23
2023-02-15,FAC0294,4,3,11,17,1,6,12
2023-01-09,FAC0048,3,3,31,10,0,9,17
2024-10-05,FAC0036,1,1,11,5,1,3,10
2024-03-06,FAC0012,0,1,8,2,0,3,13
2024-02-11,FAC0173,3,2,13,9,0,5,10
2024-02-15,FAC0284,22,3,195,20,4,1,16
2024-01-24,FAC0297,3,0,12,9,1,6,10
2024-08-27,FAC0106,1,1,19,21,2,6,8
2023-04-03,FAC0187,0,16,249,96,0,7,13
2024-01-24,FAC0261,3,1,27,8,0,4,11
2024-07-31,FAC0231,0,0,4,7,1,1,14
2024-11-16,FAC0264,6,8,62,11,1,2,15
2023-01-20,FAC0237,2,1,25,4,0,3,12
2024-09-15,FAC0039,3,0,24,6,1,4,16
2024-03-21,FAC0277,0,0,7,7,1,6,12
2024-08-24,FAC0206,2,0,16,9,1,8,17
2023-07-09,FAC0235,1,3,15,16,1,7,7
2024-01-08,FAC0142,38,32,232,127,5,2,10
2023-04-27,FAC0255,3,0,18,19,0,8,11
2024-02-22,FAC0102,1,1,5,8,1,4,13
2024-12-23,FAC0277,2,0,12,2,0,4,16
2024-10-17,FAC0276,0,0,21,12,0,7,10
2024-12-27,FAC0095,2,2,19,21,2,3,11
2024-07-23,FAC0091,4,0,21,17,0,6,12
2024-02-04,FAC0254,0,1,13,3,0,6,11
2023-04-03,FAC0173,2,0,15,7,0,5,10
2024-01-07,FAC0070,5,2,102,86,6,1,18
2024-04-01,FAC0038,8,0,45,19,1,4,14
2024-07-27,FAC0152,26,22,255,20,0,9,16
2024-12-10,FAC0047,1,0,5,1,1,3,16
2023-10-30,FAC0277,0,1,7,7,0,3,21
2023-06-28,FAC0247,0,0,8,4,1,3,13
2024-12-24,FAC0249,3,3,21,9,1,3,14
2023-08-23,FAC0092,42,22,312,30,4,6,8
2024-12-18,FAC0121,4,0,27,18,0,2,6
2024-08-03,FAC0209,1,2,12,13,1,7,14
2023-07-22,FAC0216,0,0,9,2,0,7,15
2023-02-06,FAC0254,1,1,14,2,0,3,9
2024-02-21,FAC0186,1,1,5,11,2,6,11
2024-08-19,FAC0297,3,2,12,9,1,7,6
2023-02-16,FAC0143,7,7,74,20,2,6,16
2024-09-29,FAC0043,6,3,38,11,1,5,18
2024-05-30,FAC0258,2,1,19,37,2,5,15
2023-04-27,FAC0226,0,5,27,18,0,3,7
2024-04-27,FAC0234,1,0,8,3,0,2,6
2023-07-23,FAC0067,3,3,13,14,1,5,14
2024-08-30,FAC0227,29,50,279,173,1,6,10
2023-02-26,FAC0020,0,2,14,6,0,2,8
2023-09-22,FAC0019,4,1,13,18,0,9,14
2024-07-24,FAC0044,4,0,12,24,1,4,21
2024-01-11,FAC0129,5,1,33,7,2,3,20
2023-11-05,FAC0276,2,0,29,4,1,6,11
2024-08-15,FAC0050,7,4,14,35,2,5,5
2023-03-15,FAC0268,3,1,22,21,0,2,14
2023-01-19,FAC0066,33,13,244,118,3,7,8
2024-07-25,FAC0002,5,2,19,23,0,3,9
2023-04-24,FAC0046,2,0,5,10,0,2,10
2023-12-25,FAC0039,4,2,14,16,1,2,11
2023-01-06,FAC0212,2,3,30,25,2,7,11
2024-05-02,FAC0216,0,1,6,5,0,7,7
2023-01-08,FAC0062,1,2,7,15,1,5,9
2023-12-01,FAC0275,0,3,16,13,1,7,14
2024-03-13,FAC0133,5,4,32,27,0,2,8
2024-06-20,FAC0052,0,0,13,2,0,11,15
2023-11-24,FAC0150,1,2,15,15,1,2,17
2023-03-19,FAC0177,0,2,14,24,1,4,10
2024-12-04,FAC0059,2,3,14,22,1,5,7
2024-09-17,FAC0206,0,1,16,9,0,8,13
2023-01-04,FAC0030,0,0,8,6,2,5,8
2024-10-21,FAC0203,11,3,34,64,1,10,19
2024-11-18,FAC0092,3,28,320,22,1,4,10
2023-07-11,FAC0079,1,0,9,8,0,5,16
2023-02-11,FAC0150,1,2,18,12,0,2,16
2023-05-06,FAC0209,3,1,22,3,1,6,10
2024-09-15,FAC0250,1,0,14,7,2,4,8
2023-05-16,FAC0256,3,3,21,7,0,5,15
2023-11-09,FAC0104,1,0,36,6,0,7,6
2024-12-23,FAC0171,0,1,15,1,1,5,9
2023-10-12,FAC0237,2,1,13,16,1,4,13
2024-12-26,FAC0230,2,0,17,18,0,2,19
2024-10-11,FAC0067,2,0,25,2,1,4,17
2024-01-18,FAC0282,5,4,15,20,1,2,10
2024-11-14,FAC0264,5,1,25,48,0,2,11
2023-12-15,FAC0108,4,3,29,5,0,2,10
2023-03-27,FAC0136,0,4,24,11,0,3,10
2024-02-01,FAC0274,3,2,51,41,0,4,16
2023-01-22,FAC0233,0,1,2,6,1,11,10
2023-07-15,FAC0035,2,1,17,5,1,5,9
2024-07-03,FAC0057,1,0,5,6,0,4,12
2023-07-04,FAC0263,3,3,34,6,2,5,16
2023-07-07,FAC0018,1,1,5,6,0,5,17
2023-06-19,FAC0049,3,3,45,44,2,4,6
2023-06-25,FAC0035,0,0,13,9,1,8,10
2024-08-07,FAC0081,3,1,22,16,1,7,6
2023-08-01,FAC0288,2,2,13,10,0,3,13
2023-04-28,FAC0292,0,2,10,13,0,3,9
2023-04-16,FAC0144,3,2,15,13,1,6,13
2024-11-30,FAC0096,0,1,12,22,1,6,11
2023-06-26,FAC0181,3,4,37,10,0,6,7
2024-04-12,FAC0229,2,0,10,13,0,6,13
2023-03-09,FAC0225,1,2,17,13,2,7,11
2024-10-27,FAC0232,0,7,31,69,2,2,10
2023-03-29,FAC0261,2,3,18,17,2,2,11
2023-08-23,FAC0298,1,2,10,9,0,2,20
2024-06-16,FAC0184,5,0,33,3,0,5,11
2023-02-25,FAC0063,1,2,26,6,0,5,11
2024-02-20,FAC0085,0,1,3,5,1,5,5
2023-01-18,FAC0053,1,0,7,8,1,5,13
2024-07-08,FAC0201,7,3,27,38,1,5,11
2023-10-23,FAC0300,3,2,21,3,1,2,9
2024-06-13,FAC0018,1,0,7,4,1,6,9
2023-10-15,FAC0198,2,1,16,2,0,5,10
2023-04-02,FAC0091,4,0,11,27,0,7,13
2023-06-03,FAC0213,1,2,14,13,0,8,9
2023-11-27,FAC0019,3,0,12,19,1,5,15
2024-03-31,FAC0243,7,21,142,151,1,5,13
2023-03-13,FAC0086,42,31,118,197,8,2,15
2023-11-03,FAC0273,4,3,17,14,2,6,7
2023-10-07,FAC0130,1,2,14,10,1,7,11
2023-01-29,FAC0298,1,0,10,9,0,1,11
2024-09-13,FAC0186,0,0,5,11,2,7,14
2023-02-15,FAC0009,4,2,13,17,2,5,17
2024-08-02,FAC0051,18,23,240,240,9,8,8
2024-06-22,FAC0063,0,0,29,3,2,6,15
2023-02-20,FAC0191,3,5,14,35,0,5,12
2024-10-06,FAC0199,3,2,25,6,2,2,26
2023-05-13,FAC0227,67,3,256,196,6,8,12
2024-03-23,FAC0208,3,2,29,10,1,4,17
2023-04-28,FAC0128,7,2,34,23,4,10,10
2023-05-26,FAC0211,0,0,10,2,1,6,15
2023-06-09,FAC0024,0,1,8,5,0,3,22
2023-05-03,FAC0285,41,7,219,151,2,5,18
2024-06-12,FAC0183,4,3,15,13,0,3,13
2024-09-08,FAC0257,2,0,13,10,0,2,12
2023-03-21,FAC0097,5,0,40,46,2,5,9
2024-01-12,FAC0039,0,1,13,17,0,3,18
2023-04-15,FAC0233,0,1,5,3,1,6,10
2023-10-03,FAC0183,3,0,11,17,1,2,14
2024-06-12,FAC0259,2,1,8,11,0,3,17
2024-11-14,FAC0018,1,1,3,8,0,7,18
2024-06-10,FAC0175,5,2,21,17,1,4,7
2023-09-07,FAC0233,1,0,6,2,0,11,16
2023-12-19,FAC0206,2,2,17,8,0,4,13
2024-06-16,FAC0228,1,1,21,3,1,11,16
2024-10-04,FAC0100,1,13,261,15,6,5,23
2024-09-20,FAC0294,0,2,9,19,1,9,14
2024-09-20,FAC0243,29,25,227,66,0,5,16
2023-03-09,FAC0216,1,1,4,7,1,7,14
2023-01-20,FAC0013,0,0,13,8,1,4,9
2024-11-08,FAC0101,0,5,40,3,4,3,15
2023-10-03,FAC0128,4,4,20,37,1,10,7
2024-08-03,FAC0256,2,3,13,15,0,8,17
2023-12-20,FAC0194,1,1,39,8,0,6,12
2024-12-29,FAC0049,8,9,51,38,1,8,10
2023-02-08,FAC0185,14,6,126,128,5,9,18
2024-09-21,FAC0286,1,1,10,8,1,3,6
2023-11-05,FAC0156,1,1,70,30,2,4,9
2024-12-29,FAC0112,2,2,14,9,2,4,17
2024-09-03,FAC0259,1,1,14,5,0,4,14
2023-08-14,FAC0281,55,34,327,147,8,4,9
2024-12-16,FAC0151,3,7,33,33,4,1,7
2024-02-04,FAC0020,2,1,14,6,0,5,6
2024-05-12,FAC0117,1,0,9,9,1,6,13
2024-10-16,FAC0139,1,7,29,42,3,4,19
2024-11-27,FAC0291,0,2,30,8,1,4,13
2024-07-24,FAC0253,4,0,19,17,0,1,17
2023-10-01,FAC0080,1,0,9,5,1,4,10
2024-11-15,FAC0276,4,2,27,6,0,6,10
2024-02-26,FAC0159,4,4,34,7,0,4,16
2023-07-03,FAC0126,4,3,19,18,1,4,19
2024-10-23,FAC0149,1,0,11,1,0,4,16
2024-04-04,FAC0295,0,0,9,5,1,7,17
2024-04-06,FAC0120,14,6,65,49,1,2,6
2024-03-09,FAC0112,1,0,20,3,0,4,9
2023-09-20,FAC0268,2,1,17,26,2,1,10
2023-01-25,FAC0166,0,0,10,7,1,4,14
2023-05-23,FAC0280,39,39,411,23,1,2,16
2023-11-28,FAC0091,3,2,31,7,2,8,12
2024-11-10,FAC0285,53,3,319,51,2,6,19
2023-09-17,FAC0168,8,12,32,70,0,3,20
2023-04-24,FAC0042,3,0,19,3,0,2,13
2023-12-11,FAC0165,8,29,231,61,0,1,17
2023-04-11,FAC0190,12,2,29,52,0,10,15
2024-06-06,FAC0076,2,4,17,20,1,5,9
2023-05-16,FAC0236,4,2,11,17,0,1,10
2023-06-07,FAC0053,0,1,14,1,1,3,16
2023-11-02,FAC0218,1,0,7,4,2,7,13
2024-04-02,FAC0222,0,2,37,22,0,4,19
2023-02-23,FAC0206,2,3,7,18,1,4,11
2023-03-27,FAC0176,1,3,22,3,1,7,15
2023-02-16,FAC0145,2,1,14,20,0,7,9
2023-09-19,FAC0185,35,18,135,119,4,7,12
2023-02-10,FAC0106,1,0,13,27,2,6,8
2023-04-26,FAC0291,1,4,22,16,0,4,19
2024-06-06,FAC0059,2,3,11,25,1,5,8
2023-02-21,FAC0027,5,10,146,208,0,3,6
2024-05-16,FAC0111,5,3,10,26,0,2,16
2024-07-16,FAC0152,40,27,131,144,2,10,15
2024-04-16,FAC0110,4,2,19,22,1,5,23
2023-04-27,FAC0058,1,0,9,6,0,4,7
2023-07-14,FAC0170,6,25,182,54,4,8,11
2024-06-18,FAC0150,4,1,19,11,1,3,13
2023-01-19,FAC0137,3,0,18,3,0,5,8
2024-08-17,FAC0049,8,3,30,59,2,4,7
2023-08-16,FAC0293,2,1,11,13,1,7,23
2023-05-16,FAC0127,5,6,34,19,1,7,9
2023-08-08,FAC0188,8,13,255,53,3,1,12
2023-09-28,FAC0237,0,2,11,18,1,5,11
2023-02-26,FAC0017,33,30,296,119,2,4,17
2023-08-02,FAC0140,0,2,20,12,0,10,10
2024-05-03,FAC0285,48,36,296,74,1,4,14
2023-11-10,FAC0057,0,1,6,5,0,6,12
2023-02-23,FAC0078,4,2,8,20,2,3,9
2024-06-06,FAC0242,1,0,12,3,1,3,9
2024-05-03,FAC0035,2,2,11,11,0,7,15
2023-07-01,FAC0047,1,0,3,3,1,4,15
2024-04-27,FAC0152,38,5,94,181,0,7,14
2023-08-16,FAC0132,1,1,27,2,1,6,7
2024-10-04,FAC0042,0,0,14,8,0,4,16
2023-03-05,FAC0271,2,2,6,15,0,4,10
2023-12-28,FAC0184,3,1,31,5,2,6,10
2024-05-07,FAC0247,1,0,8,4,1,4,12
2024-08-24,FAC0194,5,5,25,22,0,7,14
2024-01-30,FAC0142,14,36,313,46,5,2,11
2024-06-22,FAC0099,5,3,19,40,0,4,5
2023-11-07,FAC0182,0,3,16,9,1,5,13
2024-12-21,FAC0230,5,0,14,21,0,2,13
2023-09-02,FAC0081,5,2,32,6,0,6,6
2024-09-08,FAC0213,1,2,11,16,1,8,15
2024-04-13,FAC0117,0,2,7,11,0,3,13
2024-07-25,FAC0143,3,11,28,66,0,7,14
2024-01-01,FAC0199,3,0,21,10,1,2,25
2023-08-20,FAC0133,6,6,34,25,3,2,9
2024-07-23,FAC0273,2,1,14,17,0,5,4
2023-09-11,FAC0110,1,4,25,16,0,10,21
2023-10-07,FAC0075,1,0,10,2,0,10,12
2023-06-07,FAC0194,5,3,25,22,1,7,21
2023-08-17,FAC0005,1,0,6,10,0,9,8
2024-05-01,FAC0141,4,3,39,10,2,5,14
2024-06-11,FAC0104,4,4,36,6,0,7,10
2024-08-23,FAC0090,0,3,10,20,0,7,9
2023-10-09,FAC0100,8,13,241,35,5,8,22
2023-10-22,FAC0240,1,1,11,5,0,6,11
2024-07-04,FAC0056,3,3,20,8,1,7,12
2024-09-15,FAC0003,1,1,18,2,0,3,7
2024-12-18,FAC0051,71,29,425,55,3,9,12
2023-05-20,FAC0296,1,9,306,93,9,6,18
2023-02-05,FAC0137,2,2,9,12,0,5,9
2024-06-17,FAC0127,3,4,50,3,1,5,12
2024-09-21,FAC0102,1,0,6,7,0,2,15
2023-03-01,FAC0193,3,0,21,3,1,7,6
2024-05-30,FAC0246,6,3,34,25,1,2,9
2024-05-01,FAC0022,0,0,10,8,1,2,13
2023-08-04,FAC0241,2,1,13,2,1,3,12
2023-03-15,FAC0113,0,1,11,2,2,4,16
2024-04-09,FAC0071,0,0,7,4,0,3,15
2024-01-09,FAC0129,6,2,37,3,0,6,19
2024-10-17,FAC0064,0,5,50,26,3,7,14
2024-05-25,FAC0206,3,0,13,12,0,4,10
2024-06-10,FAC0083,1,1,6,15,2,8,10
2024-02-08,FAC0001,1,2,22,2,0,4,6
2024-07-06,FAC0118,3,1,19,19,0,3,18
2024-02-16,FAC0124,35,8,145,115,1,2,16
2024-05-28,FAC0033,1,0,33,29,1,2,12
2024-07-12,FAC0049,4,10,49,40,0,5,9
2023-12-21,FAC0132,3,3,21,8,0,7,7
2024-03-10,FAC0242,1,1,7,8,1,5,13
2023-09-19,FAC0130,1,2,13,11,0,4,20
2023-02-19,FAC0238,7,7,37,40,4,6,15
2023-03-24,FAC0248,4,4,24,43,0,11,6
2024-11-22,FAC0011,2,1,8,11,0,4,5
2023-01-17,FAC0228,2,0,14,10,1,7,13
2023-05-12,FAC0106,5,1,18,22,1,7,6
2023-08-28,FAC0012,1,0,9,1,0,4,16
2024-04-03,FAC0072,9,8,20,48,0,7,11
2024-03-31,FAC0016,1,0,14,4,1,3,10
2024-01-11,FAC0154,3,6,36,14,0,5,9
2023-12-15,FAC0239,0,1,2,3,0,5,5
2023-09-23,FAC0108,4,4,13,21,1,2,13
2023-06-29,FAC0192,2,24,104,206,3,5,16
2024-11-02,FAC0069,0,1,7,7,0,5,12
2024-04-29,FAC0049,4,0,56,33,2,5,7
2024-09-06,FAC0148,1,0,8,3,0,6,12
2024-04-17,FAC0127,6,4,49,4,0,4,11
2023-02-21,FAC0022,0,1,5,13,0,4,8
2024-12-30,FAC0203,1,1,54,44,0,6,18
2024-11-08,FAC0270,0,4,41,8,1,5,20
2023-11-08,FAC0060,13,5,102,26,0,8,11
2024-12-16,FAC0011,1,2,17,2,0,6,7
2024-06-29,FAC0093,10,17,187,116,2,7,12
2023-09-30,FAC0075,0,1,8,4,1,10,19
2024-04-26,FAC0221,14,3,109,211,4,5,5
2024-08-05,FAC0035,3,2,10,12,1,6,14
2024-03-27,FAC0194,4,5,38,9,2,5,19
2024-10-11,FAC0033,8,4,26,36,0,5,18
2024-05-31,FAC0237,1,3,20,9,0,2,14
2023-08-24,FAC0032,1,1,11,2,0,9,6
2024-10-24,FAC0049,11,6,65,24,1,8,10
2023-11-04,FAC0124,21,22,201,59,6,2,18
2023-10-23,FAC0286,1,1,7,11,1,2,12
2024-11-06,FAC0166,2,1,8,9,0,4,12
2023-01-04,FAC0118,1,1,26,12,1,2,18
2024-01-05,FAC0209,3,0,20,5,0,6,17
2023-03-19,FAC0281,18,32,232,242,5,2,7
2024-10-05,FAC0217,10,8,48,47,1,7,20
2024-03-29,FAC0127,4,1,27,26,0,6,9
2024-09-16,FAC0130,0,0,19,5,1,5,16
2024-05-07,FAC0184,5,4,12,24,2,7,10
2024-01-19,FAC0250,0,1,13,8,2,9,9
2024-05-26,FAC0035,2,0,7,15,1,5,15
2023-12-07,FAC0266,1,2,61,35,2,6,8
2023-12-25,FAC0110,1,3,32,9,1,5,14
2024-02-23,FAC0242,2,1,9,6,2,3,11
2023-10-09,FAC0221,4,27,109,211,0,2,7
2023-11-10,FAC0209,3,3,9,16,0,3,12
2024-04-11,FAC0002,2,3,19,23,0,5,9
2023-04-14,FAC0281,4,19,314,160,8,4,11
2024-09-01,FAC0093,2,6,168,135,0,4,9
2024-12-16,FAC0181,3,3,27,20,1,3,14
2023-01-06,FAC0088,2,0,30,9,1,7,12
2024-02-17,FAC0038,8,6,52,12,1,8,14
2024-03-01,FAC0128,6,2,22,35,1,9,10
2024-10-23,FAC0158,4,21,170,277,3,1,5
2024-05-12,FAC0107,4,3,60,16,0,3,20
2024-03-20,FAC0196,1,0,24,5,1,8,16
2023-06-21,FAC0142,5,42,190,169,2,3,9
2023-06-28,FAC0008,0,2,12,12,2,4,10
2023-08-16,FAC0195,0,1,9,5,1,4,9
2024-07-04,FAC0068,3,0,18,9,0,6,9
2024-09-17,FAC0165,25,34,203,89,2,1,14
2024-12-24,FAC0020,2,1,13,7,0,4,10
2023-12-22,FAC0215,2,3,14,26,2,6,18
2023-09-08,FAC0080,2,0,11,3,1,6,12
2024-01-30,FAC0068,4,3,8,19,0,8,10
2024-08-16,FAC0199,0,3,13,18,2,3,13
2023-09-04,FAC0018,0,1,7,4,1,5,16
2023-09-16,FAC0012,1,0,7,3,0,5,23
2023-12-29,FAC0114,3,4,16,20,0,4,17
2024-12-11,FAC0080,1,1,13,1,1,7,13
2023-11-19,FAC0133,7,5,41,18,0,3,7
2023-09-25,FAC0269,2,1,19,5,0,8,8
2024-03-17,FAC0028,1,0,30,16,0,11,20
2023-03-03,FAC0292,0,1,9,14,0,4,13
2024-10-04,FAC0215,4,1,33,7,2,6,18
2023-07-20,FAC0299,3,0,19,10,0,7,10
2023-12-14,FAC0149,0,0,5,7,0,6,24
2023-01-26,FAC0106,1,2,37,3,1,4,9
2024-09-07,FAC0089,6,3,27,34,0,3,11
2024-08-01,FAC0270,3,4,33,16,0,5,16
2023-12-20,FAC0284,30,11,89,126,6,2,15
2024-04-19,FAC0232,6,5,40,60,2,1,11
2023-11-26,FAC0062,2,0,20,2,0,4,6
2023-05-25,FAC0274,11,4,85,7,0,4,16
2024-10-29,FAC0079,0,1,14,3,0,10,13
2024-07-31,FAC0065,4,7,37,48,2,5,12
2023-12-08,FAC0257,0,0,13,10,0,4,11
2023-02-02,FAC0300,1,2,13,11,1,3,18
2024-04-09,FAC0115,2,5,43,16,2,6,17
2023-05-21,FAC0203,4,5,64,34,1,8,14
2024-02-12,FAC0094,4,0,26,31,4,5,11
2023-03-22,FAC0251,0,0,12,12,1,10,14
2023-09-13,FAC0177,0,4,26,12,2,2,6
2023-04-17,FAC0296,14,18,360,39,7,6,11
2024-07-30,FAC0117,1,0,9,9,0,5,17
2023-06-08,FAC0222,5,7,21,38,4,7,10
2023-11-15,FAC0278,1,14,133,24,1,6,13
2023-02-20,FAC0169,13,10,63,24,1,2,18
2023-05-07,FAC0070,14,19,143,45,2,1,20
2024-04-29,FAC0078,4,0,9,19,0,2,11
2024-04-02,FAC0035,3,1,9,13,0,6,8
2023-04-21,FAC0097,1,6,51,35,3,6,15
2024-12-15,FAC0166,2,0,15,2,1,3,16
2023-10-06,FAC0035,1,1,18,4,1,5,8
2023-01-07,FAC0183,2,0,21,7,0,3,7
2023-05-10,FAC0162,2,5,26,34,0,5,12
2023-04-27,FAC0088,4,3,27,12,0,8,6
2023-02-20,FAC0283,4,4,21,18,2,4,13
2023-08-07,FAC0208,2,4,21,18,0,4,13
2023-09-05,FAC0115,3,4,40,19,2,3,13
2023-02-10,FAC0195,2,0,12,2,0,3,8
2024-08-06,FAC0205,2,6,31,51,2,7,15
2023-10-23,FAC0108,5,1,30,4,1,2,12
2023-04-25,FAC0148,1,0,5,6,0,6,12
2024-09-23,FAC0065,1,2,48,37,3,3,11
2023-04-29,FAC0172,3,4,33,10,0,5,14
2023-09-19,FAC0286,1,1,13,5,2,2,8
2023-02-24,FAC0030,0,1,4,10,2,5,10
2023-02-16,FAC0275,2,1,25,4,0,11,13
2024-01-23,FAC0277,1,0,9,5,0,3,18
2024-12-03,FAC0203,1,8,31,67,1,8,13
2024-05-18,FAC0228,3,2,11,13,1,5,10
2023-05-31,FAC0073,1,1,5,3,1,5,19
2023-12-20,FAC0276,3,0,26,7,1,5,7
2024-07-01,FAC0017,7,32,376,39,4,2,14
2023-08-19,FAC0084,4,0,25,6,2,2,4
2024-06-26,FAC0280,35,17,139,295,2,2,14
2024-06-07,FAC0066,44,42,137,225,0,8,13
2023-06-14,FAC0273,3,0,18,13,1,4,4
2024-08-05,FAC0075,0,0,9,3,0,6,11
2023-03-27,FAC0052,0,1,7,8,1,8,22
2023-08-13,FAC0111,3,0,11,25,1,3,16
2023-04-28,FAC0017,3,11,190,225,2,3,21
2024-04-19,FAC0244,1,0,10,1,1,8,13
2024-08-13,FAC0261,3,3,12,23,3,2,18
2023-05-07,FAC0272,3,2,11,11,0,8,19
2024-08-26,FAC0040,1,0,14,2,0,6,7
2023-03-30,FAC0282,2,4,27,8,0,3,13
2024-09-20,FAC0081,1,2,31,7,1,5,7
2023-03-26,FAC0165,41,34,93,199,1,1,8
2023-12-06,FAC0122,1,1,8,7,0,2,15
2023-12-05,FAC0192,8,36,129,181,5,7,8
2023-10-07,FAC0220,24,11,101,144,3,2,13
2024-04-07,FAC0205,6,0,65,17,0,6,9
2023-10-22,FAC0111,2,3,21,15,1,3,15
2024-10-18,FAC0250,3,0,13,8,0,9,9
2023-08-07,FAC0081,2,3,13,25,1,5,10
2023-05-28,FAC0209,0,2,17,8,0,3,18
2024-05-29,FAC0088,0,4,11,28,1,8,6
2024-06-14,FAC0246,4,3,53,6,1,4,10
2024-07-15,FAC0185,34,10,164,90,0,7,14
2023-05-27,FAC0121,2,0,32,13,1,2,10
2024-11-19,FAC0088,1,3,18,21,0,6,11
2024-06-25,FAC0275,2,1,25,4,0,9,13
2024-06-17,FAC0092,4,4,160,182,4,5,5
2024-09-23,FAC0024,1,0,10,3,0,5,20
2023-07-04,FAC0031,16,10,195,196,6,2,12
2024-09-30,FAC0039,4,2,21,9,0,2,18
2023-06-16,FAC0190,7,3,30,51,2,11,12
2023-03-02,FAC0004,3,0,16,8,0,4,25
2024-11-29,FAC0183,3,2,15,13,0,3,10
2023-07-19,FAC0283,3,2,13,26,0,5,13
2024-12-22,FAC0071,0,0,7,4,0,3,14
2023-11-05,FAC0065,9,6,27,58,3,5,17
2024-11-15,FAC0057,0,1,9,2,2,4,16
2023-07-23,FAC0119,2,4,34,3,0,1,13
2023-06-26,FAC0147,0,2,19,22,4,3,9
2024-05-15,FAC0195,2,0,11,3,1,3,8
2023-06-24,FAC0231,0,0,7,4,0,1,15
2024-02-29,FAC0035,0,2,11,11,1,5,10
2024-01-05,FAC0172,4,2,39,4,0,3,9
2024-06-19,FAC0278,11,5,87,70,2,5,15
2024-02-23,FAC0025,1,1,16,10,0,3,18
2023-06-30,FAC0270,2,2,33,16,0,4,15
2023-05-31,FAC0239,1,1,3,2,1,5,8
2023-09-02,FAC0106,3,4,29,11,2,5,8
2023-11-06,FAC0204,1,1,2,4,0,6,16
2024-08-02,FAC0073,0,1,2,6,0,4,12
2023-12-01,FAC0159,5,4,24,17,0,3,13
2024-09-20,FAC0255,2,1,28,9,1,8,9
2023-03-19,FAC0198,1,0,7,11,0,3,11
2023-11-09,FAC0080,2,0,5,9,0,7,7
2023-09-10,FAC0001,0,2,7,17,0,3,6
2023-03-01,FAC0231,0,0,9,2,0,2,8
2024-04-02,FAC0046,1,1,12,3,1,5,13
2023-04-10,FAC0025,3,3,14,12,0,3,18
2024-11-11,FAC0132,1,3,13,16,1,7,8
2023-03-25,FAC0244,1,1,4,7,0,8,9
2024-04-19,FAC0198,2,1,9,9,0,7,7
2024-04-01,FAC0177,1,2,13,25,2,4,10
2024-12-11,FAC0097,0,10,50,36,0,11,14
2024-07-25,FAC0024,0,0,8,5,2,5,19
2024-08-15,FAC0192,35,33,147,163,5,5,10
2024-01-23,FAC0086,14,26,160,155,2,1,14
2024-02-21,FAC0098,3,0,15,21,0,5,9
2024-06-14,FAC0029,1,2,13,6,1,5,20
2024-12-18,FAC0269,3,2,22,2,0,8,12
2024-01-29,FAC0160,1,0,20,16,0,3,5
2023-07-31,FAC0223,2,2,24,8,2,7,9
2024-08-26,FAC0167,6,3,29,35,1,1,7
2024-04-28,FAC0061,1,4,36,8,2,5,17
2024-09-09,FAC0075,1,1,7,5,1,10,18
2024-10-12,FAC0117,1,1,5,13,0,4,15
2024-11-04,FAC0094,5,4,24,33,2,5,10
2023-12-21,FAC0183,2,0,11,17,2,1,9
2024-06-29,FAC0139,9,1,37,34,3,4,19
2024-12-11,FAC0194,3,0,42,5,1,6,16
2024-12-11,FAC0163,2,3,12,17,1,5,11
2023-05-15,FAC0247,1,1,8,4,0,4,13
2024-12-04,FAC0099,1,6,30,29,2,3,4
2023-12-08,FAC0266,13,9,85,11,1,7,16
2024-03-15,FAC0024,0,0,12,1,1,6,15
2023-05-03,FAC0021,1,0,16,3,1,3,9
2024-01-16,FAC0284,27,20,146,69,1,3,16
2023-05-16,FAC0220,2,12,90,155,4,1,15
2023-09-08,FAC0174,10,3,81,71,2,1,8
2024-09-26,FAC0028,0,0,25,21,2,10,21
2024-01-14,FAC0178,1,1,8,11,0,3,9
2024-02-06,FAC0100,21,16,120,156,6,7,14
2023-04-02,FAC0197,0,1,17,21,2,8,12
2024-06-01,FAC0089,7,2,32,29,0,6,15
2024-11-16,FAC0149,0,1,10,2,2,6,17
2024-01-24,FAC0200,2,2,12,17,0,4,14
2023-02-16,FAC0237,4,3,19,10,1,4,11
2023-04-27,FAC0022,1,0,12,6,0,3,16
2024-04-10,FAC0209,1,3,9,16,0,6,18
2023-12-07,FAC0272,1,0,18,4,0,5,13
2023-05-27,FAC0028,3,2,17,29,1,12,20
2024-11-06,FAC0091,3,1,34,4,2,4,9
2023-10-06,FAC0076,1,3,27,10,1,10,10
2023-07-28,FAC0029,0,0,13,6,0,2,13
2024-01-10,FAC0292,1,0,12,11,1,6,14
2023-03-09,FAC0027,20,13,315,39,4,3,12
2023-11-08,FAC0267,0,7,71,9,0,7,9
2023-10-10,FAC0014,3,4,32,12,0,2,18
2024-05-20,FAC0125,1,0,11,12,1,5,14
2023-10-10,FAC0060,10,13,88,40,2,6,11
2024-10-03,FAC0119,0,2,28,9,0,1,9
2024-12-17,FAC0134,0,2,11,12,0,2,9
2023-09-21,FAC0128,3,6,42,15,1,7,8
2023-11-21,FAC0037,21,4,114,57,2,8,10
2023-03-18,FAC0122,0,0,13,2,0,4,14
2023-07-26,FAC0252,8,3,88,8,4,7,11
2023-08-27,FAC0057,1,0,5,6,2,5,10
2023-10-29,FAC0040,0,1,10,6,1,5,9
2023-08-25,FAC0278,18,18,70,87,5,6,17
2023-10-30,FAC0063,1,2,21,11,0,6,15
2023-11-02,FAC0150,1,2,16,14,1,2,13
2023-01-14,FAC0174,13,0,133,19,1,1,6
2023-07-30,FAC0156,1,1,80,20,0,6,7
2023-02-03,FAC0205,4,7,36,46,2,9,15
2023-09-14,FAC0009,3,1,9,21,0,2,15
2023-03-14,FAC0235,2,1,22,9,1,5,10
2023-12-02,FAC0024,1,0,9,4,1,3,18
2024-10-08,FAC0094,4,6,33,24,4,2,9
2024-09-29,FAC0071,0,0,6,5,1,6,10
2023-09-05,FAC0223,0,3,28,4,0,7,11
2024-03-03,FAC0063,0,2,19,13,0,3,8
2023-10-25,FAC0171,1,0,9,7,0,5,14
2024-04-01,FAC0104,5,3,22,20,1,9,10
2024-09-06,FAC0188,32,28,147,161,3,1,20
2024-09-18,FAC0279,2,4,68,30,1,2,13
2024-03-27,FAC0155,0,1,19,44,0,6,8
2024-01-10,FAC0021,1,1,16,3,1,6,11
2024-06-19,FAC0087,2,0,9,8,0,6,14
2023-03-28,FAC0178,0,1,9,10,0,2,9
2024-04-20,FAC0148,1,1,9,2,0,7,10
2024-12-16,FAC0253,1,2,13,23,1,1,13
2024-08-19,FAC0180,16,10,157,21,5,2,11
2023-11-18,FAC0011,0,1,11,8,0,4,10
2023-06-08,FAC0184,3,1,14,22,0,4,9
2023-06-24,FAC0207,2,4,32,3,1,8,11
2024-05-21,FAC0273,2,3,26,5,0,6,6
2023-09-04,FAC0281,41,31,429,45,1,5,8
2023-01-18,FAC0185,29,11,115,139,4,7,11
2024-03-09,FAC0012,0,1,8,2,1,6,19
2023-04-02,FAC0255,0,2,25,12,1,6,10
2024-03-06,FAC0206,0,3,13,12,1,4,8
2023-12-15,FAC0297,0,1,6,15,0,5,11
2023-12-27,FAC0146,1,1,5,4,0,1,9
2024-03-26,FAC0211,0,1,6,6,1,4,11
2023-10-25,FAC0266,6,10,34,62,2,6,17
2024-11-24,FAC0137,0,1,18,3,1,5,7
2023-06-26,FAC0238,4,4,68,9,0,5,12
2023-05-13,FAC0139,7,8,30,41,3,3,23
2024-03-19,FAC0046,0,0,8,7,2,4,11
2023-05-24,FAC0123,2,4,31,10,1,2,7
2023-02-11,FAC0192,8,9,120,190,3,8,8
2023-05-29,FAC0160,2,3,11,25,0,3,7
2024-07-05,FAC0056,3,0,13,15,0,4,13
2024-07-28,FAC0193,3,1,22,2,0,9,7
2024-11-23,FAC0233,0,1,4,4,1,9,18
2023-11-21,FAC0083,0,0,10,11,0,7,10
2023-01-01,FAC0090,1,1,14,16,0,6,15
2024-07-26,FAC0105,3,1,26,4,1,2,28
2023-10-01,FAC0139,4,0,49,22,0,4,12
2024-06-30,FAC0097,6,6,44,42,0,9,11
2023-11-08,FAC0101,3,1,20,23,3,4,10
2024-09-11,FAC0190,9,4,69,12,2,7,14
2023-03-06,FAC0223,2,2,22,10,2,6,12
2024-01-28,FAC0217,6,11,79,16,0,5,17
2023-03-08,FAC0188,17,3,134,174,2,1,17
2024-05-25,FAC0051,18,1,309,171,7,9,14
2024-05-17,FAC0133,1,4,48,11,2,2,12
2023-07-13,FAC0186,0,1,10,6,0,7,10
2023-02-02,FAC0209,0,0,20,5,1,3,20
2024-09-02,FAC0046,1,1,12,3,2,5,9
2023-11-30,FAC0281,42,17,414,60,3,2,10
2024-05-20,FAC0002,0,1,28,14,1,4,12
2024-06-16,FAC0124,36,27,97,163,3,2,15
2024-12-08,FAC0282,1,0,29,6,0,3,13
2023-11-08,FAC0262,2,0,17,5,0,6,10
2023-11-13,FAC0235,0,0,26,5,0,7,11
2023-03-14,FAC0052,0,0,9,6,0,13,13
2023-07-30,FAC0110,0,4,37,4,0,8,23
2024-02-22,FAC0270,5,4,42,7,0,2,13
2023-07-27,FAC0138,0,0,2,7,0,6,10
2024-03-06,FAC0137,2,2,15,6,1,2,11
2023-12-25,FAC0180,6,11,91,87,6,2,14
2024-02-10,FAC0007,2,3,33,15,0,7,11
2024-10-02,FAC0231,0,0,8,3,0,1,12
2024-01-29,FAC0110,1,1,36,5,0,10,19
2024-04-03,FAC0094,5,0,49,8,2,5,10
2024-01-29,FAC0189,2,1,12,2,0,6,13
2024-07-17,FAC0013,0,2,17,4,1,2,8
2023-08-03,FAC0292,3,2,8,15,1,5,10
2024-09-24,FAC0231,1,0,7,4,1,1,13
2024-02-28,FAC0292,2,1,16,7,0,5,7
2023-02-16,FAC0234,0,0,7,4,0,1,8
2023-07-15,FAC0171,0,1,9,7,0,4,11
2024-06-25,FAC0142,33,3,161,198,9,2,14
2023-01-12,FAC0226,6,3,23,22,0,4,11
2023-12-27,FAC0243,42,1,181,112,2,7,18
2024-06-17,FAC0248,0,4,22,45,1,8,6
2023-04-08,FAC0145,3,4,29,5,2,10,9
2024-03-09,FAC0216,1,0,4,7,0,7,9
2024-11-24,FAC0269,0,2,14,10,0,5,8
2023-07-10,FAC0027,50,33,264,90,0,6,11
2023-05-03,FAC0186,1,1,9,7,1,6,11
2023-02-16,FAC0104,5,0,24,18,1,11,7
2023-05-05,FAC0204,0,0,5,1,1,5,12
2023-08-31,FAC0089,9,2,35,26,0,4,10
2024-03-09,FAC0026,0,0,11,2,0,5,15
2023-08-15,FAC0300,0,1,15,9,0,2,16
2023-07-26,FAC0241,2,0,12,3,1,5,19
2024-12-26,FAC0012,0,0,9,1,0,5,15
2023-12-13,FAC0246,4,4,36,23,1,4,8
2023-07-31,FAC0138,0,1,4,5,1,6,19
2023-05-08,FAC0159,6,3,30,11,1,5,14
2023-10-16,FAC0163,4,1,25,4,1,4,13
2023-06-02,FAC0086,3,31,99,216,6,2,14
2023-12-12,FAC0244,0,1,6,5,1,7,15
2023-05-14,FAC0192,18,1,219,91,0,5,11
2024-09-23,FAC0241,2,0,4,11,1,3,21
2024-02-05,FAC0163,4,1,11,18,1,8,14
2024-03-30,FAC0201,2,2,59,6,1,3,12
2023-03-07,FAC0173,2,1,19,3,0,3,15
2024-12-02,FAC0170,14,25,117,119,1,5,16
2024-01-01,FAC0205,6,8,52,30,0,9,16
2024-08-10,FAC0030,1,1,8,6,2,2,7
2023-03-12,FAC0259,2,2,8,11,0,7,19
2024-03-05,FAC0160,4,1,14,22,0,5,10
2023-07-18,FAC0184,4,1,17,19,1,8,16
2023-05-22,FAC0019,4,0,16,15,1,10,8
2024-05-11,FAC0242,1,0,6,9,0,5,16
2024-05-26,FAC0006,13,19,100,144,0,8,8
2023-07-29,FAC0042,0,0,7,15,1,3,15
2024-05-14,FAC0070,7,14,124,64,5,2,16
2024-06-05,FAC0043,7,3,33,16,0,9,12
2024-07-19,FAC0009,2,2,15,15,2,3,18
2023-06-23,FAC0281,2,7,255,219,1,5,11
2023-12-08,FAC0154,4,1,46,4,4,2,11
2024-12-22,FAC0248,1,5,47,20,1,6,4
2023-12-02,FAC0108,3,4,30,4,0,2,12
2023-02-09,FAC0216,0,1,6,5,0,4,10
2024-11-21,FAC0020,1,2,11,9,0,3,6
2024-02-27,FAC0229,1,1,16,7,0,9,12
2024-03-16,FAC0267,7,5,45,35,0,7,7
2023-12-25,FAC0286,1,2,15,3,1,1,12
2024-04-27,FAC0286,2,0,13,5,1,2,13
2023-07-06,FAC0234,1,1,6,5,2,2,5
2024-09-05,FAC0202,6,6,23,44,1,3,9
2024-07-19,FAC0125,0,2,21,2,1,8,12
2024-06-13,FAC0194,3,2,36,11,2,7,15
2024-05-27,FAC0057,0,0,5,6,2,7,18
2024-09-06,FAC0007,4,1,20,28,1,9,8
2024-12-10,FAC0053,2,0,13,2,1,3,18
2023-01-22,FAC0278,13,8,52,105,8,4,11
2023-12-21,FAC0164,0,0,12,2,1,7,11
2024-11-11,FAC0020,0,0,8,12,0,4,10
2024-12-24,FAC0015,18,9,70,102,2,6,11
2024-11-15,FAC0146,0,0,8,1,1,1,14
2024-07-20,FAC0221,1,11,179,141,1,3,7
2024-06-07,FAC0093,10,35,191,112,0,5,13
2024-12-31,FAC0138,1,1,2,7,0,3,16
2023-05-15,FAC0086,47,23,165,150,3,1,12
2023-07-08,FAC0176,1,0,11,14,1,7,9
2023-01-22,FAC0094,1,0,46,11,2,4,12
2024-07-21,FAC0063,3,0,16,16,1,3,10
2023-12-09,FAC0271,1,2,16,5,1,3,13
2024-07-22,FAC0270,1,5,26,23,1,4,15
2024-08-14,FAC0060,5,6,53,75,1,6,10
2023-02-20,FAC0251,1,1,14,10,0,5,14
2024-12-12,FAC0148,0,0,6,5,0,7,10
2024-11-17,FAC0058,0,0,9,6,1,2,8
2023-03-23,FAC0103,6,3,28,31,0,4,6
2024-03-04,FAC0100,27,20,247,29,3,7,18
2024-07-29,FAC0100,27,18,212,64,5,6,22
2024-02-25,FAC0164,2,1,12,2,0,5,17
2023-07-24,FAC0080,1,1,8,6,1,7,9
2023-08-19,FAC0155,2,6,45,18,1,6,17
2024-04-29,FAC0238,5,5,49,28,2,4,10
2023-03-02,FAC0109,3,1,11,13,0,2,7
2023-05-30,FAC0068,4,0,11,16,0,6,11
2024-03-09,FAC0274,10,2,64,28,0,4,20
2024-08-05,FAC0277,0,1,11,3,0,6,14
2024-10-30,FAC0295,0,0,8,6,1,8,14
2023-09-11,FAC0155,7,1,49,14,1,5,13
2024-11-19,FAC0059,4,3,15,21,0,6,9
2024-05-24,FAC0037,8,1,63,108,0,5,14
2023-08-18,FAC0264,9,4,31,42,2,2,11
2024-04-21,FAC0258,1,5,27,29,3,6,10
2023-05-24,FAC0205,8,9,46,36,0,9,14
2023-06-25,FAC0087,1,0,14,3,0,6,14
2024-03-18,FAC0210,5,4,25,25,2,3,13
2024-10-29,FAC0298,2,1,17,2,1,1,16
2023-04-03,FAC0291,3,3,24,14,0,6,9
2024-03-05,FAC0177,4,2,25,13,0,5,9
2023-02-24,FAC0264,4,5,24,49,2,2,11
2024-05-25,FAC0241,2,1,9,6,1,4,13
2024-05-15,FAC0001,3,2,14,10,0,3,7
2023-05-13,FAC0254,0,1,10,6,1,4,6
2023-07-27,FAC0035,3,2,12,10,0,7,14
2023-08-05,FAC0150,3,2,27,3,0,3,11
2024-11-10,FAC0160,4,0,18,18,0,4,10
2023-08-20,FAC0120,9,7,65,49,5,2,10
2023-04-07,FAC0086,30,18,224,91,8,1,13
2024-05-10,FAC0041,1,0,6,2,0,3,12
2023-10-08,FAC0289,5,0,39,7,1,2,8
2024-07-25,FAC0245,3,1,14,30,2,1,20
2024-12-28,FAC0130,2,2,21,3,0,5,10
2024-09-19,FAC0004,0,2,13,11,0,8,15
2024-03-31,FAC0210,3,2,34,16,2,2,10
2023-10-09,FAC0167,7,7,50,14,1,3,9
2023-11-02,FAC0032,0,0,6,7,1,11,8
2024-10-13,FAC0134,0,0,17,6,0,3,9
2023-02-14,FAC0196,3,1,21,8,1,5,20
2023-08-17,FAC0281,20,50,371,103,8,2,11
2023-08-29,FAC0068,3,3,9,18,1,7,6
2023-11-17,FAC0226,4,5,25,20,0,5,12
2024-06-21,FAC0020,3,1,15,5,0,2,8
2023-10-05,FAC0299,2,1,19,10,2,6,9
2023-09-24,FAC0141,3,2,23,26,0,5,13
2023-05-27,FAC0028,1,4,25,21,0,12,20
2024-06-28,FAC0082,1,0,11,12,0,6,18
2023-07-12,FAC0024,0,1,9,4,1,6,17
2023-05-03,FAC0064,2,0,34,42,1,5,15
2024-10-22,FAC0262,2,0,20,2,1,6,12
2024-05-18,FAC0212,5,6,31,24,4,6,17
2024-02-14,FAC0007,2,4,38,10,1,5,10
2023-03-30,FAC0072,2,6,30,38,0,9,10
2024-03-06,FAC0081,1,3,22,16,1,7,10
2023-09-07,FAC0023,11,6,60,39,1,8,10
2023-12-19,FAC0260,0,2,17,27,2,3,11
2024-03-19,FAC0290,0,0,18,11,0,7,15
2024-02-29,FAC0072,10,1,31,37,1,14,12
2024-03-02,FAC0286,2,1,17,1,0,2,6
2023-11-12,FAC0283,4,2,19,20,2,4,15
2024-12-23,FAC0094,8,6,38,19,4,5,12
2024-06-07,FAC0170,7,11,221,15,4,8,10
2024-01-14,FAC0011,2,2,16,3,1,7,9
2023-01-18,FAC0231,1,0,7,4,1,1,17
2023-10-14,FAC0259,0,0,16,3,2,6,25
2024-04-15,FAC0118,2,0,13,25,1,4,13
2024-08-24,FAC0229,0,0,15,8,0,4,14
2023-09-13,FAC0116,10,8,152,26,1,8,15
2023-11-27,FAC0002,1,3,18,24,0,4,7
2024-05-05,FAC0176,0,3,11,14,0,11,12
2023-05-24,FAC0216,1,0,5,6,1,7,10
2023-06-02,FAC0001,0,2,11,13,1,4,8
2024-04-23,FAC0171,0,0,10,6,1,2,16
2023-12-16,FAC0265,2,2,16,13,0,5,7
2024-08-12,FAC0298,0,2,18,1,0,2,18
2023-06-07,FAC0297,2,2,14,7,1,5,10
2023-06-06,FAC0192,17,4,132,178,2,8,12
2024-09-03,FAC0089,2,6,40,21,0,5,8
2023-10-06,FAC0005,1,1,11,5,0,7,9
2024-09-27,FAC0244,1,0,8,3,1,8,18
2023-06-13,FAC0230,3,0,21,14,0,3,20
2024-05-27,FAC0121,2,3,23,22,0,1,11
2024-07-23,FAC0077,0,0,4,6,0,11,15
2024-10-18,FAC0201,5,3,20,45,1,2,8
2023-07-30,FAC0298,2,2,9,10,0,1,12
2023-09-28,FAC0237,0,2,17,12,1,2,12
2023-09-08,FAC0184,5,0,21,15,1,7,13
2023-02-10,FAC0259,2,0,12,7,1,6,18
2024-04-07,FAC0059,0,2,12,24,0,5,9
2023-12-27,FAC0042,1,0,8,14,1,3,11
2024-06-24,FAC0280,23,21,286,148,1,4,18
2023-12-16,FAC0069,0,0,5,9,1,4,8
2024-07-19,FAC0206,3,2,15,10,0,5,15
2023-09-05,FAC0187,15,26,289,56,2,8,7
2023-06-09,FAC0074,0,1,4,4,1,2,13
2024-11-06,FAC0250,2,0,19,2,1,9,9
2024-07-11,FAC0050,1,0,27,22,2,7,9
2024-02-27,FAC0063,4,2,27,5,1,6,16
2024-07-25,FAC0217,5,4,84,11,0,6,12
2024-02-10,FAC0184,0,1,29,7,2,4,13
2024-06-14,FAC0271,2,1,10,11,1,3,14
2023-02-10,FAC0029,0,2,14,5,0,2,11
2024-04-15,FAC0160,4,4,20,16,0,5,10
2023-01-12,FAC0129,1,0,12,28,0,3,13
2024-09-06,FAC0113,1,1,9,4,2,6,14
2023-08-06,FAC0225,0,1,14,16,2,7,14
2023-10-29,FAC0012,0,0,5,5,1,7,11
2023-11-23,FAC0296,6,23,194,205,8,3,21
2024-02-04,FAC0297,2,2,16,5,1,3,5
2023-03-13,FAC0095,4,1,24,16,3,4,11
2023-08-15,FAC0188,24,18,268,40,3,1,13
2023-07-25,FAC0297,2,2,15,6,0,5,11
2023-07-06,FAC0176,2,1,14,11,1,7,8
2024-03-01,FAC0127,0,2,41,12,1,7,6
2023-02-12,FAC0295,2,1,5,9,0,4,11
2023-08-27,FAC0117,2,2,6,12,0,4,13
2023-08-19,FAC0186,1,1,9,7,1,5,11
2023-06-17,FAC0220,30,11,210,35,6,1,10
2023-02-02,FAC0220,4,21,96,149,0,1,15
2024-04-28,FAC0153,2,0,17,19,3,3,14
2024-07-05,FAC0007,2,1,33,15,1,7,13
2024-01-22,FAC0259,1,0,12,7,0,3,17
2024-09-06,FAC0015,21,7,58,114,2,10,11
2023-03-16,FAC0125,0,1,7,16,0,6,12
2023-02-23,FAC0108,2,1,28,6,2,3,12
2024-01-12,FAC0204,1,1,2,4,1,8,20
2023-11-04,FAC0190,0,7,49,32,0,11,12
2023-08-20,FAC0233,0,0,5,3,0,9,10
2024-08-11,FAC0197,2,4,24,14,1,8,12
2023-03-11,FAC0199,4,1,14,17,1,3,13
2024-03-07,FAC0232,12,7,47,53,0,2,12
2023-03-05,FAC0044,1,2,26,10,0,5,14
2023-08-13,FAC0013,1,0,16,5,0,3,12
2023-01-26,FAC0071,1,0,8,3,0,4,15
2023-02-27,FAC0235,2,0,17,14,2,6,6
2024-06-29,FAC0013,2,2,9,12,1,3,17
2023-10-16,FAC0269,2,2,13,11,0,5,12
2024-05-27,FAC0117,0,2,16,2,2,3,20
2024-04-10,FAC0159,6,1,26,15,0,4,14
2023-06-29,FAC0261,5,1,27,8,1,3,14
2024-03-12,FAC0016,0,0,11,7,1,5,14
2023-01-04,FAC0009,2,3,28,2,2,2,18
2023-05-18,FAC0104,0,5,36,6,1,11,6
2024-06-28,FAC0162,6,2,56,4,0,6,11
2023-07-01,FAC0251,0,1,20,4,0,6,10
2023-05-05,FAC0163,4,1,16,13,0,4,13
2024-09-23,FAC0137,1,0,8,13,0,4,11
2023-07-13,FAC0028,1,4,30,16,0,6,15
2023-11-27,FAC0287,3,3,26,10,3,1,7
2024-04-10,FAC0053,2,0,8,7,0,5,14
2023-12-20,FAC0012,1,1,5,5,0,4,14
2023-11-29,FAC0099,1,1,50,9,0,3,4
2024-08-09,FAC0177,3,1,17,21,2,5,6
2023-10-02,FAC0217,14,0,57,38,0,9,14
2024-06-12,FAC0158,38,53,370,77,0,2,4
2023-07-20,FAC0204,1,0,2,4,1,7,12
2024-06-18,FAC0190,12,8,63,18,0,5,9
2024-08-26,FAC0146,0,1,4,5,1,1,12
2024-09-21,FAC0128,1,1,27,30,4,11,9
2024-08-17,FAC0006,28,0,83,161,5,8,11
2024-03-01,FAC0064,4,0,67,9,0,5,10
2024-06-15,FAC0026,0,0,4,9,0,6,8
2023-03-06,FAC0297,3,2,12,9,1,7,5
2024-05-26,FAC0162,7,5,47,13,0,10,11
2024-11-13,FAC0060,7,1,110,18,2,8,13
2023-04-02,FAC0089,9,3,22,39,2,3,10
2024-12-22,FAC0146,1,1,3,6,1,3,12
2024-01-16,FAC0185,13,6,234,20,1,10,18
2023-07-15,FAC0291,2,4,25,13,0,4,19
2024-11-13,FAC0114,1,1,25,11,1,5,11
2024-08-03,FAC0041,0,1,4,4,1,4,12
2023-08-07,FAC0226,5,0,18,27,1,4,10
2023-07-22,FAC0041,1,1,2,6,0,5,7
2024-09-21,FAC0067,3,2,20,7,2,3,11
2024-03-05,FAC0023,14,3,52,47,0,7,10
2023-11-09,FAC0282,1,3,28,7,1,1,13
2023-05-27,FAC0164,0,0,6,8,0,5,15
2024-04-11,FAC0232,10,10,86,14,3,1,12
2023-03-04,FAC0082,0,0,20,3,1,3,9
2023-05-11,FAC0170,32,27,202,34,1,8,12
2023-06-19,FAC0036,0,0,11,5,1,4,7
2024-12-14,FAC0208,1,2,21,18,1,2,14
2024-12-10,FAC0175,0,3,25,13,2,2,14
2024-03-31,FAC0003,2,2,17,3,2,4,7
2024-06-13,FAC0217,2,0,77,18,1,8,12
2023-02-17,FAC0129,1,0,32,8,1,5,21
2023-05-14,FAC0088,0,2,23,16,1,9,11
2023-05-03,FAC0093,35,3,239,64,2,8,19
2024-02-14,FAC0295,1,0,10,4,1,9,10
2024-07-25,FAC0030,1,1,11,3,2,3,7
2023-08-09,FAC0145,2,3,11,23,2,5,11
2024-09-03,FAC0228,2,0,16,8,0,7,14
2024-07-28,FAC0142,25,14,112,247,8,1,13
2024-09-01,FAC0027,9,18,240,114,0,5,11
2023-11-19,FAC0215,0,2,16,24,1,5,9
2023-12-27,FAC0044,2,1,20,16,0,4,11
2023-01-05,FAC0058,2,1,9,6,0,4,7
2024-12-21,FAC0093,4,34,131,172,4,7,16
2023-07-05,FAC0034,0,0,4,6,0,4,14
2023-07-03,FAC0079,1,1,5,12,1,9,22
2023-11-15,FAC0288,3,1,11,12,0,4,12
2023-11-05,FAC0287,2,1,14,22,2,1,10
2023-10-29,FAC0128,5,4,24,33,0,11,9
2024-03-22,FAC0112,3,0,16,7,1,4,12
2023-11-03,FAC0140,4,0,13,19,1,7,16
2023-07-18,FAC0007,0,0,16,32,0,9,10
2024-06-19,FAC0150,2,1,26,4,0,3,15
2023-10-19,FAC0079,1,2,10,7,0,9,18
2024-07-20,FAC0271,0,1,14,7,1,4,14
2024-01-31,FAC0274,10,9,37,55,1,6,16
2024-08-22,FAC0024,0,1,7,6,0,4,22
2023-12-29,FAC0226,5,0,29,16,1,4,14
2024-06-13,FAC0289,2,2,21,25,0,2,9
2023-10-07,FAC0259,2,2,6,13,1,7,26
2023-09-25,FAC0224,0,0,3,9,2,6,11
2023-08-17,FAC0068,1,1,19,8,0,7,7
2024-03-21,FAC0217,9,3,72,23,0,5,20
2024-06-19,FAC0072,8,8,47,21,0,13,13
2023-12-13,FAC0276,4,1,24,9,1,3,12
2023-02-21,FAC0225,2,0,11,19,1,6,12
2024-07-02,FAC0287,0,2,29,7,0,2,15
2023-09-12,FAC0170,27,14,124,112,3,10,14
2023-11-03,FAC0059,2,4,31,5,2,3,12
2024-01-02,FAC0216,1,0,4,7,0,5,15
2024-04-14,FAC0001,0,2,11,13,1,4,10
2023-03-03,FAC0126,3,0,30,7,0,6,12
2023-12-30,FAC0207,5,0,12,23,0,5,13
2023-08-24,FAC0257,1,1,18,5,1,3,17
2024-02-26,FAC0204,0,1,5,1,1,8,14
2023-05-14,FAC0089,5,7,23,38,2,5,11
2023-04-05,FAC0181,5,5,14,33,1,5,13
2023-11-13,FAC0109,0,2,21,3,0,4,5
2023-03-16,FAC0147,0,1,31,10,2,7,11
2023-02-25,FAC0187,21,27,217,128,5,5,11
2023-12-27,FAC0075,1,1,6,6,1,8,11
2023-09-14,FAC0272,2,1,15,7,1,7,16
2024-05-12,FAC0198,0,0,13,5,1,6,8
2024-08-20,FAC0196,4,1,15,14,0,5,18
2023-11-24,FAC0095,2,3,32,8,3,4,8
2023-09-19,FAC0201,5,4,30,35,0,5,12
2023-11-14,FAC0048,1,1,30,11,0,9,24
2024-04-10,FAC0261,3,2,27,8,1,4,17
2024-07-26,FAC0247,0,0,10,2,1,3,15
2024-07-03,FAC0289,0,1,15,31,0,4,15
2024-07-04,FAC0186,1,0,5,11,2,8,11
2023-02-12,FAC0200,4,1,13,16,0,4,22
2023-03-10,FAC0194,1,3,19,28,0,8,16
2023-05-21,FAC0238,9,0,38,39,0,4,10
2023-11-19,FAC0057,0,0,3,8,1,4,9
2024-05-10,FAC0246,1,0,49,10,0,3,8
2024-01-20,FAC0141,6,4,32,17,1,4,12
2023-04-01,FAC0041,0,1,4,4,1,3,10
2024-11-20,FAC0269,1,1,21,3,1,8,9
2024-06-14,FAC0299,1,2,20,9,0,4,12
2024-09-11,FAC0133,8,3,33,26,2,2,14
2023-05-03,FAC0105,4,1,23,7,1,2,32
2024-09-12,FAC0120,11,10,86,28,6,2,6
2024-02-26,FAC0197,5,1,28,10,1,8,14
2024-03-11,FAC0183,0,1,22,6,0,3,12
2024-11-22,FAC0277,2,1,4,10,1,6,20
2024-08-29,FAC0022,1,0,12,6,1,4,10
2024-03-26,FAC0226,3,4,20,25,0,6,12
2024-08-13,FAC0257,3,1,21,2,0,3,17
2023-05-04,FAC0011,1,1,15,4,1,4,6
2024-03-14,FAC0008,3,2,7,17,0,3,10
2023-12-29,FAC0287,3,1,17,19,3,2,13
2023-02-14,FAC0103,1,2,20,39,0,3,6
2024-01-25,FAC0097,5,5,66,20,0,5,14
2024-07-27,FAC0220,21,3,188,57,3,2,13
2023-11-19,FAC0120,0,4,47,67,0,2,9
2023-04-11,FAC0187,23,34,275,70,3,6,15
2023-05-28,FAC0005,2,0,5,11,1,5,13
2024-10-13,FAC0262,0,2,16,6,1,7,13
2023-04-14,FAC0181,0,1,16,31,0,5,7
2024-05-15,FAC0143,0,3,45,49,1,4,14
2023-06-19,FAC0274,13,10,60,32,0,4,14
2023-09-01,FAC0008,1,0,9,15,0,3,6
2023-04-27,FAC0166,1,0,5,12,1,4,16
2024-01-07,FAC0166,2,2,8,9,0,4,17
2024-01-11,FAC0105,2,2,10,20,1,2,24
2024-12-02,FAC0134,2,2,15,8,0,3,6
2024-02-25,FAC0228,1,1,17,7,0,8,15
2024-01-12,FAC0142,14,3,170,189,3,1,18
2023-11-02,FAC0044,4,1,33,3,0,3,18
2024-07-27,FAC0037,19,11,70,101,0,5,20
2023-04-17,FAC0282,2,1,28,7,1,3,9
2023-02-08,FAC0046,1,1,7,8,2,5,12
2023-06-27,FAC0095,0,2,16,24,3,5,9
2023-02-20,FAC0124,39,1,163,97,2,3,21
2024-10-27,FAC0108,1,3,30,4,2,3,10
2023-04-08,FAC0251,3,0,11,13,0,8,13
2024-09-03,FAC0047,0,1,4,2,0,6,13
2024-11-02,FAC0031,44,42,133,258,2,1,10
2023-04-19,FAC0210,6,1,15,35,2,3,11
2024-02-08,FAC0297,0,0,13,8,1,7,7
2024-05-11,FAC0298,1,2,17,2,0,2,18
2023-02-22,FAC0048,2,2,34,7,0,7,21
2024-06-02,FAC0005,0,1,9,7,0,9,12
2024-06-26,FAC0122,0,1,8,7,0,4,11
2023-12-31,FAC0233,0,0,7,1,1,9,13
2024-02-18,FAC0274,1,11,73,19,1,4,16
2023-05-20,FAC0020,2,1,13,7,0,4,5
2023-01-26,FAC0039,2,1,25,5,1,4,16
2023-08-22,FAC0148,0,1,9,2,1,3,11
2023-02-20,FAC0300,2,0,16,8,1,4,10
2024-09-15,FAC0221,15,17,209,111,1,5,7
2023-09-11,FAC0023,6,1,47,52,1,4,7
2023-07-25,FAC0153,0,1,11,25,0,3,9
2023-12-04,FAC0061,2,1,39,5,2,6,19
2024-03-03,FAC0238,3,4,42,35,4,3,11
2024-02-15,FAC0129,2,2,18,22,1,4,20
2024-12-30,FAC0145,0,4,12,22,2,9,6
2023-02-10,FAC0015,10,15,121,51,0,10,9
2023-07-01,FAC0105,4,3,27,3,0,4,22
2024-02-27,FAC0159,1,1,27,14,0,3,9
2024-11-25,FAC0082,3,1,11,12,1,4,17
2023-12-08,FAC0046,1,0,14,1,1,4,9
2023-07-17,FAC0016,1,0,7,11,2,6,18
2024-03-06,FAC0111,2,1,23,13,0,3,11
2023-12-04,FAC0274,11,6,85,7,1,4,15
2023-02-07,FAC0079,0,1,11,6,0,8,19
2024-02-18,FAC0079,0,0,15,2,0,6,24
2023-08-29,FAC0055,9,28,222,210,0,10,13
2024-11-05,FAC0201,9,2,46,19,1,5,12
2024-11-17,FAC0060,7,0,79,49,2,4,8
2023-01-11,FAC0184,1,3,23,13,0,4,12
2024-04-12,FAC0157,2,0,17,13,1,8,6
2024-06-05,FAC0103,7,3,28,31,1,3,5
2023-10-19,FAC0195,1,0,11,3,1,4,11
2023-01-01,FAC0259,0,1,12,7,0,5,24
2024-02-11,FAC0094,8,6,46,11,4,5,7
2024-04-22,FAC0244,0,1,5,6,1,6,11
2024-02-25,FAC0070,19,12,98,90,6,2,17
2023-12-20,FAC0241,0,0,6,9,1,3,13
2023-12-10,FAC0291,2,4,11,27,0,3,18
2023-10-07,FAC0010,0,1,11,2,0,4,7
2023-04-05,FAC0223,0,1,26,6,1,7,10
2024-03-08,FAC0077,0,0,3,7,1,6,15
2024-01-08,FAC0206,2,1,22,3,1,6,10
2023-05-03,FAC0244,0,1,8,3,1,6,15
2024-03-03,FAC0201,0,4,35,30,1,5,13
2024-04-29,FAC0108,2,3,29,5,0,2,14
2023-11-17,FAC0295,2,1,9,5,1,6,14
2024-04-06,FAC0044,1,3,24,12,1,7,20
2024-01-28,FAC0073,0,1,6,2,1,4,18
2024-09-15,FAC0023,10,1,58,41,0,6,6
2024-02-17,FAC0286,2,1,10,8,2,1,9
2024-06-20,FAC0161,0,0,7,4,1,7,11
2023-03-13,FAC0263,6,2,31,9,1,5,8
2023-06-01,FAC0186,1,0,5,11,0,5,9
2024-12-29,FAC0278,3,4,89,68,5,4,12
2024-04-04,FAC0248,2,4,57,10,0,11,5
2023-11-22,FAC0093,21,26,131,172,4,4,11
2023-03-13,FAC0076,1,1,32,5,0,6,9
2024-08-08,FAC0150,4,2,23,7,1,2,17
2023-02-21,FAC0255,4,4,30,7,0,4,10
2023-04-27,FAC0010,1,0,10,3,0,3,9
2024-01-15,FAC0151,7,3,31,35,3,3,7
2023-11-21,FAC0046,1,0,8,7,0,5,6
2023-06-11,FAC0213,0,0,11,16,0,5,16
2023-02-06,FAC0220,11,27,127,118,2,1,11
2024-10-18,FAC0064,11,3,45,31,3,6,10
2023-05-30,FAC0279,1,4,61,37,0,3,13
2023-11-05,FAC0035,3,2,9,13,0,8,9
2023-06-07,FAC0021,2,2,9,10,0,6,13
2023-01-25,FAC0254,1,0,9,7,0,3,7
2024-09-29,FAC0229,1,1,19,4,1,8,12
2023-08-31,FAC0107,3,2,35,41,4,7,14
2024-08-10,FAC0177,2,0,17,21,3,5,11
2024-04-23,FAC0164,2,1,11,3,0,6,9
2024-10-05,FAC0285,49,6,195,175,1,4,20
2023-04-26,FAC0175,2,0,15,23,3,3,12
2023-06-11,FAC0013,1,1,9,12,1,2,11
2024-10-07,FAC0207,5,1,22,13,1,9,11
2023-07-20,FAC0162,1,2,38,22,1,9,10
2024-12-15,FAC0257,2,1,8,15,1,2,12
2024-05-08,FAC0114,1,0,21,15,0,6,10
2023-03-27,FAC0196,1,1,22,7,0,6,13
2023-01-10,FAC0110,3,3,37,4,0,7,13
2024-06-29,FAC0129,6,4,17,23,0,5,16
2024-09-14,FAC0088,4,3,21,18,1,8,10
2023-10-13,FAC0001,1,0,7,17,1,6,5
2023-06-09,FAC0097,4,5,53,33,2,6,15
2023-04-04,FAC0226,4,4,28,17,0,5,9
2024-08-20,FAC0282,4,3,11,24,1,1,19
2024-08-07,FAC0067,4,2,17,10,2,6,13
2024-08-17,FAC0144,1,0,17,11,2,7,17
2024-06-17,FAC0220,16,5,102,143,8,2,13
2024-02-21,FAC0030,0,0,4,10,2,5,6
2024-07-16,FAC0129,0,3,30,10,1,5,19
2024-08-31,FAC0155,4,7,38,25,1,6,13
2023-03-07,FAC0290,3,3,11,18,1,11,15
2024-02-16,FAC0100,12,27,185,91,3,5,22
2024-10-25,FAC0082,2,2,19,4,1,5,14
2023-09-08,FAC0058,1,0,6,9,1,4,7
2023-07-23,FAC0016,1,1,6,12,2,4,14
2023-04-01,FAC0075,1,1,6,6,0,9,20
2023-12-02,FAC0189,2,1,12,2,1,6,19
2024-07-30,FAC0297,2,2,11,10,0,4,9
2023-12-10,FAC0049,12,2,37,52,0,6,6
2023-11-03,FAC0169,3,1,29,58,2,2,12
2023-03-24,FAC0184,5,2,13,23,1,6,18
2023-05-22,FAC0114,5,1,23,13,3,6,15
2023-01-19,FAC0284,24,19,147,68,2,3,15
2024-05-09,FAC0290,0,0,26,3,1,12,7
2024-01-04,FAC0239,1,1,2,3,0,6,5
2023-06-11,FAC0125,0,1,17,6,0,4,11
2023-10-04,FAC0186,1,1,14,2,2,8,9
2024-05-11,FAC0009,4,1,25,5,1,4,16
2024-01-26,FAC0291,0,2,21,17,0,4,11
2023-02-23,FAC0070,1,16,128,60,3,3,19
2023-02-28,FAC0074,0,1,3,5,1,2,13
2024-05-03,FAC0171,1,0,14,2,1,2,12
2023-07-07,FAC0137,1,1,18,3,1,3,8
2023-09-18,FAC0147,4,3,30,11,2,6,9
2024-08-16,FAC0012,0,0,3,7,1,5,23
2024-07-17,FAC0231,0,0,6,5,1,2,10
2024-09-17,FAC0022,0,1,11,7,0,4,17
2023-12-27,FAC0040,2,1,5,11,0,5,9
2023-01-04,FAC0079,2,2,11,6,1,7,22
2024-02-23,FAC0231,0,1,6,5,0,1,12
2023-07-10,FAC0037,10,4,116,55,3,6,14
2023-04-12,FAC0199,0,1,12,19,1,1,21
2024-08-09,FAC0064,0,5,71,5,1,7,9
2023-03-07,FAC0147,0,3,28,13,2,6,9
2024-10-15,FAC0190,6,4,25,56,0,6,11
2024-10-21,FAC0013,0,2,15,6,0,5,17
2024-08-12,FAC0155,0,6,57,6,2,5,14
2023-12-31,FAC0164,1,1,5,9,1,3,8
2023-06-07,FAC0258,6,0,47,9,1,4,17
2023-10-31,FAC0293,1,0,15,9,0,4,21
2024-07-23,FAC0113,1,0,11,2,1,9,14
2023-11-22,FAC0292,0,2,12,11,1,4,9
2023-07-03,FAC0149,1,0,8,4,1,3,22
2024-01-24,FAC0084,4,3,15,16,0,3,9
2024-10-27,FAC0105,3,3,22,8,1,4,25
2024-04-26,FAC0238,11,6,55,22,3,5,15
2023-04-29,FAC0247,1,0,5,7,0,2,10
2024-08-19,FAC0155,1,2,56,7,1,5,15
2024-04-01,FAC0265,3,1,10,19,0,7,6
2024-12-20,FAC0194,0,0,26,21,0,4,16
2023-05-07,FAC0063,1,2,20,12,0,6,15
2024-02-02,FAC0015,21,7,118,54,0,9,6
2023-11-22,FAC0103,2,3,45,14,3,4,9
2023-07-31,FAC0154,5,6,30,20,2,2,18
2023-04-14,FAC0006,31,7,113,131,2,8,10
2023-02-02,FAC0187,42,16,187,158,4,5,10
2023-12-24,FAC0271,1,2,13,8,1,3,18
2023-10-23,FAC0090,4,2,24,6,1,8,17
2023-02-06,FAC0254,1,1,9,7,0,3,8
2023-03-15,FAC0273,0,0,11,20,2,5,8
2024-04-13,FAC0286,0,1,11,7,0,2,9
2024-10-23,FAC0130,3,0,17,7,1,6,18
2023-03-15,FAC0115,3,4,52,7,2,3,16
2023-10-30,FAC0114,3,0,20,16,3,5,19
2024-08-13,FAC0241,1,0,11,4,0,3,13
2024-12-04,FAC0068,2,0,9,18,1,7,12
2024-07-17,FAC0185,30,18,126,128,6,11,11
2023-05-28,FAC0069,1,1,11,3,1,5,7
2024-04-30,FAC0013,3,0,8,13,1,2,17
2023-05-11,FAC0269,0,1,13,11,0,7,11
2024-04-15,FAC0209,3,3,22,3,1,3,11
2024-07-24,FAC0248,7,0,61,6,1,12,3
2024-07-31,FAC0121,3,0,19,26,1,3,11
2023-05-03,FAC0205,2,1,58,24,4,9,14
2023-03-02,FAC0118,4,1,34,4,0,4,16
2023-05-22,FAC0128,5,4,26,31,2,12,10
2023-04-19,FAC0098,5,1,29,7,0,7,9
2024-08-27,FAC0207,1,0,26,9,1,7,12
2024-01-02,FAC0233,0,0,6,2,1,9,18
2023-10-12,FAC0017,47,8,387,28,1,4,13
2023-10-19,FAC0286,1,2,6,12,2,2,11
2024-03-19,FAC0014,0,5,29,15,0,4,18
2024-07-12,FAC0198,2,2,10,8,1,3,11
2023-03-27,FAC0144,4,1,26,2,2,4,10
2024-12-14,FAC0296,13,34,140,259,7,5,21
2023-07-21,FAC0220,30,1,161,84,1,1,9
2023-03-16,FAC0258,4,5,51,5,1,6,10
2024-11-16,FAC0149,0,1,9,3,2,5,19
2023-01-30,FAC0109,2,0,8,16,0,3,7
2024-12-30,FAC0221,8,35,195,125,3,2,8
2024-09-09,FAC0091,1,0,35,3,2,7,11
2023-04-20,FAC0169,12,9,79,8,3,2,14
2023-05-24,FAC0122,1,0,13,2,0,4,17
2023-09-29,FAC0202,0,4,24,43,1,3,13
2023-02-21,FAC0131,4,4,18,23,0,4,8
2024-02-11,FAC0225,0,2,17,13,1,3,16
2023-11-20,FAC0163,3,1,22,7,0,7,14
2023-04-13,FAC0232,1,1,75,25,1,2,11
2024-11-26,FAC0228,0,0,21,3,0,7,17
2024-11-01,FAC0089,8,7,29,32,0,4,12
2023-12-04,FAC0058,2,0,11,4,1,2,9
2023-06-06,FAC0135,2,2,19,11,0,5,23
2024-06-11,FAC0009,4,2,23,7,2,5,22
2024-11-11,FAC0062,2,1,16,6,1,4,6
2023-05-22,FAC0104,5,4,36,6,0,9,9
2023-01-30,FAC0235,0,1,13,18,1,7,11
2023-05-17,FAC0082,1,2,20,3,1,4,9
2023-07-20,FAC0249,1,2,21,9,0,4,20
2024-04-25,FAC0086,20,0,124,191,6,3,7
2023-02-19,FAC0233,1,1,2,6,1,5,11
2024-10-30,FAC0038,1,7,29,35,1,4,11
2023-04-04,FAC0241,2,1,8,7,1,3,21
2024-08-09,FAC0257,2,2,6,17,1,2,14
2024-06-04,FAC0224,1,0,8,4,2,4,11
2024-02-07,FAC0048,0,4,21,20,0,5,15
2023-02-09,FAC0228,3,1,17,7,1,7,19
2024-11-09,FAC0249,0,0,9,21,1,2,10
2023-05-26,FAC0169,7,3,64,23,2,2,12
2023-03-07,FAC0248,6,5,54,13,1,11,4
2023-01-06,FAC0292,2,1,12,11,1,7,15
2024-06-24,FAC0010,0,1,6,7,0,5,10
2024-04-16,FAC0026,1,1,8,5,2,7,12
2024-08-23,FAC0233,0,0,7,1,0,5,19
2023-02-01,FAC0267,12,0,71,9,2,3,7
2024-06-13,FAC0095,3,0,37,3,1,4,11
2024-06-20,FAC0133,2,4,33,26,1,2,8
2023-10-18,FAC0272,3,0,15,7,1,5,17
2024-04-15,FAC0216,0,1,9,2,1,6,7
2024-09-18,FAC0272,2,2,14,8,0,5,17
2023-06-11,FAC0216,0,1,9,2,0,4,14
2024-08-09,FAC0094,0,0,39,18,0,4,9
2024-06-16,FAC0298,0,2,14,5,1,2,18
2023-02-02,FAC0042,0,1,17,5,0,4,9
2024-01-12,FAC0251,0,1,22,2,1,8,11
2023-07-20,FAC0192,25,3,108,202,9,8,11
2023-02-23,FAC0083,3,1,14,7,2,4,13
2023-07-12,FAC0171,2,0,9,7,0,5,11
2024-11-28,FAC0042,2,1,12,10,1,3,11
2024-04-17,FAC0028,1,1,31,15,1,10,13
2023-01-09,FAC0090,2,3,13,17,0,8,15
2024-01-12,FAC0052,0,0,9,6,1,10,24
2024-10-21,FAC0208,0,3,24,15,0,3,18
2023-11-26,FAC0073,1,1,6,2,0,2,14
2023-04-11,FAC0227,22,40,156,296,5,7,15
2023-01-01,FAC0019,3,1,12,19,1,9,9
2023-11-18,FAC0080,1,0,6,8,1,4,10
2024-03-22,FAC0127,7,6,33,20,1,4,11
2024-10-12,FAC0104,2,0,31,11,1,11,10
2024-09-16,FAC0242,0,1,6,9,0,3,12
2024-07-27,FAC0234,0,0,9,2,2,1,8
2023-09-10,FAC0010,0,0,5,8,0,2,12
2024-05-25,FAC0205,12,4,66,16,2,5,14
2024-10-18,FAC0178,1,0,14,5,0,5,8
2024-06-07,FAC0237,3,0,14,15,0,2,11
2024-06-08,FAC0006,8,22,153,91,3,4,14
2023-06-01,FAC0292,2,1,20,3,0,3,10
2023-10-10,FAC0201,0,1,27,38,0,2,13
2024-01-21,FAC0100,12,7,91,185,0,7,22
2024-02-13,FAC0243,36,31,213,80,2,5,13
2023-07-15,FAC0126,0,3,20,17,1,5,18
2024-08-12,FAC0172,5,2,13,30,1,5,9
2023-04-23,FAC0240,2,1,6,10,1,4,10
2024-02-27,FAC0265,0,1,18,11,0,6,9
2024-04-13,FAC0008,2,1,19,5,1,4,7
2023-05-17,FAC0190,4,3,25,56,1,10,8
2023-02-18,FAC0013,3,1,17,4,0,3,12
2024-10-28,FAC0079,2,2,13,4,0,6,24
2023-07-08,FAC0151,9,7,37,29,4,3,6
2024-11-08,FAC0219,0,0,8,6,1,3,15
2024-07-25,FAC0250,2,0,19,2,0,6,11
2023-11-02,FAC0088,1,2,14,25,0,9,9
2024-07-05,FAC0071,1,1,10,1,1,4,12
2024-09-25,FAC0298,2,2,6,13,0,2,10
2023-02-04,FAC0172,5,3,17,26,0,3,10
2023-02-03,FAC0051,6,30,431,49,0,6,9
2024-03-24,FAC0012,1,0,5,5,0,4,13
2023-12-12,FAC0121,1,5,19,26,0,3,10
2023-12-13,FAC0020,3,0,18,2,1,4,9
2024-06-21,FAC0181,5,1,40,7,1,4,12
2023-10-03,FAC0048,2,0,19,22,0,6,23
2023-12-15,FAC0076,4,1,26,11,0,6,12
2023-07-13,FAC0031,5,43,155,236,5,2,15
2023-08-07,FAC0175,0,3,17,21,2,4,12
2023-01-31,FAC0108,4,2,16,18,0,2,15
2023-07-09,FAC0073,0,1,4,4,0,4,14
2024-08-04,FAC0007,5,1,43,5,1,7,8
2024-10-28,FAC0133,2,3,29,30,1,4,10
2023-12-04,FAC0243,21,1,122,171,0,9,14
2023-06-17,FAC0138,0,0,7,2,1,6,17
2023-06-13,FAC0174,10,9,50,102,4,1,6
2024-11-06,FAC0271,3,0,7,14,0,6,10
2024-09-05,FAC0284,20,25,156,59,3,1,20
2023-01-31,FAC0167,8,1,56,8,1,2,8
2023-01-16,FAC0133,2,0,55,4,1,4,9
2024-01-20,FAC0238,1,5,23,54,2,5,8
2023-06-13,FAC0179,6,3,31,12,1,10,7
2024-06-21,FAC0262,0,1,18,4,0,4,9
2023-07-07,FAC0222,1,2,41,18,4,6,13
2023-07-31,FAC0156,3,1,61,39,0,8,6
2023-12-14,FAC0214,0,2,8,11,2,4,10
2024-11-08,FAC0254,1,1,6,10,1,5,11
2024-05-23,FAC0030,1,1,7,7,1,2,7
2023-08-03,FAC0049,6,7,39,50,2,6,12
2024-03-22,FAC0200,3,1,19,10,2,7,22
2024-08-10,FAC0126,3,0,33,4,1,5,17
2023-07-09,FAC0011,2,2,13,6,0,7,7
2024-06-13,FAC0253,3,1,15,21,1,3,12
2024-02-16,FAC0298,2,2,12,7,0,1,18
2024-06-07,FAC0117,2,2,10,8,0,4,12
2023-06-06,FAC0268,0,4,16,27,1,1,11
2023-04-04,FAC0154,7,2,19,31,0,2,12
2023-01-07,FAC0246,6,2,47,12,0,2,13
2023-07-30,FAC0031,3,15,366,25,3,1,10
2024-01-01,FAC0031,18,33,256,135,2,2,7
2024-11-03,FAC0022,2,0,11,7,0,2,14
2023-09-15,FAC0284,32,1,95,120,6,3,11
2023-11-16,FAC0112,1,1,16,7,0,3,14
2024-07-02,FAC0046,1,1,12,3,2,4,7
2024-08-14,FAC0267,11,3,41,39,0,6,8
2024-01-27,FAC0289,6,4,29,17,0,4,12
2023-08-11,FAC0239,0,0,4,1,1,6,8
2023-09-13,FAC0031,53,35,326,65,4,3,10
2024-09-02,FAC0279,10,7,52,46,2,2,16
2024-06-22,FAC0156,11,9,31,69,2,8,6
2024-01-12,FAC0180,24,1,70,108,4,4,12
2023-10-31,FAC0015,2,15,148,24,0,9,9
2024-04-11,FAC0192,39,21,148,162,8,8,13
2024-01-21,FAC0109,1,2,19,5,1,4,5
2023-02-09,FAC0270,4,3,26,23,1,5,15
2024-02-17,FAC0015,15,4,138,34,4,8,7
2024-10-26,FAC0218,0,0,6,5,0,9,18
2024-08-13,FAC0001,0,2,10,14,0,5,5
2023-01-17,FAC0147,0,4,22,19,4,5,15
2024-07-03,FAC0095,6,4,34,6,3,6,13
2023-07-11,FAC0250,0,0,18,3,1,5,11
2024-03-06,FAC0078,3,0,24,4,1,3,13
2024-02-06,FAC0189,2,1,8,6,1,4,19
2023-05-03,FAC0173,2,0,9,13,1,5,11
2023-11-18,FAC0260,3,0,24,20,2,4,18
2024-03-28,FAC0189,1,1,9,5,0,4,19
2023-03-04,FAC0011,2,1,7,12,1,5,5
2024-08-14,FAC0008,0,0,11,13,0,3,12
2023-05-11,FAC0128,5,6,51,6,1,7,9
2023-02-09,FAC0237,4,3,13,16,1,3,7
2024-05-18,FAC0255,3,1,32,5,0,7,15
2024-04-11,FAC0119,2,2,15,22,1,1,13
2023-02-09,FAC0127,4,1,16,37,2,6,8
2024-05-20,FAC0290,2,3,9,20,0,11,12
2024-05-17,FAC0281,58,10,422,52,5,2,13
2024-03-14,FAC0195,0,1,10,4,1,4,7
2024-12-29,FAC0090,4,1,11,19,0,4,8
2024-09-14,FAC0228,1,2,10,14,1,6,18
2024-08-31,FAC0153,4,0,25,11,3,1,13
2023-03-02,FAC0111,2,4,21,15,1,2,15
2023-05-14,FAC0299,0,1,10,19,0,8,16
2023-06-25,FAC0042,0,2,11,11,1,2,16
2024-06-28,FAC0027,38,7,227,127,3,6,10
2023-05-20,FAC0220,31,14,116,129,3,1,9
2024-08-15,FAC0280,40,28,234,200,1,3,21
2023-02-05,FAC0235,2,2,28,3,2,8,9
2023-07-07,FAC0169,12,8,63,24,2,4,14
2023-11-25,FAC0062,0,0,9,13,0,4,10
2024-09-05,FAC0108,1,0,25,9,2,2,14
2023-11-12,FAC0218,1,0,8,3,2,7,20
2023-05-30,FAC0024,0,0,6,7,0,3,17
2024-11-21,FAC0068,1,1,14,13,0,7,7
2023-05-22,FAC0273,0,2,24,7,1,4,9
2024-01-30,FAC0205,4,0,76,6,1,7,8
2024-09-24,FAC0196,1,1,10,19,0,5,20
2023-11-05,FAC0007,4,3,15,33,0,9,13
2024-04-26,FAC0086,7,7,270,45,4,1,9
2024-06-25,FAC0009,0,0,14,16,1,4,21
2024-04-30,FAC0047,0,0,2,4,1,5,8
2023-12-26,FAC0244,0,1,5,6,0,7,18
2023-10-23,FAC0258,7,6,40,16,1,7,10
2023-05-10,FAC0002,2,4,30,12,1,2,13
2024-04-06,FAC0200,1,1,15,14,2,8,16
2023-01-16,FAC0182,3,2,17,8,1,7,15
2023-08-28,FAC0134,0,2,9,14,1,3,10
2024-01-05,FAC0119,2,3,27,10,1,1,10
2023-06-17,FAC0058,2,0,9,6,1,2,6
2024-07-20,FAC0237,3,0,23,6,0,4,7
2024-12-25,FAC0270,2,3,42,7,0,2,17
2024-10-20,FAC0162,0,6,51,9,1,10,12
2023-08-27,FAC0174,20,3,109,43,2,1,9
2024-07-14,FAC0259,0,2,5,14,0,7,14
2024-07-29,FAC0128,3,4,34,23,1,8,13
2024-06-26,FAC0296,31,9,174,225,5,5,21
2024-05-27,FAC0235,3,3,26,5,2,6,11
2023-06-07,FAC0008,2,0,11,13,1,3,7
2024-12-02,FAC0279,13,6,30,68,3,5,14
2024-08-18,FAC0077,0,0,3,7,1,5,17
2023-11-08,FAC0082,1,1,19,4,1,3,13
2023-11-09,FAC0036,1,1,5,11,0,3,6
2024-12-31,FAC0045,1,3,33,4,0,6,13
2023-05-17,FAC0007,4,0,18,30,1,8,8
2024-09-14,FAC0206,2,3,19,6,0,7,10
2023-06-05,FAC0115,6,7,33,26,0,5,14
2023-09-25,FAC0112,1,0,18,5,1,2,9
2024-12-02,FAC0143,14,3,68,26,1,5,10
2023-06-28,FAC0216,1,1,4,7,0,7,11
2023-07-13,FAC0282,3,4,17,18,0,2,13
2023-06-11,FAC0032,0,1,6,7,1,10,11
2023-08-18,FAC0165,20,20,191,101,0,1,15
2023-07-20,FAC0080,0,0,11,3,0,4,15
2024-12-25,FAC0274,5,3,66,26,0,3,18
2023-07-11,FAC0250,3,2,19,2,1,7,12
2023-07-18,FAC0169,4,7,71,16,3,3,16
2024-11-05,FAC0295,2,1,8,6,1,5,17
2024-03-19,FAC0126,1,0,33,4,0,3,16
2024-02-08,FAC0297,1,2,13,8,1,3,11
2024-12-02,FAC0283,5,1,21,18,2,8,14
2023-07-22,FAC0293,1,0,13,11,1,7,15
2023-09-05,FAC0159,3,0,14,27,1,5,13
2024-07-01,FAC0002,1,2,37,5,0,4,12
2024-12-07,FAC0096,0,0,13,21,0,3,10
2023-08-27,FAC0260,2,3,21,23,2,2,19
2023-07-25,FAC0168,9,2,74,28,2,4,18
2024-03-26,FAC0045,1,0,12,25,2,8,9
2023-01-14,FAC0206,3,2,14,11,0,7,15
2023-03-12,FAC0147,4,3,25,16,3,7,9
2024-10-03,FAC0045,4,0,18,19,2,5,12
2023-04-19,FAC0256,0,2,11,17,1,6,14
2023-03-06,FAC0112,3,2,12,11,2,4,16
2023-08-26,FAC0077,1,1,8,2,1,6,16
2024-06-10,FAC0193,3,2,12,12,0,10,6
2023-03-18,FAC0110,2,1,21,20,0,6,13
2023-09-29,FAC0139,4,7,48,23,0,3,24
2024-09-04,FAC0151,2,6,35,31,1,3,6
2024-02-17,FAC0156,10,12,83,17,1,7,4
2023-10-06,FAC0197,0,2,34,4,1,9,13
2023-10-08,FAC0163,4,3,16,13,0,6,20
2023-06-26,FAC0144,2,2,16,12,0,5,11
2023-07-16,FAC0233,1,1,4,4,0,5,18
2023-04-23,FAC0101,3,4,27,16,3,3,14
2023-04-09,FAC0076,2,2,25,12,1,8,7
2023-01-18,FAC0193,0,1,16,8,1,5,11
2024-01-23,FAC0169,2,5,45,42,0,5,17
2024-10-20,FAC0218,1,0,6,5,0,6,11
2024-01-15,FAC0019,3,3,25,6,0,8,15
2023-02-21,FAC0063,4,1,23,9,2,6,12
2024-01-03,FAC0287,3,1,11,25,0,1,8
2023-01-22,FAC0021,0,0,16,3,1,3,17
2023-05-18,FAC0011,1,2,9,10,1,6,8
2023-11-13,FAC0159,2,1,22,19,1,4,13
2023-01-07,FAC0232,3,5,45,55,3,1,14
2024-04-16,FAC0283,3,4,27,12,0,6,15
2024-01-03,FAC0239,0,0,2,3,1,3,8
2024-06-22,FAC0174,19,13,111,41,0,1,5
2024-02-17,FAC0003,2,1,6,14,1,6,11
2023-06-18,FAC0194,6,3,31,16,2,4,19
2023-05-20,FAC0088,5,2,23,16,0,6,10
2023-12-26,FAC0065,2,2,39,46,1,5,16
2023-01-15,FAC0077,0,0,7,3,0,5,14
2023-03-29,FAC0123,3,0,17,24,0,2,9
2023-12-11,FAC0089,4,0,37,24,1,5,15
2023-04-13,FAC0290,4,0,19,10,0,10,11
2023-12-16,FAC0299,3,3,15,14,1,5,11
2024-05-04,FAC0273,1,1,21,10,2,3,6
2024-06-17,FAC0296,17,45,235,164,3,4,17
2023-08-09,FAC0278,3,11,74,83,8,5,16
2023-07-15,FAC0218,1,0,5,6,1,7,16
2023-03-02,FAC0153,1,0,25,11,2,3,10
2024-10-14,FAC0295,2,1,11,3,1,5,14
2024-05-21,FAC0078,3,0,9,19,0,2,14
2024-04-03,FAC0165,31,31,159,133,1,1,11
2023-02-10,FAC0270,4,5,24,25,0,3,15
2023-04-07,FAC0174,10,3,49,103,3,1,6
2024-12-11,FAC0054,62,58,444,44,6,4,14
2024-07-17,FAC0188,18,21,138,170,0,1,16
2024-03-26,FAC0057,1,0,5,6,1,4,12
2023-09-07,FAC0030,0,0,4,10,0,2,13
2023-07-06,FAC0271,3,1,8,13,1,6,14
2023-04-05,FAC0138,1,1,4,5,1,4,19
2023-01-17,FAC0105,4,0,18,12,1,4,21
2024-02-08,FAC0180,10,9,116,62,1,3,11
2023-12-14,FAC0061,1,5,20,24,0,7,14
2024-05-11,FAC0008,1,1,10,14,2,3,10
2023-03-18,FAC0070,9,8,173,15,4,1,12
2024-01-05,FAC0077,1,1,4,6,1,10,14
2023-08-06,FAC0053,2,1,8,7,0,2,16
2024-01-03,FAC0273,2,2,12,19,2,6,8
2023-04-24,FAC0095,1,4,12,28,2,5,10
2024-04-02,FAC0243,11,8,180,113,2,8,11
2023-01-12,FAC0215,0,4,36,4,2,5,18
2024-05-08,FAC0068,2,3,10,17,1,7,6
2023-01-10,FAC0023,7,10,75,24,1,8,10
2024-10-23,FAC0138,0,0,5,4,0,5,12
2023-10-27,FAC0265,3,1,15,14,0,5,9
2023-04-24,FAC0074,1,1,5,3,0,2,12
2023-12-26,FAC0191,7,3,34,15,0,3,8
2024-10-03,FAC0115,0,3,41,18,1,3,10
2024-07-25,FAC0140,4,0,26,6,0,9,12
2023-10-03,FAC0223,4,3,10,22,2,3,16
2023-04-17,FAC0133,3,7,32,27,3,4,7
2024-12-11,FAC0180,3,2,65,113,10,2,10
2024-11-13,FAC0182,3,3,16,9,1,3,7
2023-02-12,FAC0201,0,6,37,28,1,3,11
2023-06-19,FAC0218,1,1,5,6,2,8,17
2023-04-07,FAC0014,4,2,27,17,1,3,21
2023-09-20,FAC0057,1,1,8,3,2,8,14
2024-07-17,FAC0116,5,9,163,15,3,9,12
2024-04-29,FAC0216,0,1,3,8,0,4,14
2023-09-10,FAC0077,0,1,3,7,0,5,17
2024-08-25,FAC0271,0,2,12,9,0,3,18
2023-03-23,FAC0042,0,1,17,5,0,3,8
2023-03-14,FAC0014,3,2,29,15,0,2,17
2024-08-08,FAC0088,0,2,18,21,0,5,6
2023-04-21,FAC0290,1,3,14,15,0,11,8
2024-11-14,FAC0105,1,2,10,20,0,2,20
2024-02-08,FAC0201,5,5,55,10,1,5,11
2024-05-15,FAC0185,20,30,79,175,7,7,20
2023-01-11,FAC0108,2,4,27,7,2,3,10
2023-09-29,FAC0209,0,0,8,17,1,4,15
2024-03-18,FAC0213,2,0,23,4,0,5,17
2024-05-25,FAC0129,4,1,28,12,1,3,20
2024-07-02,FAC0169,0,7,77,10,1,2,11
2024-09-29,FAC0112,1,0,7,16,0,4,10
2024-09-21,FAC0053,0,1,10,5,0,2,17
2024-10-27,FAC0157,4,1,15,15,1,7,11
2023-03-22,FAC0053,1,1,13,2,0,3,12
2024-06-22,FAC0076,2,0,30,7,0,9,14
2024-03-07,FAC0028,2,0,27,19,2,8,12
2024-08-31,FAC0234,0,0,10,1,0,2,5
2024-09-07,FAC0149,0,1,6,6,0,4,14
2024-11-08,FAC0182,1,1,14,11,0,5,8
2023-12-10,FAC0049,10,10,71,18,2,8,7
2023-06-09,FAC0074,1,0,4,4,0,2,11
2023-07-29,FAC0090,1,0,16,14,1,8,16
2024-03-19,FAC0134,2,1,7,16,0,1,11
2023-04-05,FAC0142,37,26,269,90,6,2,10
2024-08-19,FAC0165,21,14,187,105,2,1,9
2024-11-04,FAC0112,0,2,8,15,0,5,18
2023-01-22,FAC0223,2,2,22,10,2,6,9
2023-06-19,FAC0135,2,2,15,15,0,7,18
2023-04-29,FAC0078,4,1,12,16,2,2,9
2023-05-16,FAC0166,2,1,13,4,1,5,15
2023-02-28,FAC0131,5,1,13,28,0,2,16
2023-09-09,FAC0118,2,4,28,10,0,2,18
2023-12-08,FAC0089,3,1,29,32,1,6,12
2023-03-23,FAC0169,11,9,41,46,1,2,13
2023-02-11,FAC0206,0,3,18,7,1,7,11
2024-04-10,FAC0177,3,2,22,16,1,4,10
2024-08-01,FAC0263,6,3,15,25,2,7,9
2024-10-04,FAC0079,1,2,5,12,0,7,21
2023-11-06,FAC0291,5,3,32,6,0,5,11
2024-02-26,FAC0115,0,1,39,20,2,4,13
2023-04-21,FAC0227,22,45,198,254,5,6,17
2024-02-08,FAC0206,0,3,21,4,0,5,17
2024-02-01,FAC0199,2,0,9,22,0,3,16
2023-07-12,FAC0038,7,1,45,19,1,7,14
2024-02-29,FAC0284,15,3,188,27,6,2,14
2024-12-04,FAC0238,1,9,54,23,3,6,16
2024-03-10,FAC0262,1,2,15,7,1,4,12
2023-02-16,FAC0208,0,0,16,23,1,3,10
2023-08-20,FAC0261,1,4,24,11,2,5,10
2024-05-11,FAC0228,2,0,12,12,0,6,16
2024-01-20,FAC0140,0,2,12,20,0,7,14
2023-08-25,FAC0280,48,16,348,86,2,2,17
2024-10-07,FAC0185,29,26,175,79,6,12,18
2024-04-17,FAC0179,3,4,30,13,2,5,11
2023-01-03,FAC0110,5,1,18,23,1,6,16
2023-01-17,FAC0147,6,2,14,27,2,5,14
2024-03-22,FAC0154,7,4,31,19,1,4,16
2023-09-14,FAC0079,0,1,8,9,1,5,22
2024-04-02,FAC0066,22,41,326,36,1,4,9
2023-07-16,FAC0102,1,0,7,6,1,4,20
2023-12-05,FAC0145,0,3,16,18,1,6,8
2023-04-19,FAC0055,34,34,342,90,3,7,9
2024-09-13,FAC0251,3,1,14,10,1,8,12
2024-05-06,FAC0179,5,4,21,22,2,5,10
2024-09-16,FAC0028,4,4,27,19,2,9,12
2023-06-23,FAC0229,0,1,20,3,0,9,9
2024-06-11,FAC0167,1,1,37,27,0,3,7
2023-10-19,FAC0111,2,2,26,10,0,2,10
2024-07-29,FAC0290,1,0,18,11,1,6,14
2023-01-02,FAC0297,1,2,15,6,1,3,9
2024-06-30,FAC0026,1,0,4,9,2,4,11
2023-01-04,FAC0253,1,4,27,9,0,3,12
2023-10-04,FAC0009,0,3,9,21,2,5,19
2023-02-20,FAC0279,12,1,73,25,3,3,11
2024-04-07,FAC0077,1,0,3,7,1,5,13
2024-02-27,FAC0220,32,21,222,23,3,2,13
2023-12-27,FAC0058,2,1,5,10,1,4,10
2023-10-09,FAC0019,0,1,22,9,1,9,11
2023-01-06,FAC0177,4,3,15,23,0,4,8
2023-04-13,FAC0228,3,1,9,15,1,11,11
2023-02-28,FAC0272,0,1,18,4,0,7,13
2024-01-20,FAC0169,12,8,46,41,3,4,12
2024-05-24,FAC0101,6,3,28,15,0,3,8
2023-09-10,FAC0194,0,0,33,14,0,5,19
2024-05-07,FAC0213,4,3,19,8,0,8,12
2023-04-24,FAC0172,6,4,29,14,2,2,11
2024-11-22,FAC0069,2,1,9,5,1,4,12
2023-07-16,FAC0135,4,0,22,8,1,11,22
2024-05-29,FAC0239,0,1,4,1,0,5,8
2024-07-04,FAC0012,1,1,6,4,0,6,23
2024-12-01,FAC0191,1,3,28,21,1,3,12
2023-05-10,FAC0249,1,0,14,16,0,4,12
2023-09-28,FAC0009,0,2,13,17,0,5,22
2024-06-26,FAC0074,1,1,4,4,0,3,9
2024-09-06,FAC0011,2,1,12,7,0,6,6
2023-01-22,FAC0152,35,11,211,64,0,8,12
2024-11-03,FAC0083,1,2,9,12,0,5,12
2023-08-09,FAC0164,1,0,6,8,1,6,15
2024-03-22,FAC0276,1,1,16,17,0,5,7
2024-10-07,FAC0090,3,0,9,21,0,5,17
2023-03-27,FAC0150,3,2,27,3,0,2,14
2023-12-18,FAC0012,1,1,3,7,1,5,18
2023-04-27,FAC0159,5,2,24,17,1,4,15
2024-09-14,FAC0127,7,4,47,6,1,8,8
2023-01-25,FAC0038,4,0,55,9,0,6,15
2023-10-01,FAC0182,1,0,8,17,0,5,10
2024-10-13,FAC0125,3,1,16,7,2,6,7
2023-08-05,FAC0014,4,2,28,16,0,3,12
2023-08-03,FAC0082,3,0,9,14,1,6,16
2024-07-07,FAC0194,6,0,28,19,2,8,22
2023-05-25,FAC0123,3,0,23,18,0,4,11
2023-11-19,FAC0028,2,2,31,15,2,8,19
2024-09-08,FAC0130,1,1,14,10,1,7,10
2023-05-25,FAC0240,0,1,6,10,0,9,16
2024-02-10,FAC0035,3,2,8,14,1,4,10
2024-06-26,FAC0068,2,0,21,6,1,8,11
2023-10-26,FAC0141,6,0,22,27,0,5,13
2024-05-04,FAC0285,51,13,234,136,0,6,11
2023-05-07,FAC0240,1,0,12,4,1,4,9
2024-12-14,FAC0249,3,2,26,4,0,3,20
2023-08-20,FAC0173,2,0,17,5,0,4,11
2024-02-11,FAC0151,1,6,24,42,2,2,6
2023-09-22,FAC0121,0,3,40,5,1,3,6
2023-07-24,FAC0061,2,2,24,20,0,8,14
2024-07-05,FAC0073,1,1,4,4,1,3,13
2023-10-11,FAC0100,26,20,194,82,0,5,17
2024-05-19,FAC0196,0,0,19,10,1,7,14
2023-09-08,FAC0132,4,3,15,14,0,6,8
2024-08-04,FAC0082,1,0,17,6,0,3,15
2024-10-30,FAC0217,3,8,51,44,1,8,18
2024-02-27,FAC0175,2,3,17,21,1,4,7
2024-12-16,FAC0230,2,2,12,23,1,2,17
2023-01-14,FAC0226,2,5,23,22,1,3,14
2024-03-24,FAC0100,8,15,165,111,2,4,18
2023-04-11,FAC0297,3,1,14,7,0,7,9
2024-12-14,FAC0154,2,3,21,29,4,5,13
2024-08-08,FAC0115,4,4,44,15,0,6,17
2023-06-11,FAC0282,4,0,30,5,2,3,19
2024-02-25,FAC0071,0,0,8,3,1,3,15
2024-11-26,FAC0202,5,1,50,17,2,7,8
2023-08-25,FAC0294,4,1,25,3,0,5,14
2023-03-28,FAC0059,0,0,30,6,2,4,8
2023-04-11,FAC0286,1,0,13,5,2,3,11
2024-08-12,FAC0104,5,3,32,10,0,11,11
2023-04-11,FAC0273,4,2,14,17,0,3,9
2024-12-01,FAC0082,2,1,12,11,0,6,16
2024-07-27,FAC0010,1,1,4,9,1,3,8
2024-06-30,FAC0249,0,3,16,14,1,3,18
2024-07-08,FAC0250,3,1,6,15,1,9,12
2024-02-22,FAC0071,1,0,8,3,0,3,8
2023-11-21,FAC0135,2,1,16,14,1,8,25
2023-09-07,FAC0215,0,4,14,26,2,5,16
2023-05-16,FAC0291,1,0,30,8,0,5,14
2024-02-10,FAC0222,4,6,55,4,4,7,15
2023-10-09,FAC0251,1,2,12,12,1,10,9
2024-02-18,FAC0220,15,23,217,28,6,1,15
2024-08-21,FAC0141,3,1,31,18,1,7,15
2023-05-24,FAC0250,0,2,9,12,0,9,7
2024-02-25,FAC0010,1,0,10,3,0,4,15
2023-10-25,FAC0128,6,2,51,6,1,11,12
2023-12-29,FAC0003,0,1,18,2,0,6,10
2023-04-17,FAC0032,0,0,8,5,1,8,13
2023-03-07,FAC0112,0,1,17,6,1,5,18
2024-03-22,FAC0217,7,7,47,48,0,5,12
2023-06-09,FAC0007,1,2,25,23,1,6,10
2024-04-23,FAC0198,2,1,9,9,1,5,12
2023-09-25,FAC0168,5,3,87,15,5,3,11
2023-02-15,FAC0294,4,3,14,14,0,8,9
2024-10-14,FAC0286,0,1,9,9,0,2,8
2023-06-12,FAC0099,4,1,20,39,0,6,7
2023-10-26,FAC0231,1,1,8,3,0,2,9
2023-11-29,FAC0084,1,2,21,10,1,3,6
2023-12-14,FAC0049,5,10,54,35,1,4,13
2023-02-20,FAC0147,5,0,38,3,1,3,8
2023-01-28,FAC0058,2,0,10,5,0,4,8
2024-12-12,FAC0093,19,14,217,86,1,6,9
2023-09-15,FAC0056,0,1,15,13,0,8,14
2024-10-22,FAC0252,7,0,78,18,4,5,16
2024-08-25,FAC0027,11,20,288,66,4,6,11
2023-08-29,FAC0196,2,2,19,10,0,6,12
2023-04-10,FAC0168,15,1,60,42,5,3,13
2023-01-19,FAC0118,1,2,17,21,1,3,16
2023-04-23,FAC0124,20,18,111,149,3,4,24
2023-03-31,FAC0121,2,3,15,30,1,2,9
2024-03-05,FAC0046,0,1,7,8,2,5,12
2024-10-15,FAC0092,41,36,138,204,3,3,6
2023-03-31,FAC0023,1,3,36,63,1,4,7
2023-11-18,FAC0143,13,2,44,50,1,5,19
2024-01-24,FAC0118,3,4,35,3,1,3,11
2023-04-28,FAC0227,47,47,141,311,3,5,16
2023-11-28,FAC0287,2,2,18,18,3,2,8
2023-03-20,FAC0008,0,2,20,4,1,4,10
2024-12-13,FAC0233,1,0,6,2,0,6,13
2023-10-26,FAC0238,7,4,39,38,3,5,11
2024-09-22,FAC0014,1,4,17,27,0,3,18
2024-08-14,FAC0277,0,0,8,6,1,5,16
2023-05-16,FAC0001,2,0,9,15,0,4,8
2024-12-29,FAC0184,2,4,16,20,0,4,18
2024-09-08,FAC0180,4,1,69,109,8,3,14
2024-04-25,FAC0285,41,4,203,167,0,3,17
2023-11-15,FAC0168,0,7,53,49,7,4,14
2024-02-16,FAC0275,2,1,11,18,1,8,9
2024-07-21,FAC0104,2,4,36,6,1,11,10
2023-02-03,FAC0035,3,0,11,11,0,8,11
2023-05-10,FAC0263,3,4,32,8,0,6,10
2024-12-01,FAC0044,3,3,34,2,1,6,23
2023-06-20,FAC0295,2,0,10,4,1,4,14
2024-09-03,FAC0156,15,6,82,18,4,9,8
2023-09-05,FAC0218,1,0,7,4,1,7,20
2024-02-21,FAC0227,63,54,355,97,3,7,10
2023-09-22,FAC0089,7,6,26,35,0,6,15
2024-02-08,FAC0272,3,1,9,13,0,5,17
2024-04-01,FAC0262,0,0,11,11,0,4,15
2024-03-16,FAC0006,14,1,229,15,8,8,10
2024-05-21,FAC0057,0,1,4,7,0,7,18
2023-06-13,FAC0017,40,27,130,285,6,3,22
2023-07-13,FAC0027,40,6,246,108,5,6,11
2023-04-09,FAC0249,2,0,25,5,0,3,12
2024-11-10,FAC0248,1,0,50,17,0,6,4
2023-07-08,FAC0022,1,0,6,12,1,3,11
2023-03-28,FAC0167,3,3,24,40,0,2,5
2024-11-05,FAC0152,34,33,241,34,4,8,12
2024-08-30,FAC0091,1,1,32,6,2,6,10
2024-07-24,FAC0221,7,14,216,104,2,5,5
2024-02-24,FAC0153,2,4,26,10,4,3,12
2023-03-20,FAC0053,1,0,10,5,1,2,17
2023-05-27,FAC0178,0,1,11,8,1,4,4
2023-05-27,FAC0201,9,6,38,27,1,4,7
2024-08-22,FAC0278,12,4,60,97,3,5,13
2024-08-14,FAC0124,31,26,123,137,5,4,17
2024-08-20,FAC0002,5,5,12,30,1,3,10
2024-05-08,FAC0122,0,0,6,9,0,3,16
2023-03-28,FAC0041,0,0,6,2,0,2,9
2024-12-16,FAC0120,12,4,42,72,5,3,6
2024-02-13,FAC0061,0,2,29,15,1,5,15
2023-11-30,FAC0023,7,11,68,31,0,4,10
2024-01-26,FAC0088,1,4,15,24,1,5,6
2024-07-16,FAC0012,1,1,4,6,0,6,21
2023-02-09,FAC0064,1,0,52,24,2,5,16
2023-03-26,FAC0198,1,0,13,5,1,7,8
2024-04-19,FAC0233,1,1,7,1,0,8,18
2024-10-15,FAC0155,3,0,59,4,2,5,10
2023-02-03,FAC0113,1,1,12,1,1,6,17
2023-01-02,FAC0240,2,0,7,9,1,4,11
2024-08-11,FAC0065,9,6,65,20,3,3,11
2024-12-29,FAC0252,3,9,85,11,4,7,11
2024-08-23,FAC0283,4,3,25,14,2,5,10
2024-06-21,FAC0004,0,2,12,12,1,6,14
2024-02-20,FAC0017,49,39,372,43,3,4,16
2023-08-09,FAC0298,0,2,15,4,1,2,20
2024-03-21,FAC0103,2,5,25,34,2,2,8
2024-06-17,FAC0105,4,3,9,21,2,3,20
2024-06-16,FAC0117,0,1,15,3,2,3,12
2024-10-02,FAC0162,3,2,39,21,0,8,11
2024-05-11,FAC0025,3,3,16,10,1,3,27
2024-09-08,FAC0256,4,3,25,3,1,8,19
2023-07-20,FAC0114,2,1,16,20,3,6,11
2024-06-02,FAC0031,47,10,327,64,5,3,7
2023-05-10,FAC0034,0,1,3,7,1,6,16
2024-03-20,FAC0279,8,2,71,27,0,3,10
2023-05-08,FAC0292,2,1,11,12,1,5,10
2024-05-05,FAC0054,70,26,358,130,2,3,11
2024-12-31,FAC0059,1,0,31,5,2,6,7
2024-09-30,FAC0172,4,5,34,9,2,5,8
2024-06-21,FAC0109,0,2,15,9,1,2,10
2023-02-16,FAC0171,1,0,7,9,1,5,9
2023-03-17,FAC0161,1,1,9,2,1,7,14
2023-03-03,FAC0281,19,34,205,269,2,4,9
2023-10-12,FAC0066,54,38,334,28,1,6,9
2023-09-10,FAC0253,2,1,30,6,0,3,17
2023-02-24,FAC0224,0,1,9,3,0,8,8
2024-03-08,FAC0073,1,0,4,4,0,4,19
2024-05-06,FAC0270,3,0,34,15,0,5,13
2023-10-31,FAC0217,9,2,84,11,0,5,11
2023-12-05,FAC0141,0,3,38,11,1,4,10
2023-08-11,FAC0238,6,1,30,47,0,6,10
2024-08-17,FAC0020,0,1,10,10,1,4,6
2024-01-25,FAC0267,5,6,39,41,0,4,12
2023-04-23,FAC0274,3,0,32,60,0,7,13
2023-04-04,FAC0235,4,1,10,21,0,8,5
2023-06-14,FAC0212,1,6,16,39,0,6,14
2023-10-04,FAC0045,1,1,19,18,1,5,9
2023-07-29,FAC0047,0,1,2,4,1,6,14
2024-08-07,FAC0028,5,0,41,5,0,9,21
2024-02-06,FAC0066,12,32,207,155,1,7,9
2023-11-29,FAC0151,7,5,57,9,0,3,13
2024-04-21,FAC0167,3,3,60,4,1,2,8
2024-02-24,FAC0232,9,0,64,36,1,2,8
2023-09-12,FAC0158,61,40,207,240,1,1,4
2024-04-07,FAC0163,0,0,20,9,1,4,10
2024-04-26,FAC0122,1,1,5,10,1,3,16
2023-05-21,FAC0049,11,0,41,48,2,9,10
2024-12-24,FAC0129,6,2,13,27,0,5,21
2023-07-12,FAC0077,1,0,3,7,0,7,11
2023-04-28,FAC0170,5,26,78,158,1,10,11
2023-04-27,FAC0159,1,4,34,7,0,4,10
2023-08-04,FAC0112,3,2,12,11,1,3,10
2024-02-09,FAC0153,0,2,29,7,4,2,7
2023-12-12,FAC0167,2,0,35,29,0,3,7
2024-05-12,FAC0284,27,0,66,149,6,3,15
2023-02-01,FAC0168,1,10,51,51,6,5,13
2024-07-17,FAC0265,3,2,13,16,0,5,9
2023-06-17,FAC0059,3,2,33,3,0,4,8
2023-09-09,FAC0060,6,13,54,74,1,9,11
2023-01-29,FAC0136,3,4,19,16,0,5,10
2023-10-18,FAC0006,11,11,192,52,7,8,8
2024-11-13,FAC0002,5,1,36,6,1,4,9
2023-10-21,FAC0086,10,18,239,76,4,1,10
2023-08-09,FAC0016,2,0,16,2,2,5,13
2023-02-27,FAC0295,0,1,8,6,1,8,12
2024-11-13,FAC0109,2,2,9,15,1,4,5
2024-08-08,FAC0044,3,0,27,9,2,5,13
2024-12-12,FAC0078,1,0,8,20,0,5,9
2024-05-05,FAC0152,11,6,207,68,3,9,12
2023-12-01,FAC0088,4,0,26,13,0,8,6
2023-05-24,FAC0198,2,1,13,5,1,7,8
2024-10-12,FAC0173,0,0,10,12,1,5,9
2024-02-26,FAC0192,35,33,255,55,3,5,11
2023-10-28,FAC0112,0,1,16,7,2,3,14
2024-11-18,FAC0109,3,0,18,6,0,4,5
2023-01-23,FAC0083,1,1,7,14,0,4,12
2023-02-05,FAC0066,17,21,272,90,6,6,11
2023-01-08,FAC0227,24,46,293,159,5,5,11
2023-02-01,FAC0173,3,1,16,6,1,5,10
2024-05-25,FAC0163,3,1,22,7,1,8,12
2024-06-28,FAC0217,13,1,81,14,0,8,12
2023-11-01,FAC0037,12,4,76,95,3,5,20
2023-11-02,FAC0039,0,0,15,15,1,2,11
2024-11-02,FAC0018,0,1,4,7,0,7,11
2023-07-02,FAC0053,1,0,5,10,0,3,9
2023-01-07,FAC0281,31,44,397,77,2,2,14
2023-08-26,FAC0121,6,2,35,10,0,2,9
2023-01-31,FAC0261,4,0,26,9,2,3,15
2023-12-01,FAC0201,2,2,45,20,1,5,7
2023-11-12,FAC0110,2,3,21,20,1,10,22
2023-07-16,FAC0037,4,3,111,60,2,7,15
2023-12-11,FAC0018,1,0,5,6,0,5,17
2024-04-15,FAC0139,5,0,57,14,3,2,18
2024-05-31,FAC0299,2,3,16,13,1,6,8
2024-06-14,FAC0235,0,0,16,15,2,7,9
2023-12-11,FAC0052,0,1,6,9,1,11,16
2023-02-22,FAC0026,1,1,9,4,1,7,14
2023-04-20,FAC0184,5,3,32,4,1,4,9
2023-01-09,FAC0095,5,2,21,19,2,5,9
2024-12-05,FAC0068,0,1,9,18,1,7,10
2024-08-17,FAC0174,14,1,119,33,0,1,9
2023-01-03,FAC0211,0,1,5,7,0,7,16
2024-08-07,FAC0205,11,2,71,11,0,9,11
2024-04-27,FAC0054,63,34,309,179,0,4,20
2023-07-03,FAC0131,1,0,19,22,0,3,12
2024-09-15,FAC0049,8,7,41,48,0,4,11
2023-06-21,FAC0289,2,4,28,18,0,3,11
2024-11-21,FAC0189,0,0,8,6,0,6,11
2023-08-12,FAC0007,5,0,25,23,1,5,11
2024-12-04,FAC0026,1,0,8,5,2,8,8
2023-01-16,FAC0215,2,3,22,18,3,4,18
2024-05-22,FAC0019,2,3,17,14,0,8,15
2023-05-01,FAC0070,6,1,83,105,1,1,22
2023-02-07,FAC0228,3,1,15,9,0,6,11
2024-07-26,FAC0141,1,3,24,25,1,6,9
2024-12-21,FAC0299,1,0,12,17,1,7,11
2023-12-05,FAC0273,2,0,11,20,1,6,7
2023-10-26,FAC0229,0,1,14,9,0,5,13
2024-10-22,FAC0153,5,4,11,25,1,2,8
2023-01-24,FAC0124,7,18,108,152,6,3,22
2023-06-17,FAC0240,0,1,10,6,1,7,15
2024-05-16,FAC0262,0,0,7,15,1,7,8
2024-05-06,FAC0255,0,3,23,14,0,6,9
2024-07-23,FAC0039,4,0,17,13,0,4,19
2024-08-08,FAC0140,4,2,17,15,1,8,14
2023-12-25,FAC0261,5,3,19,16,4,4,17
2023-01-27,FAC0202,3,3,47,20,0,6,14
2023-01-12,FAC0187,2,11,143,202,4,10,13
2024-02-15,FAC0086,40,14,217,98,4,3,10
2024-07-24,FAC0017,48,1,164,251,0,3,15
2024-09-02,FAC0237,3,3,15,14,0,2,12
2023-11-26,FAC0219,2,1,4,10,0,2,23
2024-08-17,FAC0063,0,1,12,20,0,4,11
2023-05-31,FAC0069,1,1,4,10,1,3,8
2023-11-01,FAC0095,4,2,33,7,2,6,15
2024-08-20,FAC0226,6,1,20,25,0,5,10
2024-05-23,FAC0182,0,0,14,11,0,6,10
2024-08-20,FAC0125,2,2,7,16,2,4,11
2023-02-23,FAC0239,0,0,2,3,0,5,7
2024-02-22,FAC0026,0,1,4,9,1,7,7
2024-09-16,FAC0071,0,0,8,3,0,6,10
2024-10-26,FAC0099,8,3,20,39,1,7,7
2023-01-25,FAC0205,6,5,76,6,2,6,11
2023-11-07,FAC0211,1,0,4,8,1,7,13
2024-01-18,FAC0188,43,16,233,75,3,1,10
2023-01-11,FAC0298,1,1,17,2,0,2,15
2024-12-17,FAC0012,0,1,6,4,1,3,20
2023-04-17,FAC0072,10,7,23,45,1,9,12
2024-01-28,FAC0268,3,4,37,6,0,2,7
2024-08-06,FAC0171,2,0,13,3,0,2,17
2024-10-01,FAC0280,8,19,407,27,0,4,14
2024-02-13,FAC0061,1,1,35,9,0,5,21
2023-10-18,FAC0297,0,2,9,12,1,3,7
2024-05-26,FAC0218,0,0,7,4,0,9,16
2024-08-15,FAC0089,1,3,36,25,1,7,8
2023-04-26,FAC0244,1,0,3,8,0,7,9
2023-01-12,FAC0146,0,0,2,7,1,3,14
2023-02-11,FAC0007,1,4,22,26,1,10,13
2024-05-08,FAC0129,2,0,23,17,2,6,11
2024-01-08,FAC0128,1,3,18,39,1,6,11
2023-02-26,FAC0257,2,0,18,5,1,3,18
2024-02-27,FAC0003,0,0,13,7,0,4,6
2023-07-21,FAC0291,0,2,27,11,1,5,10
2024-12-14,FAC0191,7,5,25,24,0,5,11
2023-10-02,FAC0025,3,3,17,9,1,3,20
2023-06-12,FAC0228,3,2,16,8,0,8,18
2023-07-26,FAC0173,2,1,8,14,0,5,15
2023-07-16,FAC0006,4,9,223,21,1,6,17
2024-03-25,FAC0047,1,0,4,2,1,6,12
2023-11-21,FAC0280,48,30,308,126,1,3,10
2024-08-23,FAC0111,1,3,12,24,1,3,15
2024-02-16,FAC0129,6,4,32,8,1,6,21
2024-02-21,FAC0058,1,0,13,2,1,2,7
2023-05-23,FAC0248,2,5,62,5,2,8,6
2023-05-16,FAC0004,2,1,21,3,0,5,15
2023-05-07,FAC0268,3,4,23,20,1,1,11
2023-01-14,FAC0003,2,2,6,14,1,3,10
2024-03-22,FAC0124,28,10,201,59,3,3,16
2024-06-08,FAC0228,3,1,14,10,0,5,15
2024-08-27,FAC0276,1,2,22,11,0,7,9
2024-08-05,FAC0064,0,8,45,31,4,9,12
2023-01-24,FAC0179,4,4,15,28,2,8,9
2024-11-05,FAC0144,2,2,20,8,2,6,12
2023-09-14,FAC0053,1,1,13,2,1,3,13
2024-04-28,FAC0065,5,3,76,9,1,4,15
2023-12-31,FAC0179,2,1,31,12,1,9,14
2023-06-05,FAC0267,4,7,57,23,1,6,12
2024-06-08,FAC0163,1,1,16,13,1,5,10
2023-07-08,FAC0174,6,2,48,104,1,1,6
2024-01-08,FAC0128,1,1,45,12,2,9,8
2024-08-25,FAC0258,1,4,22,34,1,7,13
2023-12-03,FAC0156,0,11,32,68,2,7,5
2024-05-12,FAC0094,7,0,20,37,3,4,14
2023-07-01,FAC0210,3,5,22,28,0,5,8
2024-09-20,FAC0167,5,6,39,25,1,2,6
2024-12-25,FAC0053,1,1,7,8,1,5,10
2023-12-06,FAC0190,8,0,75,6,0,5,14
2023-01-19,FAC0007,0,1,15,33,1,10,13
2023-10-23,FAC0286,2,0,9,9,1,2,8
2024-04-05,FAC0144,0,0,25,3,1,5,11
2023-05-26,FAC0102,0,1,7,6,0,3,17
2024-08-04,FAC0023,2,0,35,64,0,4,5
2023-07-27,FAC0078,3,2,13,15,0,2,10
2024-07-28,FAC0195,2,1,7,7,1,4,6
2023-10-01,FAC0211,1,0,10,2,0,7,18
2023-09-09,FAC0210,0,1,16,34,1,3,9
2024-04-07,FAC0292,2,0,18,5,0,7,10
2024-04-08,FAC0251,2,2,13,11,0,10,11
2023-05-02,FAC0051,23,40,197,283,7,7,14
2024-05-19,FAC0027,32,11,127,227,4,5,11
2024-02-13,FAC0178,0,1,15,4,0,4,9
2024-11-27,FAC0030,0,1,5,9,1,2,8
2024-01-12,FAC0119,5,1,15,22,1,1,9
2024-03-02,FAC0046,1,0,13,2,2,5,11
2024-05-12,FAC0056,0,3,12,16,0,7,13
2023-05-12,FAC0161,1,0,3,8,1,5,8
2024-10-20,FAC0081,3,0,34,4,0,4,9
2024-05-31,FAC0215,5,2,15,25,0,6,15
2023-02-26,FAC0226,3,1,26,19,1,5,8
2023-03-31,FAC0238,10,7,71,6,1,5,14
2023-12-07,FAC0138,1,1,3,6,1,3,13
2023-02-18,FAC0204,1,0,4,2,1,8,12
2023-10-08,FAC0058,0,0,4,11,0,4,7
2023-02-15,FAC0035,3,0,18,4,1,6,12
2023-01-11,FAC0204,1,1,2,4,1,8,16
2023-01-09,FAC0233,1,0,2,6,1,11,17
2024-05-08,FAC0137,2,2,13,8,1,5,12
2023-01-27,FAC0042,3,1,8,14,0,4,15
2024-08-03,FAC0171,0,0,6,10,1,5,13
2024-01-13,FAC0186,2,1,6,10,2,8,8
2023-01-22,FAC0300,1,2,11,13,1,3,13
2024-05-27,FAC0197,4,4,22,16,2,8,13
2024-01-12,FAC0290,1,2,16,13,1,8,9
2023-09-17,FAC0092,27,38,226,116,2,7,11
2023-04-27,FAC0030,2,0,5,9,2,2,10
2023-08-21,FAC0018,0,0,9,2,0,7,17
2024-04-09,FAC0063,4,1,23,9,0,6,8
2023-02-22,FAC0115,5,3,33,26,0,5,11
2023-09-06,FAC0042,0,1,13,9,0,3,12
2023-03-30,FAC0045,2,3,15,22,2,6,14
2024-01-08,FAC0009,4,1,26,4,0,2,17
2024-12-03,FAC0025,1,3,12,14,0,1,17
2023-04-19,FAC0274,12,1,42,50,0,5,20
2023-01-22,FAC0275,2,2,21,8,1,8,9
2023-03-13,FAC0236,0,1,18,10,0,2,9
2023-09-15,FAC0088,4,4,23,16,1,9,12
2024-09-22,FAC0089,8,5,49,12,0,4,13
2024-10-17,FAC0075,1,0,7,5,1,11,19
2024-04-08,FAC0269,3,1,22,2,0,4,13
2024-12-04,FAC0150,4,3,18,12,1,2,9
2024-07-02,FAC0010,1,1,8,5,1,5,9
2024-10-15,FAC0007,6,0,20,28,1,8,15
2024-10-07,FAC0018,0,0,5,6,0,8,12
2023-02-22,FAC0068,0,2,13,14,1,5,12
2024-11-17,FAC0285,39,42,135,235,2,6,19
2023-09-27,FAC0071,0,0,6,5,0,5,14
2024-05-13,FAC0010,1,0,11,2,0,3,13
2023-09-07,FAC0017,28,17,274,141,1,2,20
2023-07-23,FAC0297,3,0,14,7,1,5,9
2024-12-17,FAC0161,0,0,7,4,2,5,15
2024-03-15,FAC0163,0,0,11,18,0,8,21
2023-06-15,FAC0006,5,9,96,148,6,8,16
2023-10-17,FAC0083,2,0,13,8,1,4,11
2024-05-23,FAC0300,2,1,20,4,1,3,16
2023-04-28,FAC0067,1,3,24,3,2,6,20
2023-12-19,FAC0267,4,6,40,40,2,3,13
2023-02-26,FAC0292,3,2,16,7,0,6,14
2024-11-07,FAC0212,5,5,46,9,0,4,17
2024-02-04,FAC0043,4,2,23,26,0,8,14
2023-12-08,FAC0141,3,1,36,13,0,5,15
2023-09-09,FAC0137,2,0,11,10,1,5,10
2024-08-02,FAC0295,1,0,10,4,1,6,10
2023-01-19,FAC0256,4,3,25,3,0,6,14
2023-07-10,FAC0062,2,2,9,13,1,3,9
2024-03-13,FAC0065,12,9,75,10,2,7,14
2023-10-17,FAC0108,2,1,13,21,1,2,10
2023-01-02,FAC0065,0,1,46,39,2,5,9
2024-10-28,FAC0261,4,4,21,14,3,3,14
2024-01-31,FAC0156,8,7,69,31,4,8,7
2023-03-13,FAC0140,3,2,27,5,1,9,18
2023-02-05,FAC0220,2,25,139,106,1,1,15
2023-12-31,FAC0157,3,1,15,15,1,7,9
2024-12-19,FAC0083,3,2,12,9,2,8,7
2023-03-23,FAC0256,4,0,12,16,1,5,11
2023-06-27,FAC0218,0,0,9,2,2,6,12
2024-09-05,FAC0245,4,1,35,9,0,2,12
2023-07-16,FAC0033,0,4,18,44,1,3,18
2024-01-20,FAC0027,47,28,117,237,2,3,8
2023-10-01,FAC0181,5,5,42,5,1,5,14
2024-02-19,FAC0236,4,2,19,9,0,3,10
2024-08-24,FAC0173,3,2,8,14,1,4,12
2023-03-24,FAC0293,1,0,16,8,0,4,16
2023-04-22,FAC0282,1,1,19,16,2,1,18
2023-12-08,FAC0102,1,1,4,9,0,3,22
2024-08-31,FAC0293,0,1,19,5,1,4,17
2023-06-26,FAC0055,37,5,314,118,1,10,15
2024-05-26,FAC0114,0,4,25,11,2,6,13
2023-07-24,FAC0227,49,29,419,33,7,4,8
2023-10-06,FAC0185,18,4,205,49,7,7,17
2024-06-12,FAC0297,2,2,11,10,1,5,7
2023-02-16,FAC0293,2,2,21,3,0,8,26
2024-07-17,FAC0188,17,33,149,159,2,1,10
2023-04-19,FAC0196,1,3,19,10,1,6,10
2024-10-09,FAC0128,2,2,44,13,3,11,10
2024-03-25,FAC0003,2,2,9,11,2,5,9
2023-03-29,FAC0095,3,3,30,10,3,4,8
2023-06-29,FAC0201,0,3,57,8,0,4,13
2023-11-16,FAC0188,17,19,274,34,3,1,19
2023-01-08,FAC0261,2,2,19,16,2,3,10
2023-08-21,FAC0026,0,0,8,5,0,7,7
2024-06-07,FAC0165,10,17,109,183,2,1,13
2024-01-10,FAC0185,22,29,223,31,1,9,14
2023-11-22,FAC0177,1,2,18,20,3,5,6
2023-07-25,FAC0071,0,1,8,3,1,5,14
2024-11-23,FAC0271,0,1,10,11,0,4,18
2023-06-02,FAC0037,22,3,113,58,3,9,12
2024-04-09,FAC0278,0,15,137,20,5,6,9
2024-07-31,FAC0113,1,0,11,2,2,9,9
2024-12-19,FAC0234,1,0,3,8,1,2,8
2024-08-13,FAC0057,0,1,6,5,2,8,17
2024-01-11,FAC0291,3,4,32,6,0,5,18
2024-12-20,FAC0234,0,1,7,4,1,2,6
2024-08-07,FAC0029,0,0,11,8,0,3,20
2024-11-10,FAC0217,3,1,60,35,1,6,20
2024-05-28,FAC0133,2,0,38,21,2,4,11
2024-08-24,FAC0095,6,0,37,3,1,3,12
2024-05-17,FAC0229,0,1,18,5,0,4,8
2023-09-05,FAC0084,2,3,23,8,0,3,9
2024-09-15,FAC0076,4,4,19,18,1,10,12
2023-01-15,FAC0047,1,1,4,2,1,3,16
2023-03-25,FAC0026,0,1,8,5,0,4,13
2024-06-21,FAC0272,3,2,16,6,1,7,18
2024-10-27,FAC0293,1,1,12,12,0,8,15
2024-12-06,FAC0204,1,0,2,4,0,7,21
2024-04-05,FAC0020,2,0,14,6,1,4,5
2024-07-26,FAC0094,8,6,41,16,5,4,13
2023-08-14,FAC0298,1,2,9,10,0,2,18
2024-06-26,FAC0166,0,1,12,5,0,3,15
2024-07-24,FAC0181,6,3,20,27,0,4,13
2023-05-08,FAC0188,7,23,213,95,0,1,18
2023-09-08,FAC0016,1,2,5,13,2,5,9
2023-03-15,FAC0277,0,1,10,4,1,4,13
2024-06-02,FAC0108,2,3,29,5,0,2,9
2024-10-11,FAC0066,15,37,332,30,1,4,13
2023-08-25,FAC0028,3,3,39,7,2,11,15
2024-02-15,FAC0191,0,0,34,15,1,4,12
2023-06-26,FAC0274,1,5,30,62,0,7,17
2024-03-13,FAC0041,1,0,5,3,0,5,7
2024-09-26,FAC0247,0,1,3,9,0,3,11
2023-12-29,FAC0267,8,7,48,32,1,7,13
2024-03-11,FAC0051,65,51,306,174,2,10,11
2023-11-16,FAC0121,0,0,28,17,1,2,12
2023-11-17,FAC0243,2,18,180,113,1,6,15
2023-05-15,FAC0297,2,0,18,3,0,6,5
2024-01-18,FAC0108,2,0,19,15,0,2,12
2023-09-30,FAC0272,3,2,18,4,0,4,17
2024-12-26,FAC0062,1,1,13,9,0,2,7
2023-09-17,FAC0292,3,2,19,4,0,5,10
2023-12-09,FAC0165,9,0,167,125,1,1,13
2023-01-10,FAC0158,50,21,217,230,2,2,4
2024-03-18,FAC0006,18,28,119,125,3,4,13
2024-08-03,FAC0276,0,0,20,13,1,3,13
2023-09-29,FAC0212,4,2,17,38,4,3,19
2024-05-08,FAC0216,0,0,5,6,1,5,14
2023-08-27,FAC0103,4,6,31,28,3,2,7
2024-06-03,FAC0076,1,2,28,9,0,8,8
2023-12-19,FAC0032,0,0,9,4,0,8,9
2023-05-27,FAC0184,1,1,21,15,2,7,11
2023-06-25,FAC0286,1,2,16,2,0,3,11
2024-08-12,FAC0239,1,0,2,3,0,5,5
2023-09-17,FAC0040,2,0,7,9,1,5,9
2024-12-14,FAC0134,3,1,20,3,1,1,11
2023-12-15,FAC0250,3,0,12,9,2,5,9
2024-10-22,FAC0141,7,1,45,4,1,8,12
2024-07-28,FAC0278,22,0,83,74,2,5,11
2023-09-23,FAC0254,1,1,5,11,2,5,8
2024-03-08,FAC0237,3,0,17,12,0,2,7
2023-08-19,FAC0244,0,1,7,4,1,5,10
2023-01-31,FAC0110,6,4,20,21,0,6,14
2023-12-13,FAC0170,1,3,146,90,4,10,9
2024-08-31,FAC0277,2,0,6,8,1,6,14
2024-12-28,FAC0128,0,0,35,22,2,9,9
2023-08-27,FAC0067,0,2,25,2,1,4,18
2024-02-29,FAC0025,0,1,15,11,0,1,26
2024-09-17,FAC0276,1,1,28,5,0,7,8
2024-01-22,FAC0049,0,6,31,58,0,4,12
2023-11-01,FAC0197,1,3,24,14,0,4,10
2023-11-20,FAC0272,1,1,10,12,0,5,12
2024-07-11,FAC0128,4,1,43,14,1,9,11
2024-05-16,FAC0226,3,2,25,20,1,3,14
2023-05-09,FAC0079,2,0,11,6,0,8,23
2023-03-30,FAC0017,24,39,387,28,2,4,13
2023-03-05,FAC0167,9,7,40,24,0,1,6
2024-09-10,FAC0087,1,2,6,11,0,5,9
2023-10-18,FAC0277,2,1,9,5,0,4,15
2024-03-28,FAC0156,0,10,80,20,3,8,5
2023-03-26,FAC0268,0,3,26,17,1,1,11
2023-06-25,FAC0146,1,1,4,5,0,3,12
2023-03-27,FAC0138,1,1,4,5,0,6,14
2024-03-07,FAC0069,1,0,6,8,0,2,12
2023-07-31,FAC0185,38,28,145,109,5,11,12
2024-07-01,FAC0138,0,0,8,1,1,3,9
2024-05-11,FAC0001,0,1,12,12,0,6,8
2023-11-15,FAC0177,1,0,32,6,3,5,11
2024-03-22,FAC0289,5,4,23,23,1,3,11
2023-05-23,FAC0132,3,0,11,18,1,5,6
2024-05-27,FAC0082,2,0,9,14,0,6,15
2024-10-27,FAC0025,1,2,22,4,1,1,24
2023-04-02,FAC0187,26,11,202,143,1,9,7
2023-10-22,FAC0295,2,0,5,9,1,6,16
2024-11-05,FAC0158,29,51,226,221,3,2,4
2024-10-24,FAC0115,7,2,26,33,0,4,11
2023-07-30,FAC0170,16,14,173,63,1,9,9
2023-10-08,FAC0106,1,2,17,23,0,3,12
2023-01-28,FAC0239,0,1,4,1,1,5,5
2024-10-13,FAC0150,3,0,19,11,0,2,12
2024-02-20,FAC0237,2,3,18,11,1,5,8
2023-12-02,FAC0255,5,3,30,7,0,8,12
2024-12-03,FAC0016,0,2,16,2,0,3,11
2023-07-20,FAC0047,1,0,2,4,0,6,14
2024-10-07,FAC0227,52,17,147,305,3,6,8
2024-06-19,FAC0083,3,2,12,9,0,7,8
2024-11-30,FAC0233,1,0,7,1,1,9,10
2023-09-28,FAC0253,0,2,30,6,1,3,17
2024-11-22,FAC0037,1,1,144,27,0,8,16
2023-10-01,FAC0209,3,1,11,14,1,4,13
2024-05-19,FAC0033,5,4,44,18,1,2,14
2023-11-11,FAC0175,4,3,27,11,1,3,12
2024-09-05,FAC0077,0,1,7,3,1,7,16
2023-12-03,FAC0094,3,4,42,15,8,4,14
2024-07-26,FAC0207,1,2,23,12,1,4,6
2024-05-10,FAC0052,1,0,10,5,1,14,23
2023-10-12,FAC0131,2,0,34,7,2,2,14
2023-07-30,FAC0102,0,1,5,8,1,2,13
2024-01-26,FAC0218,0,1,7,4,1,7,18
2023-02-06,FAC0285,27,9,190,180,0,3,20
2024-08-18,FAC0277,0,1,4,10,0,6,13
2023-05-24,FAC0161,1,1,6,5,0,3,16
2024-04-11,FAC0245,1,3,13,31,2,1,15
2023-03-27,FAC0089,9,3,38,23,0,4,11
2024-07-26,FAC0140,1,0,10,22,0,10,13
2024-06-05,FAC0151,9,0,46,20,0,2,8
2023-04-19,FAC0222,4,2,54,5,3,5,20
2023-12-16,FAC0226,4,3,31,14,0,4,7
2024-09-23,FAC0236,2,1,25,3,0,1,14
2023-01-22,FAC0136,1,3,20,15,0,6,12
2024-09-28,FAC0001,2,1,9,15,0,6,8
2023-01-18,FAC0186,1,0,11,5,0,7,9
2023-06-30,FAC0053,0,0,8,7,0,3,9
2024-08-02,FAC0191,6,4,29,20,1,4,8
2023-06-25,FAC0170,15,7,167,69,2,7,15
2023-12-29,FAC0205,5,7,56,26,3,9,8
2023-06-16,FAC0020,1,0,11,9,1,2,11
2024-04-04,FAC0222,8,7,48,11,2,7,20
2024-08-21,FAC0140,1,0,19,13,0,10,17
2024-01-01,FAC0261,0,4,32,3,2,5,18
2024-03-01,FAC0258,1,0,46,10,2,4,17
2023-03-05,FAC0246,7,1,45,14,0,3,8
2023-03-16,FAC0186,2,1,11,5,2,7,12
2024-04-13,FAC0176,3,0,22,3,0,11,7
2023-10-01,FAC0093,12,6,210,93,1,6,10
2024-01-31,FAC0145,2,3,16,18,2,7,6
2023-08-20,FAC0043,6,0,42,7,0,9,15
2024-06-25,FAC0200,3,1,18,11,2,6,22
2024-10-21,FAC0186,1,1,12,4,0,5,11
2024-10-02,FAC0015,13,13,103,69,5,5,9
2024-05-19,FAC0268,5,5,22,21,2,1,7
2024-02-13,FAC0058,0,1,13,2,1,2,6
2024-02-26,FAC0197,1,0,13,25,0,7,9
2023-10-18,FAC0017,6,19,289,126,1,3,17
2023-07-17,FAC0289,3,1,19,27,0,2,16
2024-04-08,FAC0283,5,4,27,12,1,8,11
2023-12-10,FAC0186,1,0,9,7,0,6,14
2023-01-13,FAC0228,0,0,15,9,0,7,13
2023-10-12,FAC0107,6,5,68,8,0,5,20
2024-03-03,FAC0298,0,0,7,12,1,1,12
2023-03-03,FAC0288,1,1,20,3,0,3,9
2023-10-20,FAC0042,2,2,15,7,1,2,10
2023-08-28,FAC0037,18,11,105,66,2,9,18
2024-09-14,FAC0251,2,2,11,13,1,6,10
2023-06-25,FAC0018,1,1,9,2,0,6,14
2023-08-07,FAC0136,3,0,26,9,1,6,20
2023-12-03,FAC0297,1,2,14,7,0,7,5
2024-02-06,FAC0279,9,3,47,51,1,3,16
2023-11-14,FAC0268,4,5,14,29,0,1,9
2024-07-31,FAC0276,4,3,14,19,1,6,7
2024-11-01,FAC0193,1,1,12,12,1,5,7
2024-09-23,FAC0296,33,42,209,190,9,3,14
2023-03-28,FAC0135,0,0,22,8,1,5,12
2023-03-07,FAC0036,2,0,7,9,0,2,9
2024-03-13,FAC0064,3,5,67,9,3,8,16
2023-12-08,FAC0173,3,0,16,6,0,3,14
2023-06-29,FAC0174,7,0,77,75,3,1,6
2024-12-12,FAC0056,4,1,19,9,0,6,7
2023-01-05,FAC0245,4,1,30,14,1,1,24
2024-06-02,FAC0269,3,1,15,9,1,4,8
2023-05-17,FAC0066,39,40,260,102,4,4,15
2023-02-17,FAC0271,3,0,11,10,1,4,13
2024-12-10,FAC0146,1,1,2,7,0,3,8
2023-07-16,FAC0265,4,2,13,16,0,6,10
2023-06-25,FAC0286,1,2,13,5,0,2,7
2023-06-06,FAC0067,2,1,9,18,0,4,11
2024-03-31,FAC0146,1,0,2,7,1,2,8
2023-02-27,FAC0120,2,5,90,24,0,4,10
2023-05-28,FAC0247,0,1,3,9,0,4,10
2024-03-21,FAC0072,3,8,39,29,2,12,12
2023-12-03,FAC0280,44,3,194,240,2,4,11
2023-08-05,FAC0225,2,1,11,19,0,7,11
2023-04-26,FAC0297,2,0,9,12,0,7,11
2024-11-11,FAC0219,0,0,6,8,1,4,15
2023-09-13,FAC0104,1,4,38,4,0,12,6
2023-01-13,FAC0217,3,3,84,11,1,4,14
2023-11-18,FAC0045,0,0,15,22,0,7,13
2024-10-25,FAC0049,8,0,65,24,0,7,13
2023-11-04,FAC0189,2,0,9,5,1,3,19
2023-11-09,FAC0221,40,27,241,79,2,4,7
2023-11-18,FAC0298,1,2,5,14,1,2,17
2024-12-08,FAC0099,3,5,49,10,1,5,6
2024-02-26,FAC0150,4,1,15,15,1,3,16
2024-09-18,FAC0249,0,0,20,10,0,4,14
2023-02-14,FAC0067,4,2,24,3,1,3,16
2023-03-12,FAC0158,51,2,347,100,4,2,6
2023-09-07,FAC0211,0,1,9,3,0,6,11
2023-12-04,FAC0288,3,0,12,11,0,7,9
2023-06-16,FAC0207,2,4,19,16,1,7,12
2024-04-23,FAC0259,1,1,18,1,0,6,13
2023-08-16,FAC0139,0,7,53,18,2,2,22
2023-05-01,FAC0065,8,0,64,21,1,7,17
2024-03-12,FAC0115,3,2,49,10,0,4,15
2024-06-04,FAC0057,0,1,3,8,0,5,10
2023-12-08,FAC0264,9,0,69,4,2,4,15
2024-11-20,FAC0109,3,0,16,8,0,4,6
2023-02-09,FAC0007,3,0,23,25,1,10,15
2023-09-09,FAC0211,0,1,7,5,0,4,16
2023-12-10,FAC0018,0,0,4,7,0,8,12
2024-01-03,FAC0027,15,23,222,132,3,4,8
2023-03-15,FAC0044,0,2,27,9,0,6,12
2023-06-23,FAC0001,1,1,22,2,1,5,7
2024-09-17,FAC0096,1,1,17,17,0,4,9
2023-10-22,FAC0057,0,0,8,3,0,5,12
2023-05-06,FAC0207,2,1,27,8,0,6,9
2024-02-13,FAC0069,1,1,9,5,0,5,13
2024-06-22,FAC0030,2,1,11,3,0,3,8
2023-12-05,FAC0267,12,2,35,45,0,5,9
2024-09-13,FAC0103,4,7,27,32,3,3,11
2023-01-19,FAC0004,3,2,10,14,0,5,14
2024-01-17,FAC0088,2,4,19,20,0,9,11
2024-01-05,FAC0159,3,0,28,13,1,6,11
2024-10-02,FAC0010,1,1,6,7,1,2,14
2023-12-14,FAC0158,43,6,368,79,0,1,3
2023-10-20,FAC0029,0,2,17,2,1,2,20
2024-10-28,FAC0244,1,0,6,5,1,5,14
2024-08-27,FAC0209,0,0,13,12,1,5,16
2023-04-22,FAC0273,2,2,25,6,2,6,5
2024-11-23,FAC0270,5,4,22,27,0,5,15
2024-10-14,FAC0250,0,0,16,5,0,6,10
2023-10-25,FAC0141,5,2,32,17,2,5,9
2024-11-25,FAC0239,0,1,3,2,0,6,6
2023-08-05,FAC0287,4,1,10,26,1,2,9
2023-12-10,FAC0036,1,0,8,8,1,4,7
2023-07-12,FAC0024,0,1,5,8,2,5,11
2024-11-09,FAC0155,2,3,53,10,2,4,16
2024-02-16,FAC0256,0,1,18,10,0,5,19
2024-01-19,FAC0095,0,2,12,28,3,6,14
2023-01-16,FAC0059,2,0,17,19,2,4,12
2023-10-06,FAC0247,0,0,4,8,0,4,15
2024-05-15,FAC0142,29,35,202,157,2,3,9
2023-04-03,FAC0258,0,1,44,12,1,3,11
2023-01-02,FAC0288,0,1,15,8,0,7,9
2024-01-14,FAC0225,4,0,15,15,1,4,12
2023-03-10,FAC0152,9,23,99,176,5,7,16
2023-01-06,FAC0236,1,2,19,9,0,1,10
2024-01-16,FAC0090,4,3,26,4,1,4,14
2023-12-11,FAC0200,4,3,26,3,2,8,22
2023-06-02,FAC0276,0,0,30,3,0,4,10
2023-06-23,FAC0057,1,0,5,6,0,6,14
2023-03-18,FAC0108,0,4,14,20,0,4,10
2023-11-28,FAC0218,0,1,7,4,0,10,12
2024-12-30,FAC0145,1,0,16,18,0,10,5
2024-03-14,FAC0295,2,1,12,2,1,6,14
2023-06-14,FAC0142,52,27,269,90,5,3,15
2023-08-04,FAC0040,2,0,10,6,1,4,12
2023-03-12,FAC0171,1,0,7,9,0,2,11
2024-01-24,FAC0033,5,3,38,24,0,4,18
2024-12-13,FAC0245,6,5,38,6,1,1,15
2023-01-10,FAC0034,0,0,4,6,1,7,8
2023-11-24,FAC0286,0,0,12,6,0,3,6
2023-05-18,FAC0208,3,1,28,11,1,4,20
2024-04-25,FAC0259,0,2,17,2,0,3,21
2023-11-02,FAC0165,8,21,98,194,0,1,14
2023-04-20,FAC0021,1,2,16,3,0,5,15
2023-08-24,FAC0005,1,0,12,4,1,9,15
2024-11-13,FAC0178,1,1,15,4,0,5,7
2023-03-28,FAC0213,4,0,17,10,0,5,14
2024-02-19,FAC0150,0,0,20,10,1,1,10
2024-07-02,FAC0218,0,0,6,5,2,5,14
2023-01-30,FAC0192,2,32,177,133,4,8,11
2023-03-19,FAC0032,1,0,11,2,1,6,11
2024-02-11,FAC0214,1,0,10,9,0,4,8
2024-01-16,FAC0065,11,7,52,33,3,6,13
2023-11-09,FAC0055,62,0,361,71,3,5,12
2023-12-23,FAC0106,3,2,33,7,1,5,12
2023-02-05,FAC0203,11,6,47,51,3,11,17
2024-03-07,FAC0010,1,1,10,3,0,3,12
2024-12-03,FAC0176,0,2,15,10,1,5,7
2024-07-05,FAC0090,0,1,25,5,1,5,12
2023-08-12,FAC0149,1,0,9,3,0,5,20
2023-03-23,FAC0184,4,4,31,5,0,4,9
2023-05-24,FAC0010,0,1,4,9,0,5,7
2023-02-27,FAC0147,4,0,26,15,0,6,7
2024-05-12,FAC0187,20,21,236,109,1,11,15
2023-04-16,FAC0262,0,1,6,16,1,5,13
2024-09-10,FAC0002,4,0,34,8,1,2,11
2023-11-12,FAC0233,1,1,6,2,1,7,11
2023-10-02,FAC0070,19,5,162,26,4,3,20
2024-01-15,FAC0083,0,1,6,15,2,6,14
2023-07-07,FAC0290,0,0,18,11,1,8,14
2023-05-09,FAC0175,5,0,35,3,1,2,14
2024-12-18,FAC0100,34,17,105,171,3,8,16
2024-04-18,FAC0208,4,3,15,24,1,2,14
2024-10-03,FAC0208,3,1,20,19,0,3,18
2024-04-29,FAC0047,1,1,4,2,1,6,16
2024-07-16,FAC0010,0,0,8,5,1,3,7
2024-07-26,FAC0108,5,1,22,12,2,3,15
2024-12-31,FAC0210,2,3,42,8,2,4,11
2024-01-09,FAC0035,3,0,11,11,0,8,14
2024-03-15,FAC0193,2,0,8,16,1,9,12
2024-10-30,FAC0099,0,0,24,35,2,5,4
2023-09-07,FAC0015,19,7,63,109,1,9,7
2023-12-06,FAC0237,3,0,15,14,1,4,11
2024-08-20,FAC0124,15,9,87,173,7,3,19
2023-11-01,FAC0106,2,2,14,26,2,4,7
2023-10-09,FAC0174,19,1,82,70,2,1,7
2023-04-28,FAC0266,9,8,39,57,2,7,9
2023-08-03,FAC0014,4,3,37,7,1,4,21
2024-04-11,FAC0036,0,0,6,10,0,4,10
2023-08-02,FAC0187,4,0,168,177,4,10,9
2024-05-09,FAC0234,0,1,7,4,0,2,7
2023-11-19,FAC0105,4,3,26,4,0,5,20
2024-08-21,FAC0262,3,2,16,6,0,4,7
2024-01-02,FAC0124,35,27,225,35,1,3,15
2024-02-14,FAC0259,1,1,11,8,0,4,26
2024-05-02,FAC0108,0,4,14,20,2,4,11
2023-07-18,FAC0266,3,0,78,18,1,8,14
2024-05-01,FAC0222,7,3,21,38,3,4,15
2024-06-20,FAC0027,45,34,306,48,0,5,13
2023-04-01,FAC0047,0,0,5,1,1,4,10
2024-07-30,FAC0127,7,4,31,22,2,5,9
2024-04-04,FAC0110,1,4,28,13,0,6,21
2023-06-28,FAC0142,22,9,244,115,3,1,9
2023-06-07,FAC0202,10,7,20,47,0,5,11
2024-09-21,FAC0105,1,0,21,9,2,2,21
2023-11-13,FAC0214,2,1,14,5,2,5,6
2023-05-09,FAC0180,18,13,154,24,0,3,10
2024-10-01,FAC0243,26,15,141,152,2,9,22
2024-10-24,FAC0229,3,2,18,5,0,6,14
2023-06-04,FAC0032,0,0,8,5,1,12,13
2023-09-13,FAC0241,1,0,11,4,1,6,12
2023-03-04,FAC0210,4,1,45,5,0,2,7
2023-04-12,FAC0184,1,3,11,25,2,8,10
2023-06-21,FAC0279,2,10,37,61,3,5,10
2024-06-06,FAC0276,3,1,11,22,1,4,11
2023-08-15,FAC0118,5,4,17,21,0,3,17
2023-11-08,FAC0285,26,25,327,43,0,6,12
2023-12-16,FAC0199,0,3,21,10,1,2,15
2023-11-30,FAC0180,10,4,136,42,2,2,8
2024-11-27,FAC0284,32,23,129,86,1,3,15
2024-02-01,FAC0034,1,0,5,5,0,5,14
2024-05-02,FAC0009,3,2,18,12,0,3,20
2024-04-25,FAC0029,2,1,13,6,1,2,10
2023-02-07,FAC0233,0,1,2,6,0,5,11
2024-04-20,FAC0189,1,1,10,4,1,4,18
2023-10-20,FAC0056,3,1,8,20,1,8,13
2023-12-18,FAC0001,1,1,17,7,1,5,7
2024-11-13,FAC0252,11,5,58,38,0,6,17
2023-06-12,FAC0259,1,2,8,11,0,7,16
2023-11-15,FAC0073,0,0,6,2,1,2,17
2024-01-07,FAC0022,1,0,13,5,0,2,10
2023-02-13,FAC0243,26,6,132,161,0,5,14
2023-12-20,FAC0201,2,0,61,4,1,2,9
2024-10-15,FAC0090,4,0,14,16,1,7,15
2024-07-04,FAC0213,0,0,23,4,1,5,15
2023-05-11,FAC0129,3,1,20,20,2,4,14
2024-12-02,FAC0008,2,1,9,15,0,3,12
2024-04-05,FAC0112,3,1,8,15,2,4,16
2024-06-22,FAC0160,5,2,33,3,1,4,10
2024-01-29,FAC0003,0,0,16,4,0,6,11
2023-12-13,FAC0005,1,1,12,4,0,5,14
2024-09-07,FAC0253,5,2,25,11,2,2,17
2024-09-03,FAC0177,2,2,22,16,0,2,8
2023-05-14,FAC0055,20,19,197,235,4,9,14
2024-09-30,FAC0260,1,5,17,27,1,3,13
2024-03-14,FAC0188,36,35,206,102,2,1,14
2023-01-12,FAC0181,3,1,36,11,0,3,7
2023-09-30,FAC0200,0,3,9,20,2,8,15
2024-03-24,FAC0208,4,2,21,18,0,4,15
2023-12-20,FAC0037,11,15,83,88,3,5,11
2024-09-30,FAC0248,6,7,39,28,2,8,4
2024-08-03,FAC0165,16,16,113,179,0,1,15
2024-05-04,FAC0212,7,0,34,21,4,5,14
2023-01-11,FAC0061,6,1,38,6,0,9,20
2024-02-06,FAC0137,3,0,13,8,1,5,11
2023-02-07,FAC0148,0,1,3,8,1,6,6
2023-04-28,FAC0096,0,0,20,14,1,3,12
2023-07-06,FAC0062,3,2,9,13,0,2,6
2024-09-14,FAC0045,1,3,25,12,2,6,9
2023-02-05,FAC0048,3,4,27,14,0,5,20
2023-11-15,FAC0032,1,1,9,4,1,9,9
2024-04-24,FAC0221,32,33,186,134,2,5,7
2024-10-08,FAC0003,1,0,17,3,1,4,10
2024-09-17,FAC0201,3,4,46,19,0,4,13
2024-05-20,FAC0114,4,0,22,14,3,4,16
2023-07-08,FAC0013,1,1,7,14,1,5,10
2023-12-29,FAC0206,0,0,8,17,0,8,10
2024-09-24,FAC0195,0,1,10,4,1,4,8
2023-08-08,FAC0210,3,3,28,22,1,5,10
2024-07-28,FAC0278,15,17,47,110,1,3,10
2024-01-14,FAC0121,3,0,39,6,1,3,10
2024-01-21,FAC0154,7,1,38,12,3,2,19
2023-04-25,FAC0085,1,0,4,4,1,2,5
2024-07-24,FAC0079,2,0,7,10,1,7,21
2023-12-10,FAC0044,1,4,21,15,1,6,14
2023-01-05,FAC0214,1,2,6,13,2,7,10
2024-10-19,FAC0250,1,0,13,8,2,4,7
2023-08-24,FAC0153,5,2,24,12,3,3,10
2024-03-10,FAC0104,4,1,14,28,0,7,5
2023-03-12,FAC0053,1,0,5,10,0,4,14
2023-08-03,FAC0010,0,0,9,4,1,4,9
2023-03-28,FAC0298,2,2,9,10,0,2,20
2023-12-21,FAC0017,22,37,339,76,4,2,20
2023-09-17,FAC0090,2,0,12,18,1,6,17
2024-10-05,FAC0100,4,28,130,146,2,4,24
2024-08-08,FAC0139,6,1,44,27,0,4,13
2024-07-06,FAC0289,6,0,41,5,0,4,12
2024-06-09,FAC0163,2,1,18,11,0,5,17
2024-10-28,FAC0265,1,1,11,18,0,6,7
2023-07-05,FAC0258,5,6,47,9,1,7,8
2024-02-06,FAC0279,7,0,86,12,2,3,11
2024-01-07,FAC0193,2,0,15,9,1,10,6
2024-05-03,FAC0146,1,0,7,2,0,3,13
2024-08-17,FAC0087,2,1,10,7,1,3,13
2023-06-02,FAC0276,1,0,12,21,1,4,8
2023-04-11,FAC0283,2,2,20,19,2,4,12
2023-11-09,FAC0008,2,2,17,7,2,2,9
2023-10-03,FAC0012,0,1,4,6,1,4,14
2024-11-26,FAC0097,12,6,49,37,1,6,9
2023-10-06,FAC0268,2,4,20,23,0,1,14
2024-09-28,FAC0273,0,0,11,20,0,5,9
2023-09-21,FAC0034,1,1,4,6,1,5,9
2023-05-14,FAC0264,1,2,24,49,0,4,10
2024-04-12,FAC0098,0,1,14,22,0,7,5
2024-06-25,FAC0187,33,22,163,182,4,11,7
2023-08-19,FAC0002,3,3,18,24,1,3,11
2024-04-17,FAC0261,2,2,23,12,1,5,16
2023-09-23,FAC0103,2,2,24,35,3,4,9
2023-10-13,FAC0165,21,29,228,64,2,1,9
2023-04-14,FAC0080,1,0,5,9,1,6,10
2024-08-24,FAC0192,37,17,117,193,5,7,12
2023-12-12,FAC0024,1,0,4,9,2,5,12
2023-03-02,FAC0068,4,0,23,4,0,7,6
2023-07-04,FAC0053,0,0,8,7,0,3,10
2023-05-15,FAC0136,4,1,26,9,0,5,18
2024-02-19,FAC0011,0,0,9,10,0,3,5
2024-01-21,FAC0071,0,1,7,4,1,5,13
2023-12-23,FAC0171,1,1,13,3,0,3,8
2024-07-10,FAC0072,2,4,30,38,0,11,12
2023-02-15,FAC0096,2,3,11,23,1,4,6
2024-02-23,FAC0002,0,3,23,19,1,3,7
2023-07-23,FAC0238,3,4,60,17,1,6,13
2024-09-08,FAC0141,3,4,32,17,0,6,14
2024-09-05,FAC0247,0,0,5,7,1,3,8
2024-03-25,FAC0068,3,2,9,18,1,4,7
2024-06-27,FAC0249,1,2,10,20,1,2,18
2024-10-06,FAC0159,6,2,31,10,0,6,15
2024-11-13,FAC0150,4,2,27,3,1,1,9
2024-11-06,FAC0296,32,9,240,159,5,7,20
2024-07-20,FAC0025,2,2,10,16,1,3,27
2023-02-19,FAC0207,2,1,21,14,1,8,8
2024-06-06,FAC0199,4,2,18,13,0,2,19
2024-12-12,FAC0262,0,2,7,15,1,3,15
2023-01-16,FAC0075,0,0,6,6,0,9,10
2024-01-03,FAC0154,5,4,31,19,4,5,19
2023-08-05,FAC0106,5,0,19,21,2,4,12
2024-02-12,FAC0020,3,2,6,14,1,5,10
2023-07-11,FAC0013,0,2,16,5,1,4,14
2023-08-26,FAC0013,0,0,12,9,1,5,12
2024-02-26,FAC0241,2,0,8,7,1,6,16
2023-06-22,FAC0136,5,4,31,4,1,3,10
2024-03-13,FAC0241,2,0,8,7,0,6,11
2023-09-27,FAC0274,7,1,41,51,0,5,12
2024-08-26,FAC0244,1,0,7,4,0,4,9
2024-07-17,FAC0255,5,4,23,14,1,4,9
2023-03-03,FAC0257,1,1,13,10,1,3,14
2024-10-20,FAC0105,3,0,9,21,1,2,25
2024-04-01,FAC0102,1,1,5,8,1,3,23
2023-07-29,FAC0167,7,5,42,22,1,1,10
2024-01-29,FAC0272,0,2,16,6,0,7,10
2023-05-29,FAC0285,13,30,179,191,0,3,11
2023-02-03,FAC0148,0,1,9,2,0,3,8
2023-05-21,FAC0019,1,3,12,19,1,7,11
2024-05-21,FAC0265,3,2,9,20,1,3,10
2024-10-29,FAC0250,3,0,10,11,2,6,10
2023-04-25,FAC0178,1,0,14,5,0,4,4
2024-02-21,FAC0084,0,2,24,7,2,4,6
2023-01-24,FAC0069,2,1,7,7,1,5,13
2024-06-23,FAC0069,2,1,8,6,1,3,9
2024-06-25,FAC0107,11,1,48,28,1,3,17
2024-12-19,FAC0154,7,1,21,29,4,3,9
2024-11-30,FAC0264,5,2,33,40,0,4,11
2024-08-12,FAC0011,1,2,14,5,1,4,8
2024-06-19,FAC0107,6,8,34,42,1,6,10
2023-06-24,FAC0240,1,1,12,4,1,4,9
2023-12-15,FAC0271,2,1,10,11,1,5,13
2024-09-06,FAC0094,3,6,40,17,2,3,10
2023-07-24,FAC0289,3,2,41,5,1,3,8
2024-06-28,FAC0200,0,2,25,4,2,4,14
2024-05-05,FAC0174,19,7,65,87,1,1,8
2024-08-12,FAC0105,3,2,27,3,0,2,16
2024-08-27,FAC0138,0,0,4,5,0,3,11
2023-05-18,FAC0137,1,1,16,5,0,5,9
2024-11-06,FAC0002,5,0,18,24,0,3,8
2023-07-29,FAC0258,7,0,50,6,3,6,12
2023-02-16,FAC0159,2,0,15,26,1,3,14
2024-05-11,FAC0084,3,1,9,22,1,4,9
2023-07-27,FAC0094,0,6,29,28,8,3,10
2023-06-24,FAC0108,2,3,23,11,0,3,12
2023-12-11,FAC0109,0,0,9,15,0,5,10
2024-01-22,FAC0249,4,2,22,8,1,4,17
2024-02-26,FAC0228,3,1,14,10,0,9,14
2024-06-28,FAC0228,0,2,20,4,1,9,12
2023-01-24,FAC0098,5,1,19,17,1,7,9
2023-10-17,FAC0037,12,11,135,36,2,10,16
2023-06-08,FAC0025,2,0,18,8,0,3,16
2023-02-18,FAC0162,0,5,18,42,1,9,13
2023-09-09,FAC0141,6,0,31,18,0,4,13
2024-10-19,FAC0064,1,5,69,7,3,5,18
2024-12-23,FAC0119,2,4,28,9,1,1,15
2024-12-08,FAC0119,0,1,19,18,0,1,11
2023-07-15,FAC0247,0,0,8,4,1,4,14
2024-12-05,FAC0277,1,1,12,2,0,5,14
2023-04-11,FAC0083,3,1,11,10,1,8,8
2023-03-04,FAC0171,0,0,12,4,1,5,11
2023-03-29,FAC0135,2,1,11,19,0,11,23
2024-12-11,FAC0097,0,9,61,25,1,7,17
2023-04-11,FAC0193,2,2,20,4,1,7,12
2023-05-01,FAC0107,5,0,68,8,1,6,14
2024-11-13,FAC0203,1,5,34,64,3,5,15
2023-11-11,FAC0261,1,1,12,23,2,4,10
2024-07-05,FAC0217,6,1,52,43,1,9,19
2024-10-19,FAC0137,1,1,17,4,1,5,7
2023-08-31,FAC0076,5,4,24,13,1,8,14
2023-12-30,FAC0034,0,1,4,6,0,5,15
2023-03-30,FAC0199,0,0,19,12,1,3,18
2023-01-08,FAC0031,8,46,363,28,4,3,7
2023-04-17,FAC0219,2,1,11,3,1,2,20
2024-12-05,FAC0224,0,0,7,5,0,8,10
2024-05-05,FAC0122,1,0,12,3,1,4,17
2024-03-24,FAC0209,0,3,18,7,1,4,12
2024-03-23,FAC0251,3,2,16,8,0,5,14
2024-03-04,FAC0171,2,1,6,10,0,4,8
2023-07-22,FAC0291,1,3,13,25,1,6,13
2023-08-26,FAC0111,2,2,15,21,1,2,11
2023-11-24,FAC0234,0,1,9,2,0,2,4
2023-11-21,FAC0100,25,32,259,17,1,7,19
2023-01-28,FAC0150,1,1,24,6,0,3,15
2023-08-23,FAC0258,5,4,45,11,3,4,9
2023-03-24,FAC0094,8,3,17,40,0,4,7
2023-10-26,FAC0230,0,0,11,24,0,2,19
2024-09-27,FAC0254,1,0,8,8,1,6,11
2023-03-12,FAC0009,1,0,25,5,1,4,18
2024-02-02,FAC0284,32,23,73,142,0,1,16
2023-11-13,FAC0085,1,0,3,5,0,4,5
2024-12-30,FAC0123,5,3,29,12,0,3,11
2024-11-18,FAC0170,21,3,218,18,3,8,16
2023-09-08,FAC0117,0,1,6,12,2,6,15
2023-12-18,FAC0076,0,0,19,18,0,9,8
2023-02-17,FAC0013,2,0,19,2,0,5,14
2023-04-06,FAC0173,2,1,18,4,0,5,13
2024-04-05,FAC0287,2,2,20,16,0,2,9
2024-04-12,FAC0277,0,1,11,3,1,6,23
2024-02-20,FAC0167,1,3,51,13,0,2,8
2023-04-13,FAC0125,2,0,17,6,1,8,8
2023-09-23,FAC0208,4,2,13,26,0,3,17
2023-01-27,FAC0237,3,2,18,11,1,5,11
2024-06-27,FAC0005,1,0,12,4,1,7,15
2023-11-24,FAC0185,24,12,104,150,4,12,18
2024-12-05,FAC0051,2,39,160,320,7,10,10
2023-02-18,FAC0044,4,1,13,23,1,7,16
2024-10-22,FAC0101,4,1,16,27,3,2,8
2023-02-23,FAC0101,2,2,40,3,3,3,9
2023-04-27,FAC0207,4,3,15,20,0,5,6
2024-09-24,FAC0213,0,2,11,16,0,8,18
2023-02-28,FAC0023,2,10,75,24,0,6,9
2023-09-24,FAC0202,1,7,36,31,0,4,8
2023-05-28,FAC0008,2,2,17,7,1,4,6
2023-01-24,FAC0046,1,0,8,7,2,4,8
2024-07-02,FAC0257,0,1,14,9,0,4,13
2024-05-17,FAC0229,0,1,17,6,0,8,10
2024-01-01,FAC0108,0,0,29,5,0,4,10
2023-04-12,FAC0220,19,17,131,114,1,1,10
2024-03-31,FAC0041,1,1,6,2,0,5,12
2024-11-28,FAC0214,0,1,17,2,0,6,11
2024-04-19,FAC0162,8,5,32,28,0,5,12
2024-02-08,FAC0097,8,0,55,31,0,10,11
2024-11-13,FAC0269,2,2,7,17,1,8,16
2023-11-28,FAC0289,4,4,33,13,0,2,8
2024-08-22,FAC0008,3,0,13,11,0,4,6
2024-03-29,FAC0091,5,0,18,20,2,6,16
2023-05-14,FAC0178,2,0,17,2,0,3,8
2024-02-13,FAC0110,4,3,13,28,0,5,17
2023-01-23,FAC0023,7,7,79,20,1,7,7
2023-10-01,FAC0128,8,0,42,15,2,12,10
2024-02-29,FAC0021,1,2,6,13,1,5,15
2024-02-15,FAC0247,0,1,10,2,0,4,13
2023-03-31,FAC0207,5,0,24,11,0,4,9
2023-08-10,FAC0122,2,1,11,4,1,4,10
2023-08-13,FAC0109,3,1,9,15,1,2,6
2024-09-07,FAC0073,1,0,2,6,1,3,17
2023-07-02,FAC0123,6,3,12,29,0,4,11
2023-10-24,FAC0185,13,1,91,163,0,6,16
2023-05-10,FAC0198,1,2,7,11,1,5,8
2024-01-13,FAC0081,3,1,11,27,1,6,8
2023-02-24,FAC0206,2,0,18,7,1,7,8
2023-09-16,FAC0299,1,3,24,5,1,5,15
2023-01-11,FAC0225,3,3,18,12,2,7,16
2024-02-16,FAC0206,0,1,11,14,1,5,8
2023-07-24,FAC0114,2,1,15,21,1,4,16
2024-08-11,FAC0025,0,3,14,12,1,2,16
2024-10-30,FAC0035,1,2,20,2,0,8,8
2024-12-29,FAC0181,1,0,39,8,1,5,14
2023-06-13,FAC0259,0,1,16,3,1,3,13
2024-01-25,FAC0133,7,7,38,21,0,2,14
2024-07-14,FAC0298,0,2,8,11,0,2,10
2024-02-15,FAC0011,1,1,5,14,0,7,9
2023-05-03,FAC0022,2,0,16,2,0,3,17
2024-08-03,FAC0210,1,6,26,24,2,3,8
2023-09-10,FAC0121,5,2,15,30,1,2,6
2024-12-06,FAC0278,2,14,143,14,2,5,14
2023-02-25,FAC0030,2,0,8,6,2,2,9
2023-10-27,FAC0220,9,25,165,80,2,2,13
2023-06-09,FAC0100,15,14,146,130,1,6,24
2024-05-14,FAC0055,42,31,226,206,5,10,15
2023-10-15,FAC0121,3,1,36,9,1,3,11
2023-06-27,FAC0065,8,10,47,38,0,3,11
2023-11-17,FAC0141,1,4,30,19,1,4,10
2023-09-09,FAC0044,1,4,28,8,2,7,11
2024-04-21,FAC0030,1,0,11,3,1,4,7
2024-06-30,FAC0041,1,1,2,6,1,3,14
2023-09-27,FAC0096,4,1,16,18,0,5,9
2023-09-22,FAC0166,2,1,13,4,0,6,16
2024-11-11,FAC0101,2,2,37,6,1,3,10
2023-02-11,FAC0300,2,1,20,4,1,4,11
2023-09-26,FAC0132,3,2,24,5,1,3,8
2023-03-11,FAC0080,1,0,9,5,1,5,7
2024-05-03,FAC0142,6,39,155,204,1,1,18
2023-02-13,FAC0024,0,1,11,2,2,6,20
2023-06-20,FAC0099,5,2,47,12,3,7,4
2024-09-18,FAC0142,23,17,285,74,2,3,17
2024-10-19,FAC0098,3,0,28,8,0,8,7
2024-07-21,FAC0156,15,2,75,25,0,9,9
2024-12-23,FAC0078,3,2,21,7,0,3,14
2024-03-03,FAC0178,0,2,17,2,0,5,7
2023-09-21,FAC0080,2,1,6,8,0,4,15
2023-02-08,FAC0101,4,5,12,31,3,2,13
2024-06-02,FAC0272,1,1,13,9,1,6,13
2024-04-16,FAC0098,2,3,16,20,0,6,4
2023-04-23,FAC0127,2,4,47,6,1,5,9
2024-12-31,FAC0119,0,2,26,11,0,2,15
2023-12-10,FAC0294,0,2,25,3,0,7,16
2023-07-04,FAC0213,0,3,23,4,0,5,12
2023-06-07,FAC0289,5,0,28,18,1,3,11
2023-02-14,FAC0163,4,2,16,13,0,7,16
2023-02-16,FAC0132,1,3,19,10,0,5,11
2024-10-07,FAC0225,0,2,26,4,1,5,13
2024-07-02,FAC0181,1,1,35,12,0,5,8
2024-02-23,FAC0263,6,0,12,28,0,4,15
2023-03-15,FAC0169,7,7,42,45,0,2,14
2024-02-28,FAC0300,0,1,16,8,1,3,11
2023-07-28,FAC0094,1,2,32,25,6,4,7
2023-10-19,FAC0113,0,1,11,2,1,5,11
2023-02-24,FAC0171,1,0,6,10,1,4,14
2024-04-04,FAC0228,3,1,16,8,1,6,12
2024-04-05,FAC0149,1,0,9,3,1,6,24
2024-03-31,FAC0286,0,1,15,3,1,2,6
2024-06-20,FAC0157,4,0,11,19,1,8,6
2024-08-23,FAC0034,1,0,5,5,1,3,17
2024-12-19,FAC0249,1,1,26,4,1,3,11
2023-10-20,FAC0133,3,4,52,7,1,2,15
2024-01-10,FAC0097,7,9,33,53,2,6,14
2024-06-26,FAC0211,1,0,5,7,1,7,15
2023-08-16,FAC0291,4,0,31,7,0,4,12
2024-11-17,FAC0195,1,0,12,2,1,4,8
2023-08-15,FAC0225,3,0,25,5,1,5,12
2024-04-17,FAC0158,53,13,244,203,0,1,6
2023-07-31,FAC0090,2,0,24,6,0,6,8
2024-09-29,FAC0290,1,0,16,13,1,11,12
2023-06-22,FAC0047,1,0,5,1,0,5,10
2023-02-03,FAC0041,1,1,4,4,0,2,9
2024-01-15,FAC0284,29,16,87,128,3,3,20
2023-06-24,FAC0238,8,3,65,12,1,6,10
2023-05-03,FAC0237,3,1,21,8,0,3,15
2023-07-04,FAC0076,2,1,18,19,0,7,7
2024-07-27,FAC0091,1,2,33,5,1,4,10
2023-05-06,FAC0151,2,7,36,30,2,2,8
2023-08-12,FAC0292,0,2,8,15,0,3,9
2024-01-17,FAC0075,0,1,3,9,1,11,15
2023-02-09,FAC0111,2,4,26,10,0,4,16
2023-08-21,FAC0132,3,3,16,13,1,7,10
2024-10-29,FAC0033,5,1,23,39,1,5,13
2024-10-20,FAC0029,2,0,13,6,1,5,20
2024-02-28,FAC0077,1,0,8,2,1,8,16
2024-05-26,FAC0271,0,1,10,11,0,3,9
2023-11-08,FAC0278,20,8,89,68,7,7,16
2023-06-30,FAC0205,8,1,26,56,4,9,15
2023-07-29,FAC0136,2,1,18,17,1,4,18
2024-10-12,FAC0295,2,0,6,8,0,5,9
2024-05-12,FAC0214,2,1,11,8,1,7,10
2024-05-06,FAC0257,2,2,12,11,0,3,18
2023-08-08,FAC0060,8,8,100,28,3,6,11
2023-10-24,FAC0189,2,1,8,6,1,4,9
2024-02-11,FAC0047,0,0,4,2,0,5,15
2024-08-22,FAC0201,4,0,38,27,1,5,8
2024-10-17,FAC0156,1,5,79,21,3,8,5
2024-07-14,FAC0284,18,3,181,34,0,1,10
2023-12-20,FAC0052,0,0,5,10,0,8,23
2024-07-18,FAC0283,0,0,11,28,1,4,15
2024-06-11,FAC0076,4,0,27,10,0,9,13
2023-07-07,FAC0213,3,2,14,13,0,6,9
2023-11-05,FAC0223,4,1,9,23,0,4,8
2024-10-03,FAC0019,4,2,19,12,0,9,8
2023-09-18,FAC0228,2,2,16,8,1,6,11
2023-02-14,FAC0182,3,0,22,3,0,6,10
2024-10-26,FAC0265,4,3,23,6,1,3,9
2023-08-27,FAC0128,2,5,19,38,4,12,8
2023-11-22,FAC0006,11,8,198,46,9,6,17
2024-05-23,FAC0028,0,4,25,21,2,9,21
2024-10-17,FAC0224,1,0,6,6,1,7,14
2023-01-03,FAC0169,13,9,35,52,1,2,15
2024-06-11,FAC0284,16,14,100,115,6,1,14
2024-05-22,FAC0020,2,0,11,9,0,4,6
2024-03-09,FAC0223,3,1,18,14,1,5,16
2023-12-15,FAC0279,1,3,87,11,1,3,11
2023-03-21,FAC0267,5,4,66,14,2,4,13
2024-10-27,FAC0135,4,2,13,17,1,8,18
2024-09-09,FAC0126,4,4,31,6,1,6,14
2023-06-20,FAC0167,2,3,60,4,1,1,9
2023-11-19,FAC0290,2,0,13,16,1,10,9
2024-08-07,FAC0138,0,0,4,5,0,6,11
2024-08-12,FAC0137,1,0,10,11,1,5,7
2024-01-23,FAC0009,4,2,9,21,0,2,17
2023-06-02,FAC0028,4,3,40,6,1,9,21
2023-12-02,FAC0092,15,38,248,94,2,3,9
2023-12-03,FAC0228,2,0,14,10,0,10,17
2023-10-05,FAC0001,1,2,9,15,1,3,7
2023-02-18,FAC0287,1,4,13,23,1,2,12
2024-05-30,FAC0118,1,1,15,23,0,3,10
2024-02-11,FAC0070,4,9,117,71,5,3,23
2024-01-05,FAC0077,0,0,3,7,1,7,17
2023-12-09,FAC0188,16,25,132,176,5,1,19
2023-07-31,FAC0184,5,3,13,23,1,6,10
2024-11-09,FAC0160,3,3,12,24,0,5,6
2024-01-03,FAC0258,1,6,49,7,1,7,16
2024-01-12,FAC0260,3,2,13,31,0,3,18
2024-12-31,FAC0144,2,0,16,12,2,4,16
2024-08-05,FAC0256,0,0,21,7,1,4,11
2023-01-07,FAC0096,1,1,15,19,0,5,10
2024-09-18,FAC0251,1,2,22,2,0,8,10
2024-07-27,FAC0034,1,0,5,5,0,3,13
2024-04-15,FAC0275,2,3,17,12,1,10,8
2023-05-31,FAC0088,4,0,17,22,0,5,12
2024-06-21,FAC0181,7,3,20,27,1,4,14
2024-06-25,FAC0004,0,0,17,7,1,6,22
2024-02-17,FAC0151,9,0,21,45,2,2,8
2023-03-31,FAC0091,5,1,14,24,1,8,13
2023-07-14,FAC0037,5,9,54,117,3,10,15
2023-05-12,FAC0160,2,3,24,12,1,2,7
2024-06-30,FAC0045,2,3,12,25,0,6,11
2024-06-23,FAC0048,2,1,28,13,0,6,13
2024-02-03,FAC0260,1,3,36,8,0,4,12
2023-04-03,FAC0263,5,0,21,19,0,4,14
2023-11-09,FAC0247,0,0,5,7,1,2,13
2024-03-19,FAC0055,36,39,197,235,4,5,15
2023-12-18,FAC0218,0,0,8,3,2,9,16
2024-03-11,FAC0196,2,1,14,15,0,8,12
2024-09-01,FAC0279,10,6,36,62,1,4,13
2024-07-22,FAC0093,7,32,149,154,4,4,15
2024-11-17,FAC0143,8,3,51,43,0,6,12
2024-06-01,FAC0132,4,3,14,15,1,3,5
2023-06-22,FAC0133,3,5,45,14,2,4,7
2023-02-19,FAC0171,0,1,12,4,1,5,11
2024-06-07,FAC0128,7,1,28,29,2,6,14
2024-05-03,FAC0245,0,4,38,6,1,2,20
2023-09-10,FAC0110,1,2,19,22,0,5,18
2024-07-16,FAC0163,4,0,26,3,1,8,12
2023-12-05,FAC0157,3,0,11,19,1,5,9
2024-03-07,FAC0034,1,0,7,3,0,6,17
2024-06-21,FAC0232,9,2,62,38,0,1,14
2023-09-20,FAC0240,2,1,10,6,0,6,16
2023-02-27,FAC0299,0,3,16,13,1,9,17
2023-10-15,FAC0107,11,0,34,42,3,3,16
2024-06-10,FAC0222,5,4,30,29,4,3,11
2024-02-28,FAC0092,10,25,112,230,0,4,7
2024-08-15,FAC0015,17,4,78,94,4,8,7
2023-03-25,FAC0050,7,5,42,7,1,8,6
2024-04-03,FAC0235,1,2,21,10,0,8,7
2023-05-12,FAC0003,1,2,18,2,2,6,11
2023-09-25,FAC0237,4,3,26,3,0,2,9
2023-04-29,FAC0230,3,4,12,23,0,3,20
2023-04-04,FAC0204,1,1,2,4,1,8,12
2023-01-24,FAC0179,2,0,26,17,0,10,8
2024-01-25,FAC0159,5,2,34,7,1,3,15
2024-01-04,FAC0298,0,2,6,13,0,1,16
2024-11-29,FAC0202,10,1,33,34,3,7,7
2023-03-13,FAC0206,3,0,21,4,1,5,16
2024-10-17,FAC0281,22,33,401,73,8,3,10
2023-03-01,FAC0132,2,2,14,15,0,7,5
2023-11-17,FAC0066,8,8,271,91,1,6,14
2023-08-26,FAC0070,4,11,144,44,4,2,22
2024-04-29,FAC0094,3,6,35,22,6,4,7
2023-06-06,FAC0211,1,1,6,6,0,8,11
2024-10-15,FAC0129,5,4,36,4,1,6,19
2024-05-28,FAC0150,2,3,15,15,1,2,10
2024-04-06,FAC0199,1,2,9,22,2,1,21
2024-08-05,FAC0129,0,3,20,20,2,5,18
2023-01-13,FAC0020,3,0,6,14,0,5,7
2024-07-29,FAC0167,9,3,46,18,1,3,10
2023-02-21,FAC0071,1,1,8,3,0,4,14
2023-10-01,FAC0198,2,0,9,9,1,7,7
2023-03-24,FAC0220,27,0,180,65,2,1,16
2024-06-25,FAC0239,0,0,4,1,0,7,5
2024-09-28,FAC0084,1,1,13,18,2,4,6
2023-02-11,FAC0112,1,0,9,14,1,3,16
2024-11-11,FAC0187,31,25,136,209,0,9,13
2023-08-18,FAC0049,4,6,56,33,2,9,7
2023-09-23,FAC0212,4,5,41,14,6,7,19
2023-03-12,FAC0190,2,6,60,21,0,8,9
2023-03-08,FAC0068,2,3,19,8,0,8,10
2024-01-11,FAC0280,4,18,299,135,2,2,21
2023-01-02,FAC0127,0,2,36,17,2,7,8
2024-02-22,FAC0096,0,2,27,7,0,5,10
2024-10-31,FAC0218,1,0,8,3,1,6,13
2023-03-20,FAC0215,0,4,19,21,3,6,10
2024-09-23,FAC0248,7,2,47,20,1,11,3
2023-05-31,FAC0011,2,2,13,6,1,6,5
2024-11-27,FAC0267,9,8,75,5,2,5,8
2024-06-26,FAC0072,0,2,49,19,2,11,17
2023-08-03,FAC0165,8,6,186,106,2,1,10
2024-08-10,FAC0137,1,0,8,13,1,3,10
2024-07-21,FAC0094,3,5,18,39,6,2,10
2023-11-24,FAC0175,3,0,14,24,3,3,7
2023-07-05,FAC0161,1,1,5,6,1,3,12
2024-02-16,FAC0249,3,0,16,14,1,2,19
2023-06-01,FAC0010,1,1,4,9,0,5,8
2023-05-19,FAC0029,1,1,16,3,1,5,11
2024-04-03,FAC0225,1,3,12,18,2,4,12
2024-11-13,FAC0288,0,2,16,7,0,4,10
2023-02-28,FAC0188,10,3,274,34,1,1,17
2024-07-02,FAC0107,5,5,70,6,0,6,17
2024-06-03,FAC0043,5,5,27,22,0,6,11
2023-10-10,FAC0246,6,7,46,13,1,4,15
2023-03-13,FAC0026,1,0,7,6,0,4,12
2024-05-16,FAC0185,10,17,115,139,7,12,12
2024-10-05,FAC0111,2,3,28,8,0,4,14
2024-07-06,FAC0271,3,0,17,4,1,6,15
2024-08-09,FAC0189,1,1,11,3,1,3,18
2024-06-19,FAC0045,1,0,15,22,1,8,11
2023-02-03,FAC0297,3,2,10,11,0,4,6
2023-07-25,FAC0195,1,1,5,9,0,6,7
2023-01-20,FAC0159,4,4,13,28,1,6,14
2023-07-29,FAC0061,5,3,40,4,0,9,15
2023-10-28,FAC0216,0,0,8,3,0,6,14
2024-10-25,FAC0241,0,0,6,9,1,6,16
2024-08-13,FAC0198,1,1,14,4,1,4,11
2023-07-04,FAC0012,0,1,3,7,0,6,18
2024-02-11,FAC0108,3,3,26,8,2,3,10
2024-09-04,FAC0037,20,5,131,40,2,9,20
2024-08-17,FAC0019,0,1,27,4,1,6,10
2024-06-20,FAC0057,1,0,6,5,1,4,11
2023-11-26,FAC0001,2,1,20,4,1,4,7
2023-10-12,FAC0015,12,5,65,107,5,8,10
2024-04-25,FAC0173,2,2,12,10,1,5,9
2023-07-06,FAC0116,6,7,143,35,0,6,11
2024-01-14,FAC0158,63,5,363,84,4,2,3
2023-04-09,FAC0201,4,2,32,33,0,5,10
2023-04-26,FAC0256,1,0,13,15,1,7,11
2024-01-09,FAC0239,1,1,2,3,0,6,4
2024-11-10,FAC0044,3,3,25,11,2,3,15
2023-01-20,FAC0132,4,2,13,16,1,6,7
2024-04-04,FAC0053,1,0,13,2,1,2,14
2023-01-19,FAC0110,0,1,30,11,1,5,13
2024-05-16,FAC0204,0,1,3,3,0,8,14
2024-03-28,FAC0171,1,0,11,5,1,3,10
2024-02-24,FAC0236,2,3,11,17,1,1,18
2024-04-02,FAC0225,4,0,9,21,0,5,9
2024-04-23,FAC0123,1,3,21,20,0,2,6
2023-07-03,FAC0043,4,1,20,29,1,6,16
2023-06-23,FAC0298,0,2,17,2,1,1,17
2024-06-24,FAC0162,7,0,52,8,1,5,13
2024-03-19,FAC0059,1,4,21,15,0,5,8
2024-12-28,FAC0187,14,10,270,75,3,7,13
2023-12-11,FAC0079,2,1,10,7,1,5,18
2024-11-07,FAC0092,8,29,323,19,5,3,9
2023-03-31,FAC0038,9,7,50,14,1,9,13
2023-07-09,FAC0222,6,3,38,21,0,4,12
2024-11-11,FAC0031,16,27,224,167,0,3,13
2023-01-10,FAC0039,3,1,21,9,0,4,9
2023-05-29,FAC0171,1,1,14,2,1,2,9
2023-12-13,FAC0157,3,1,27,3,0,8,8
2024-07-18,FAC0126,2,4,11,26,0,3,24
2023-01-09,FAC0049,2,5,57,32,0,6,10
2023-08-11,FAC0056,3,1,20,8,1,4,13
2024-07-10,FAC0298,0,1,14,5,0,2,11
2024-10-26,FAC0075,1,0,4,8,1,9,12
2024-11-30,FAC0176,1,0,9,16,1,7,12
2023-06-12,FAC0093,7,5,133,170,3,8,16
2023-01-20,FAC0217,10,6,30,65,1,8,13
2023-07-14,FAC0127,0,5,24,29,2,4,8
2023-12-16,FAC0187,43,7,214,131,1,11,13
2024-04-26,FAC0139,7,4,31,40,3,2,17
2024-05-06,FAC0270,3,2,33,16,0,5,17
2023-11-12,FAC0052,1,1,5,10,0,8,24
2024-12-31,FAC0176,3,3,19,6,0,6,8
2024-08-14,FAC0179,5,3,38,5,2,10,7
2023-03-10,FAC0163,1,1,16,13,0,9,17
2024-07-19,FAC0039,0,1,12,18,1,2,11
2023-07-23,FAC0136,3,0,18,17,1,3,10
2024-04-19,FAC0198,2,1,12,6,0,6,12
2023-03-22,FAC0134,0,1,18,5,1,3,12
2023-06-08,FAC0200,3,1,20,9,1,8,13
2023-03-29,FAC0276,0,1,17,16,1,6,8
2023-06-17,FAC0120,12,8,103,11,5,2,7
2023-09-08,FAC0171,2,1,13,3,1,2,12
2023-12-05,FAC0288,1,0,14,9,0,6,8
2024-07-09,FAC0146,0,1,7,2,0,2,8
2024-09-12,FAC0288,2,0,8,15,0,7,13
2023-10-28,FAC0083,3,2,11,10,1,8,12
2024-01-10,FAC0152,40,14,121,154,0,10,15
2023-06-28,FAC0080,2,0,7,7,0,6,9
2024-10-25,FAC0255,2,0,23,14,1,6,13
2023-02-12,FAC0160,2,3,32,4,0,2,5
2024-05-01,FAC0078,0,2,26,2,0,5,9
2024-03-27,FAC0013,1,1,11,10,0,2,14
2023-11-17,FAC0222,0,5,53,6,3,7,16
2023-07-25,FAC0282,0,1,28,7,0,1,12
2023-12-07,FAC0300,0,2,14,10,1,2,13
2023-12-31,FAC0118,3,4,28,10,1,4,17
2023-02-03,FAC0281,0,52,230,244,0,2,12
2023-04-07,FAC0204,0,1,5,1,1,7,23
2023-10-02,FAC0121,2,0,13,32,0,3,6
2023-03-14,FAC0017,25,10,261,154,1,4,16
2024-11-30,FAC0065,1,6,66,19,2,5,11
2024-01-17,FAC0259,1,1,13,6,1,3,18
2023-02-24,FAC0172,3,3,36,7,1,4,13
2023-06-12,FAC0277,0,1,5,9,1,6,23
2023-05-02,FAC0134,2,0,15,8,0,3,12
2024-03-15,FAC0020,2,0,14,6,0,4,6
2023-12-01,FAC0018,1,1,3,8,0,8,11
2023-08-27,FAC0057,1,1,6,5,2,7,10
2024-04-07,FAC0188,14,34,253,55,2,1,20
2024-07-20,FAC0129,6,4,23,17,0,5,10
2024-09-22,FAC0006,20,2,76,168,7,8,11
2023-08-28,FAC0069,0,1,12,2,1,3,6
2023-09-07,FAC0066,11,4,232,130,1,7,14
2023-12-23,FAC0207,2,0,22,13,0,8,6
2024-01-17,FAC0265,4,3,26,3,1,5,5
2023-09-08,FAC0217,14,10,54,41,1,7,11
2024-09-02,FAC0290,1,1,20,9,1,9,14
2024-09-03,FAC0280,52,26,390,44,2,3,19
2023-07-14,FAC0194,7,4,28,19,1,7,16
2023-04-07,FAC0278,7,3,109,48,6,3,10
2023-07-21,FAC0208,2,0,28,11,1,3,19
2023-04-23,FAC0246,5,2,47,12,1,4,15
2023-01-27,FAC0281,28,1,193,281,0,5,11
2023-06-06,FAC0291,5,2,34,4,1,5,19
2023-11-07,FAC0161,1,0,5,6,0,5,10
2024-04-24,FAC0171,2,1,4,12,0,4,13
2023-12-09,FAC0083,0,1,15,6,0,7,8
2024-01-22,FAC0177,4,4,20,18,4,3,9
2024-02-14,FAC0183,2,1,23,5,0,3,13
2024-05-14,FAC0283,1,3,33,6,2,5,14
2023-07-24,FAC0300,3,0,10,14,1,2,9
2023-11-29,FAC0001,0,1,19,5,1,5,6
2023-05-18,FAC0198,1,1,10,8,1,6,8
2024-10-23,FAC0231,1,1,8,3,1,2,9
2024-04-24,FAC0216,0,0,10,1,1,7,15
2023-10-14,FAC0191,0,3,20,29,1,3,11
2024-07-21,FAC0092,25,29,304,38,3,7,8
2023-05-13,FAC0033,8,3,27,35,0,4,11
2024-06-04,FAC0096,0,1,30,4,0,5,11
2024-06-19,FAC0238,11,7,68,9,1,6,12
2023-03-06,FAC0259,0,1,9,10,2,5,13
2024-02-06,FAC0082,1,0,20,3,1,5,16
2023-03-28,FAC0049,3,5,83,6,2,5,7
2024-02-17,FAC0052,1,0,14,1,0,11,24
2024-10-03,FAC0217,14,8,48,47,1,4,11
2023-02-05,FAC0231,0,0,10,1,1,2,11
2023-04-01,FAC0184,0,0,24,12,1,5,10
2024-10-24,FAC0054,63,19,238,250,8,6,21
2023-02-11,FAC0095,1,3,32,8,0,3,15
2023-02-16,FAC0145,1,4,27,7,2,6,9
2023-06-22,FAC0171,1,1,8,8,1,2,14
2024-05-31,FAC0062,2,0,11,11,1,5,11
2024-06-20,FAC0187,44,7,321,24,2,7,7
2023-12-12,FAC0080,1,1,10,4,1,5,12
2023-03-09,FAC0255,5,0,25,12,0,6,12
2024-09-28,FAC0072,2,3,37,31,2,11,17
2023-01-10,FAC0033,5,6,20,42,0,5,16
2023-10-28,FAC0300,0,2,14,10,0,3,14
2023-10-15,FAC0177,4,1,12,26,4,4,9
2024-01-03,FAC0006,24,4,88,156,3,6,16
2024-03-17,FAC0102,0,0,6,7,1,3,21
2023-04-28,FAC0099,5,2,29,30,1,6,4
2023-11-13,FAC0044,1,4,19,17,2,7,23
2023-07-20,FAC0210,7,6,17,33,0,2,7
2024-06-05,FAC0085,1,1,6,2,0,3,5
2023-08-16,FAC0231,0,0,3,8,1,1,13
2024-08-29,FAC0069,1,1,10,4,0,3,7
2023-10-02,FAC0138,1,1,3,6,1,5,19
2023-02-26,FAC0197,1,3,15,23,1,4,7
2023-12-24,FAC0176,2,0,9,16,0,6,8
2023-07-02,FAC0196,0,0,24,5,0,6,17
2023-01-07,FAC0194,0,4,43,4,1,5,19
2023-03-04,FAC0023,0,9,63,36,1,7,6
2023-11-01,FAC0191,0,5,28,21,1,6,8
2024-03-10,FAC0115,6,5,21,38,0,6,9
2024-02-05,FAC0226,3,3,26,19,0,4,8
2024-09-28,FAC0243,38,24,113,180,0,5,16
2023-07-15,FAC0288,2,0,9,14,1,4,7
2024-09-07,FAC0127,6,5,22,31,0,4,12
2023-05-20,FAC0187,50,7,281,64,2,8,14
2023-07-22,FAC0081,2,2,13,25,1,4,7
2023-09-15,FAC0087,1,0,10,7,1,6,9
2023-02-27,FAC0204,0,1,2,4,0,4,20
2023-03-29,FAC0014,0,3,26,18,1,4,11
2024-03-02,FAC0237,0,3,25,4,1,4,7
2024-06-09,FAC0096,5,4,15,19,1,4,12
2023-11-26,FAC0169,6,7,69,18,3,2,14
2024-11-11,FAC0155,7,6,24,39,0,3,14
2023-01-23,FAC0218,1,1,5,6,0,5,15
2023-12-01,FAC0104,2,4,21,21,0,8,5
2023-05-29,FAC0225,4,1,22,8,2,5,15
2023-11-27,FAC0214,2,0,6,13,0,6,11
2023-10-16,FAC0106,3,3,32,8,0,3,7
2023-05-22,FAC0056,2,3,11,17,0,8,10
2024-06-25,FAC0253,1,1,25,11,2,3,8
2023-01-04,FAC0020,0,0,10,10,1,3,8
2023-11-09,FAC0200,0,0,23,6,2,6,11
2024-03-26,FAC0018,0,1,3,8,0,7,9
2024-01-03,FAC0085,1,1,3,5,1,2,11
2024-09-22,FAC0096,2,3,11,23,0,3,7
2023-07-14,FAC0290,1,0,26,3,0,8,12
2024-02-14,FAC0101,5,2,28,15,0,3,13
2024-07-02,FAC0287,2,4,32,4,3,2,9
2024-04-28,FAC0063,2,1,24,8,2,6,14
2024-08-19,FAC0105,4,0,16,14,2,5,26
2024-03-17,FAC0114,3,2,29,7,2,3,18
2023-02-18,FAC0054,43,42,442,46,8,4,21
2024-08-16,FAC0292,2,0,15,8,1,3,15
2024-04-18,FAC0048,2,2,34,7,1,9,17
2023-10-10,FAC0052,0,1,7,8,1,14,14
2023-12-14,FAC0235,4,1,21,10,1,6,10
2024-01-22,FAC0110,6,2,23,18,0,10,15
2023-07-29,FAC0281,65,25,270,204,4,3,14
2024-11-08,FAC0208,3,1,13,26,2,4,15
2023-03-01,FAC0141,2,3,27,22,1,4,12
2024-05-17,FAC0035,3,1,15,7,1,4,10
2023-08-23,FAC0075,0,1,11,1,0,6,17
2023-10-16,FAC0203,1,0,61,37,0,10,13
2024-12-26,FAC0153,0,3,12,24,0,1,11
2023-02-10,FAC0299,4,3,22,7,1,7,8
2023-09-23,FAC0218,1,1,7,4,1,8,14
2024-09-16,FAC0283,0,3,25,14,0,8,10
2024-03-07,FAC0168,13,2,41,61,0,5,19
2023-10-21,FAC0013,0,1,11,10,1,5,17
2024-04-20,FAC0168,4,2,87,15,1,3,14
2024-08-21,FAC0285,21,26,235,135,0,3,15
2023-04-19,FAC0033,0,0,40,22,1,5,16
2023-11-07,FAC0086,12,5,193,122,4,1,9
2023-07-05,FAC0170,7,4,144,92,0,5,12
2023-06-07,FAC0149,0,0,9,3,1,6,13
2024-01-29,FAC0298,0,2,9,10,1,1,12
2023-10-15,FAC0106,2,0,20,20,1,6,9
2023-02-09,FAC0025,2,0,14,12,1,3,13
2023-04-26,FAC0058,1,1,8,7,0,2,8
2023-01-07,FAC0142,25,23,133,226,4,3,9
2023-04-29,FAC0165,32,7,172,120,0,1,11
2023-09-16,FAC0228,1,1,10,14,1,5,20
2024-05-11,FAC0053,0,1,12,3,1,2,13
2024-07-18,FAC0105,1,0,12,18,2,4,32
2023-11-15,FAC0009,2,0,23,7,1,5,11
2023-09-29,FAC0208,5,4,14,25,0,4,16
2024-05-14,FAC0267,3,6,66,14,1,4,12
2023-06-18,FAC0265,2,3,18,11,1,6,6
2023-07-20,FAC0255,5,1,28,9,1,5,15
2023-07-12,FAC0136,2,0,10,25,0,4,16
2024-02-21,FAC0170,0,17,113,123,0,5,13
2023-03-16,FAC0265,3,2,8,21,0,6,10
2023-11-08,FAC0174,1,2,67,85,1,1,6
2023-05-03,FAC0042,0,0,20,2,0,3,15
2023-06-06,FAC0200,2,3,13,16,0,7,11
2023-01-11,FAC0230,3,3,18,17,1,2,11
2024-11-20,FAC0128,7,0,37,20,3,12,7
2023-10-19,FAC0217,9,5,66,29,1,5,13
2024-07-24,FAC0293,3,2,14,10,0,8,17
2023-06-22,FAC0134,1,1,9,14,1,3,8
2024-05-13,FAC0174,9,2,138,14,2,1,9
2023-02-03,FAC0110,0,1,38,3,0,7,12
2024-01-23,FAC0151,1,4,37,29,2,1,6
2023-08-26,FAC0072,3,4,50,18,2,14,18
2024-06-01,FAC0165,43,4,242,50,2,1,16
2023-08-14,FAC0226,4,2,22,23,1,4,12
2023-09-17,FAC0109,3,0,18,6,1,5,5
2023-01-29,FAC0034,1,0,6,4,1,4,8
2024-11-19,FAC0072,7,3,23,45,1,13,9
2024-04-10,FAC0113,1,0,4,9,2,8,10
2024-07-21,FAC0242,1,0,9,6,1,5,14
2024-06-03,FAC0219,2,0,6,8,0,2,20
2023-01-10,FAC0243,14,12,88,205,2,7,15
2023-08-07,FAC0180,13,14,65,113,1,4,17
2023-03-15,FAC0239,1,0,2,3,1,3,5
2024-11-09,FAC0152,16,30,104,171,4,8,15
2024-07-16,FAC0127,1,4,41,12,2,7,12
2024-03-30,FAC0179,5,0,33,10,2,7,9
2024-01-27,FAC0003,2,2,16,4,0,5,8
2024-04-11,FAC0271,2,1,12,9,1,5,14
2023-01-07,FAC0195,1,0,6,8,1,3,7
2024-04-29,FAC0128,2,5,29,28,4,12,10
2024-06-30,FAC0267,1,6,27,53,2,4,13
2023-10-16,FAC0059,0,1,25,11,2,3,12
2024-07-11,FAC0116,4,6,92,86,3,11,8
2023-01-18,FAC0102,1,1,9,4,1,3,21
2023-08-06,FAC0203,10,7,88,10,3,6,11
2024-10-12,FAC0114,2,0,20,16,2,4,11
2024-03-30,FAC0085,0,1,6,2,1,5,7
2024-08-07,FAC0246,0,3,35,24,0,3,11
2024-08-26,FAC0245,0,3,16,28,0,2,12
2024-11-21,FAC0188,28,17,197,111,3,1,19
2023-10-04,FAC0149,0,0,7,5,1,4,14
2023-08-11,FAC0226,4,2,40,5,0,3,7
2023-02-17,FAC0021,2,2,17,2,0,7,12
2023-02-19,FAC0061,5,4,32,12,2,8,16
2024-02-07,FAC0044,4,0,14,22,0,6,23
2024-11-07,FAC0050,2,4,21,28,2,6,5
2023-06-20,FAC0228,2,1,18,6,0,6,18
2023-05-30,FAC0056,1,0,19,9,0,4,9
2023-11-26,FAC0005,0,1,9,7,1,7,13
2024-06-07,FAC0228,1,0,13,11,1,9,12
2023-02-18,FAC0193,0,2,17,7,1,9,6
2024-07-25,FAC0037,17,13,116,55,3,8,20
2024-07-25,FAC0226,4,5,41,4,1,4,8
2023-07-29,FAC0214,2,0,9,10,2,6,7
2024-06-22,FAC0078,0,2,8,20,2,3,11
2024-03-14,FAC0250,1,2,16,5,2,6,10
2024-07-18,FAC0059,2,0,32,4,0,3,8
2024-01-04,FAC0145,2,1,24,10,2,9,9
2024-02-01,FAC0161,0,1,6,5,1,3,12
2024-11-25,FAC0242,1,1,10,5,1,4,13
2023-02-14,FAC0172,0,5,29,14,0,3,9
2024-04-26,FAC0014,3,5,28,16,0,2,20
2023-11-19,FAC0299,1,3,20,9,2,9,17
2024-02-27,FAC0277,0,1,8,6,1,3,18
2024-10-13,FAC0073,0,0,4,4,0,5,12
2023-07-06,FAC0079,1,1,5,12,0,5,25
2023-06-18,FAC0067,3,0,13,14,2,6,14
2023-09-19,FAC0229,0,2,8,15,0,4,13
2024-01-08,FAC0124,12,23,215,45,8,4,23
2024-02-21,FAC0237,0,3,24,5,1,2,10
2023-07-09,FAC0293,2,0,22,2,1,9,26
2023-09-13,FAC0287,5,0,16,20,1,1,8
2023-11-02,FAC0260,5,3,22,22,0,4,12
2024-10-08,FAC0182,3,3,11,14,0,3,11
2023-03-08,FAC0034,0,1,5,5,1,4,12
2024-03-20,FAC0090,1,2,11,19,0,7,12
2024-08-05,FAC0130,3,1,14,10,1,8,11
2023-07-07,FAC0096,0,3,21,13,0,4,8
2024-07-12,FAC0153,1,1,23,13,3,3,7
2024-03-02,FAC0141,3,3,19,30,0,7,14
2023-05-28,FAC0244,0,0,10,1,0,4,17
2023-01-13,FAC0065,4,0,48,37,2,7,17
2023-02-25,FAC0172,2,4,35,8,0,2,12
2024-02-26,FAC0186,2,1,13,3,1,6,12
2023-09-17,FAC0225,1,3,13,17,2,3,9
2023-03-20,FAC0259,2,0,10,9,0,7,13
2023-08-16,FAC0093,8,3,274,29,2,8,16
2023-02-16,FAC0142,31,0,137,222,8,2,16
2024-11-05,FAC0218,0,0,7,4,1,8,19
2023-09-29,FAC0160,0,4,30,6,1,2,8
2024-05-16,FAC0291,0,0,24,14,0,4,19
2023-01-08,FAC0139,9,6,62,9,2,3,19
2023-03-04,FAC0141,3,1,17,32,2,6,9
2024-12-05,FAC0283,4,3,23,16,1,8,13
2023-02-19,FAC0130,1,0,10,14,0,8,16
2024-02-07,FAC0206,1,1,19,6,0,8,12
2024-03-29,FAC0230,2,4,25,10,0,3,20
2024-09-13,FAC0141,5,4,42,7,1,5,15
2024-10-11,FAC0272,2,1,9,13,0,5,11
2024-05-30,FAC0171,1,0,12,4,0,4,13
2024-05-24,FAC0258,4,3,44,12,1,7,17
2023-05-03,FAC0265,3,2,9,20,1,4,10
2024-07-31,FAC0049,13,3,70,19,1,9,11
2023-11-06,FAC0123,3,2,12,29,1,3,5
2023-05-23,FAC0270,1,0,33,16,1,3,19
2024-12-16,FAC0058,1,1,10,5,1,4,10
2023-07-18,FAC0230,2,0,31,4,1,5,15
2024-06-22,FAC0096,4,2,20,14,1,3,7
2024-08-30,FAC0025,2,3,16,10,1,3,14
2024-08-21,FAC0076,3,4,13,24,0,7,8
2023-08-31,FAC0117,0,1,16,2,1,3,10
2023-01-16,FAC0172,4,0,23,20,1,2,14
2023-04-23,FAC0269,3,0,22,2,1,7,13
2023-12-30,FAC0300,1,1,15,9,1,4,14
2023-01-07,FAC0263,3,2,18,22,2,7,16
2024-04-21,FAC0298,2,1,15,4,1,1,15
2024-03-09,FAC0270,0,2,31,18,1,3,12
2023-10-01,FAC0032,1,0,5,8,1,6,7
2024-01-27,FAC0239,0,1,3,2,1,6,8
2023-02-23,FAC0001,2,2,10,14,0,5,10
2023-11-15,FAC0185,28,11,81,173,6,11,10
2023-01-27,FAC0147,6,0,22,19,4,6,15
2024-09-24,FAC0189,2,1,12,2,1,5,15
2023-06-04,FAC0079,0,1,12,5,0,9,14
2024-10-14,FAC0067,0,1,15,12,1,5,15
2024-07-07,FAC0111,0,4,29,7,1,4,13
2023-02-06,FAC0095,6,0,26,14,0,3,16
2024-07-11,FAC0051,18,18,402,78,3,10,13
2024-05-22,FAC0090,1,0,26,4,1,5,14
2023-03-06,FAC0047,1,0,4,2,0,6,15
2023-03-13,FAC0127,1,4,25,28,2,8,8
2024-04-02,FAC0063,3,2,19,13,2,5,9
2023-11-02,FAC0285,19,14,297,73,1,6,11
2023-10-10,FAC0207,0,1,19,16,1,6,7
2024-12-15,FAC0205,12,9,31,51,3,6,14
2024-01-18,FAC0033,1,7,53,9,1,5,12
2024-01-15,FAC0183,3,0,17,11,2,1,12
2024-12-08,FAC0093,36,3,119,184,3,4,11
2024-09-08,FAC0299,4,3,18,11,1,9,12
2024-04-02,FAC0145,3,4,25,9,2,11,11
2023-03-31,FAC0209,1,2,23,2,0,3,13
2024-10-18,FAC0175,4,3,31,7,1,2,13
2024-12-26,FAC0204,0,0,2,4,1,5,24
2024-08-11,FAC0012,1,1,5,5,0,4,19
2024-06-11,FAC0113,0,0,6,7,0,9,14
2024-02-27,FAC0079,1,1,14,3,0,8,23
2023-12-24,FAC0211,0,1,7,5,1,5,11
2024-07-26,FAC0006,4,23,123,121,8,4,9
2024-09-13,FAC0256,0,3,24,4,0,5,13
2023-03-11,FAC0240,0,0,8,8,1,4,13
2024-10-23,FAC0122,0,1,10,5,0,2,16
2023-01-25,FAC0083,1,1,9,12,0,6,12
2024-09-18,FAC0008,3,1,11,13,0,2,11
2024-07-18,FAC0077,1,1,7,3,0,8,18
2024-02-07,FAC0099,1,5,55,4,2,5,6
2023-12-26,FAC0300,2,1,12,12,1,4,11
2023-09-29,FAC0037,0,8,142,29,1,6,17
2023-10-09,FAC0016,2,2,5,13,1,4,14
2024-06-24,FAC0268,4,1,37,6,1,1,12
2024-07-16,FAC0174,21,14,115,37,4,1,10
2023-07-04,FAC0267,9,4,30,50,2,5,12
2024-11-20,FAC0087,0,1,9,8,0,4,15
2023-02-15,FAC0054,13,45,161,327,9,3,18
2024-01-10,FAC0223,2,3,28,4,2,6,9
2023-09-22,FAC0300,3,1,20,4,1,4,16
2023-10-10,FAC0031,28,40,249,142,1,3,9
2024-07-19,FAC0274,5,0,81,11,0,5,10
2023-12-16,FAC0085,0,1,4,4,0,2,6
2024-02-25,FAC0180,10,9,167,11,2,4,16
2024-01-07,FAC0071,0,0,9,2,1,6,11
2024-06-08,FAC0150,3,2,27,3,1,1,12
2024-07-11,FAC0093,41,3,169,134,2,6,14
2023-02-04,FAC0084,0,3,23,8,0,4,9
2024-10-04,FAC0293,1,0,13,11,1,5,28
2023-05-20,FAC0247,0,0,7,5,0,3,14
2023-05-23,FAC0046,1,0,10,5,2,4,8
2023-08-20,FAC0101,2,3,16,27,4,4,7
2024-08-05,FAC0289,1,2,39,7,0,3,16
2023-11-20,FAC0259,1,0,16,3,2,4,14
2024-11-28,FAC0117,0,1,14,4,1,6,18
2023-06-07,FAC0069,2,1,9,5,1,5,13
2024-02-01,FAC0078,0,2,23,5,2,2,10
2024-02-02,FAC0019,2,2,10,21,1,10,15
2023-01-23,FAC0203,11,11,69,29,3,5,12
2023-02-10,FAC0221,16,24,130,190,4,5,10
2023-09-19,FAC0030,0,0,9,5,0,4,6
2023-04-19,FAC0188,21,7,200,108,5,1,11
2024-03-06,FAC0191,0,5,35,14,0,5,13
2023-12-14,FAC0247,1,0,6,6,0,4,10
2023-08-27,FAC0191,5,4,42,7,0,3,13
2023-10-06,FAC0010,0,1,6,7,1,2,12
2024-08-04,FAC0272,0,0,14,8,1,5,16
2023-05-18,FAC0082,2,2,10,13,0,6,15
2024-12-04,FAC0145,4,1,11,23,2,9,8
2024-04-13,FAC0039,2,1,18,12,0,4,17
2023-06-10,FAC0183,4,1,21,7,0,3,14
2023-08-19,FAC0219,2,1,10,4,1,3,22
2024-01-08,FAC0184,3,4,28,8,2,6,17
2023-07-26,FAC0042,2,2,9,13,0,2,12
2023-11-19,FAC0047,1,1,3,3,1,5,14
2023-07-19,FAC0228,0,2,11,13,1,5,16
2023-01-16,FAC0096,3,4,12,22,0,3,7
2023-08-27,FAC0013,2,0,16,5,1,2,13
2023-06-14,FAC0296,55,46,266,133,2,6,11
2023-04-24,FAC0001,3,1,22,2,0,4,8
2023-09-22,FAC0106,6,0,17,23,1,7,9
2024-09-26,FAC0158,38,1,334,113,5,2,6
2024-10-19,FAC0121,3,5,38,7,0,3,6
2024-06-09,FAC0126,1,2,32,5,0,5,23
2023-08-15,FAC0252,5,5,53,43,1,8,12
2023-04-30,FAC0075,0,0,8,4,1,8,18
2023-02-12,FAC0079,0,0,14,3,0,8,23
2023-07-30,FAC0254,1,1,9,7,0,6,6
2024-09-25,FAC0075,0,1,7,5,0,7,10
2023-04-20,FAC0187,48,13,217,128,3,10,15
2023-10-22,FAC0078,2,1,17,11,0,4,10
2024-07-24,FAC0277,2,1,10,4,0,5,15
2023-09-27,FAC0210,3,3,42,8,1,3,12
2023-09-07,FAC0185,19,22,206,48,0,7,15
2024-06-09,FAC0265,2,3,20,9,0,3,9
2024-01-27,FAC0240,0,0,13,3,0,5,9
2023-12-11,FAC0074,0,1,6,2,0,4,10
2023-12-03,FAC0280,53,47,198,236,0,2,17
2024-03-28,FAC0282,4,3,14,21,0,3,19
2024-09-14,FAC0223,2,1,11,21,0,5,13
2024-03-25,FAC0187,16,9,289,56,4,9,14
2024-03-05,FAC0166,2,2,12,5,1,6,9
2024-11-30,FAC0133,5,6,55,4,3,2,9
2023-12-20,FAC0170,7,12,97,139,4,7,13
2023-05-01,FAC0203,14,6,36,62,2,5,15
2024-12-22,FAC0247,0,1,10,2,1,3,13
2023-05-25,FAC0211,0,1,5,7,1,6,12
2023-07-21,FAC0109,2,1,14,10,1,4,5
2024-04-24,FAC0018,0,1,8,3,1,5,18
2023-03-13,FAC0245,0,0,16,28,2,1,22
2023-09-29,FAC0143,9,3,72,22,1,8,13
2024-09-25,FAC0044,0,1,31,5,0,3,15
2024-04-22,FAC0297,2,0,18,3,0,7,9
2024-05-20,FAC0157,0,1,16,14,0,5,10
2023-06-20,FAC0036,2,0,6,10,0,3,8
2023-03-15,FAC0255,0,0,13,24,1,7,13
2023-08-27,FAC0136,5,1,11,24,0,6,16
2023-09-16,FAC0114,2,4,21,15,2,5,10
2023-08-13,FAC0132,3,0,21,8,1,4,9
2024-02-18,FAC0219,1,0,7,7,1,3,16
2024-07-22,FAC0049,13,1,48,41,1,8,9
2023-07-18,FAC0052,1,0,11,4,0,14,25
2024-06-18,FAC0120,5,2,91,23,6,4,10
2023-06-17,FAC0276,1,2,15,18,1,3,7
2024-08-26,FAC0165,35,22,173,119,2,1,16
2023-10-12,FAC0176,0,3,17,8,1,6,11
2023-05-06,FAC0005,1,1,10,6,1,7,8
2023-07-28,FAC0139,9,6,21,50,2,4,17
2023-12-09,FAC0168,9,9,40,62,2,4,10
2024-01-04,FAC0247,1,1,9,3,0,4,12
2024-08-21,FAC0151,8,3,48,18,1,1,12
2024-09-08,FAC0077,0,0,7,3,0,10,11
2023-03-07,FAC0133,3,4,40,19,2,3,9
2024-05-23,FAC0118,2,2,23,15,1,4,12
2024-03-24,FAC0202,4,6,39,28,1,4,9
2024-01-30,FAC0116,24,15,86,92,0,10,12
2023-09-17,FAC0020,2,1,14,6,1,5,7
2023-04-30,FAC0017,22,9,268,147,5,2,22
2024-02-22,FAC0179,5,2,33,10,1,7,13
2023-05-28,FAC0160,0,1,17,19,1,2,8
2024-04-18,FAC0184,4,0,13,23,0,4,17
2023-04-04,FAC0047,1,1,4,2,0,5,12
2024-09-09,FAC0271,0,1,10,11,0,6,18
2024-09-09,FAC0197,2,1,33,5,1,9,7
2023-11-05,FAC0121,6,0,37,8,1,2,12
2024-01-18,FAC0089,7,1,48,13,2,3,8
2023-07-04,FAC0217,5,9,74,21,1,8,18
2024-02-05,FAC0107,7,9,65,11,3,5,16
2023-08-26,FAC0097,5,2,60,26,2,7,12
2023-05-17,FAC0279,13,5,87,11,0,2,11
2023-05-17,FAC0034,1,0,3,7,0,6,9
2024-07-29,FAC0001,0,1,10,14,1,5,6
2024-10-15,FAC0035,1,0,16,6,1,4,8
2023-06-15,FAC0164,2,1,5,9,1,5,17
2024-11-20,FAC0241,1,0,6,9,1,5,13
2024-11-25,FAC0263,6,4,22,18,0,3,15
2024-07-12,FAC0127,2,0,17,36,0,6,7
2024-06-21,FAC0192,20,22,119,191,10,8,16
2023-04-24,FAC0209,1,2,13,12,1,5,15
2024-02-21,FAC0094,2,1,44,13,1,5,12
2023-11-23,FAC0044,0,2,18,18,1,4,19
2023-08-29,FAC0011,1,1,17,2,0,3,8
2024-01-18,FAC0132,4,0,23,6,0,7,6
2024-09-08,FAC0097,7,6,52,34,3,9,14
2024-12-20,FAC0140,1,2,25,7,0,7,15
2023-02-03,FAC0281,70,1,180,294,6,4,9
2024-09-11,FAC0224,1,0,6,6,2,4,14
2024-12-11,FAC0201,9,0,56,9,1,3,11
2023-01-02,FAC0051,12,24,274,206,1,6,8
2024-03-10,FAC0152,6,15,104,171,1,6,8
2024-02-28,FAC0275,2,1,19,10,0,7,11
2024-06-07,FAC0266,1,10,41,55,1,8,11
2024-04-11,FAC0151,4,0,57,9,2,1,11
2023-12-31,FAC0114,0,4,20,16,3,5,15
2024-04-23,FAC0134,2,0,7,16,0,3,8
2023-08-30,FAC0225,3,2,15,15,2,6,11
2023-10-31,FAC0124,27,6,82,178,8,3,14
2023-05-29,FAC0084,4,0,22,9,1,4,8
2024-12-28,FAC0005,1,1,7,9,1,5,9
2023-10-14,FAC0005,2,0,12,4,0,10,8
2024-12-15,FAC0153,3,2,30,6,4,2,8
2023-03-19,FAC0186,2,1,8,8,1,4,9
2024-07-09,FAC0296,44,42,193,206,2,5,19
2024-05-25,FAC0227,9,29,201,251,1,4,13
2023-10-27,FAC0026,0,1,9,4,0,5,7
2024-01-25,FAC0022,1,1,13,5,0,4,13
2024-02-20,FAC0055,21,49,270,162,4,10,13
2024-12-21,FAC0094,0,1,37,20,7,2,11
2024-06-02,FAC0267,1,2,62,18,0,5,10
2023-10-09,FAC0064,3,4,57,19,4,6,10
2023-02-03,FAC0051,17,23,249,231,0,10,13
2023-03-26,FAC0009,0,1,24,6,2,5,18
2023-11-01,FAC0193,1,1,9,15,1,9,7
2023-06-02,FAC0075,1,1,10,2,1,11,19
2023-06-16,FAC0060,17,13,106,22,2,8,14
2023-08-18,FAC0004,2,2,9,15,1,5,19
2024-07-31,FAC0055,33,1,201,231,2,9,10
2024-12-01,FAC0049,5,5,80,9,1,6,12
2023-02-01,FAC0102,1,1,4,9,0,2,15
2023-05-23,FAC0246,3,7,36,23,0,2,10
2023-12-20,FAC0128,2,1,52,5,1,6,8
2023-08-19,FAC0182,3,2,15,10,0,5,13
2024-03-15,FAC0290,4,1,19,10,1,6,15
2024-02-27,FAC0066,37,17,297,65,1,6,16
2023-06-04,FAC0213,4,3,23,4,0,8,17
2023-07-16,FAC0118,4,1,26,12,1,4,15
2023-04-17,FAC0156,9,12,70,30,3,7,8
2024-06-22,FAC0107,1,1,44,32,0,4,15
2024-11-20,FAC0117,2,1,10,8,0,5,17
2024-06-09,FAC0107,9,1,68,8,3,4,17
2023-02-17,FAC0065,1,0,49,36,0,7,16
2024-05-15,FAC0006,32,25,115,129,2,8,8
2023-04-16,FAC0175,3,4,32,6,3,4,12
2024-10-03,FAC0194,4,2,32,15,0,7,19
2024-10-03,FAC0074,0,0,3,5,0,4,10
2023-10-29,FAC0203,14,9,39,59,0,6,14
2023-10-25,FAC0264,2,2,63,10,1,3,13
2023-05-28,FAC0262,0,0,7,15,0,3,14
2024-11-03,FAC0120,0,5,98,16,1,2,5
2024-05-13,FAC0215,1,0,14,26,0,5,15
2024-08-27,FAC0020,0,1,18,2,0,4,7
2024-04-10,FAC0133,0,6,26,33,0,4,7
2023-12-20,FAC0043,1,1,21,28,1,10,9
2023-06-10,FAC0156,7,8,74,26,4,5,9
2024-01-24,FAC0218,0,0,7,4,1,7,15
2024-08-13,FAC0079,2,1,11,6,1,5,20
2024-05-05,FAC0147,3,2,30,11,1,3,14
2023-07-10,FAC0210,4,1,32,18,1,5,9
2023-01-14,FAC0277,2,1,12,2,1,5,14
2023-01-28,FAC0119,4,2,25,12,0,1,17
2023-09-21,FAC0132,2,0,16,13,1,3,9
2023-01-09,FAC0012,1,1,3,7,1,4,17
2024-07-19,FAC0248,7,6,44,23,1,6,4
2024-05-10,FAC0161,1,1,9,2,0,3,15
2024-10-04,FAC0215,5,3,16,24,3,4,12
2023-10-08,FAC0076,5,2,31,6,1,6,15
2023-05-07,FAC0090,3,3,19,11,0,4,12
2024-06-23,FAC0193,3,2,19,5,0,8,8
2024-04-12,FAC0096,3,4,22,12,1,6,12
2024-03-25,FAC0037,3,6,149,22,4,9,13
2024-03-09,FAC0011,0,1,9,10,1,3,7
2024-08-25,FAC0267,2,4,38,42,2,3,6
2023-07-10,FAC0080,0,1,5,9,0,7,13
2024-01-29,FAC0205,12,6,40,42,2,8,12
2023-02-28,FAC0037,14,11,103,68,2,6,15
2024-11-23,FAC0212,1,5,49,6,2,4,19
2023-01-01,FAC0284,0,13,170,45,2,2,20
2023-03-19,FAC0156,6,10,80,20,2,7,8
2024-10-15,FAC0194,7,3,30,17,1,5,19
2023-11-12,FAC0202,8,8,59,8,1,5,8
2024-10-30,FAC0136,2,1,17,18,0,6,13
2023-06-19,FAC0213,2,0,14,13,1,5,13
2024-12-08,FAC0032,1,0,7,6,0,10,12
2024-10-12,FAC0230,5,2,19,16,1,2,20
2023-04-09,FAC0011,0,2,10,9,1,3,9
2023-07-12,FAC0180,8,17,80,98,3,4,9
2023-02-15,FAC0146,0,0,4,5,0,2,8
2024-07-06,FAC0192,40,1,266,44,6,4,17
2024-05-24,FAC0164,1,0,11,3,1,5,13
2023-10-21,FAC0133,4,1,55,4,0,3,7
2024-04-21,FAC0049,1,2,41,48,0,5,9
2023-03-13,FAC0205,12,5,62,20,1,7,11
2024-05-11,FAC0264,3,5,51,22,1,4,11
2023-07-28,FAC0247,1,0,5,7,0,3,15
2024-12-09,FAC0122,2,0,13,2,0,2,15
2023-09-24,FAC0159,0,2,35,6,0,6,11
2023-06-19,FAC0197,2,1,13,25,0,8,14
2023-06-24,FAC0160,4,0,16,20,1,5,5
2023-09-11,FAC0269,3,2,11,13,1,5,11
2023-09-05,FAC0059,3,4,14,22,1,3,7
2023-09-30,FAC0168,0,2,34,68,3,6,13
2024-05-19,FAC0245,3,4,19,25,0,2,16
2023-03-21,FAC0103,4,6,38,21,3,3,11
2023-01-23,FAC0156,8,8,83,17,3,5,5
2023-06-22,FAC0139,10,7,31,40,1,2,14
2024-04-13,FAC0279,13,6,87,11,3,3,9
2023-07-05,FAC0253,4,2,11,25,2,3,15
2023-06-05,FAC0041,1,1,5,3,1,2,7
2023-06-18,FAC0035,3,0,13,9,1,5,11
2024-10-26,FAC0056,1,1,13,15,0,5,8
2024-05-22,FAC0157,4,3,23,7,1,6,12
2024-07-03,FAC0068,2,3,17,10,1,8,12
2024-12-31,FAC0273,1,0,17,14,2,5,9
2024-11-11,FAC0234,1,1,6,5,1,1,5
2023-11-16,FAC0131,5,4,17,24,1,3,11
2023-10-18,FAC0264,0,4,30,43,0,3,15
2023-05-04,FAC0136,3,4,16,19,1,6,15
2023-04-07,FAC0223,4,1,17,15,1,3,13
2023-10-22,FAC0270,4,1,25,24,0,5,15
2023-05-05,FAC0255,4,0,34,3,0,5,12
2023-11-17,FAC0289,4,3,31,15,0,4,12
2024-10-28,FAC0300,3,1,8,16,1,4,15
2024-08-15,FAC0222,3,1,28,31,4,5,19
2023-09-05,FAC0184,5,2,12,24,2,8,17
2024-11-28,FAC0002,4,4,14,28,0,5,9
2024-02-16,FAC0266,12,11,45,51,2,7,8
2024-05-21,FAC0296,22,17,349,50,0,6,22
2024-07-26,FAC0075,1,1,7,5,1,11,12
2023-10-24,FAC0280,18,1,224,210,1,3,17
2024-12-07,FAC0019,0,0,26,5,1,5,15
2023-12-30,FAC0248,7,5,22,45,2,11,4
2023-10-18,FAC0020,3,0,15,5,1,5,5
2023-07-13,FAC0072,1,2,58,10,1,8,11
2023-08-31,FAC0165,25,29,235,57,2,1,10
2023-08-23,FAC0120,5,6,56,58,5,3,5
2024-02-19,FAC0246,6,7,50,9,1,3,11
2023-04-04,FAC0270,3,3,39,10,0,2,20
2023-03-18,FAC0283,5,4,36,3,2,7,9
2023-10-21,FAC0019,1,3,22,9,1,7,15
2024-11-30,FAC0214,2,1,16,3,2,6,7
2024-01-12,FAC0166,1,1,10,7,1,3,18
2023-06-26,FAC0077,1,1,7,3,0,9,11
2023-04-04,FAC0225,3,2,17,13,0,4,13
2024-11-18,FAC0025,0,1,21,5,1,1,21
2024-08-01,FAC0255,0,3,28,9,1,5,8
2024-02-26,FAC0264,9,1,35,38,2,2,14
2023-12-17,FAC0213,2,3,22,5,1,5,17
2024-07-25,FAC0028,0,3,21,25,0,11,21
2024-10-18,FAC0137,1,1,12,9,1,5,11
2023-12-26,FAC0215,5,4,28,12,3,4,10
2024-09-13,FAC0231,0,0,4,7,0,1,12
2023-07-16,FAC0090,3,0,26,4,0,4,16
2024-05-08,FAC0224,1,0,10,2,2,4,13
2024-07-11,FAC0105,0,0,13,17,0,4,22
2024-08-16,FAC0179,6,2,17,26,0,10,9
2024-07-23,FAC0017,11,10,152,263,2,3,14
2023-10-29,FAC0086,38,34,142,173,4,3,7
2023-08-22,FAC0050,1,1,24,25,0,8,6
2024-01-13,FAC0278,20,1,80,77,6,7,14
2023-03-09,FAC0068,1,2,16,11,1,4,8
2023-09-06,FAC0063,1,2,12,20,2,4,10
2024-05-19,FAC0024,0,0,7,6,0,3,12
2023-07-21,FAC0288,0,2,13,10,1,4,11
2024-08-08,FAC0300,0,2,19,5,1,4,9
2023-11-16,FAC0261,0,0,23,12,1,2,9
2023-09-11,FAC0260,6,4,36,8,0,5,11
2024-10-16,FAC0087,2,1,11,6,1,7,9
2023-08-20,FAC0019,4,1,17,14,1,10,11
2024-08-01,FAC0260,0,5,28,16,0,3,11
2024-02-02,FAC0141,0,3,35,14,0,4,9
2023-08-11,FAC0261,5,1,28,7,1,4,14
2023-09-06,FAC0017,36,33,270,145,3,2,15
2023-11-02,FAC0130,1,2,13,11,1,6,14
2023-10-04,FAC0026,1,0,10,3,0,6,12
2023-11-30,FAC0233,0,1,7,1,1,5,13
2023-10-13,FAC0075,0,1,9,3,0,7,18
2023-01-15,FAC0213,2,1,22,5,1,6,18
2023-07-02,FAC0275,0,2,19,10,0,5,14
2023-02-18,FAC0277,0,1,5,9,0,5,23
2023-10-28,FAC0237,2,3,22,7,1,2,11
2024-09-24,FAC0004,2,2,14,10,1,4,20
2023-10-14,FAC0217,10,4,42,53,0,4,20
2023-05-30,FAC0223,1,3,23,9,2,4,11
2024-05-30,FAC0093,30,1,100,203,4,6,14
2023-05-08,FAC0228,2,0,10,14,0,5,16
2024-01-03,FAC0233,0,0,2,6,1,8,10
2023-11-11,FAC0265,2,1,21,8,1,5,6
2024-08-23,FAC0268,6,3,26,17,0,2,7
2023-12-16,FAC0154,4,2,21,29,0,5,15
2024-12-11,FAC0127,1,5,25,28,0,7,7
2023-08-19,FAC0158,38,22,310,137,3,1,6
2023-02-22,FAC0189,0,0,12,2,0,6,11
2024-02-05,FAC0202,3,2,30,37,0,6,13
2024-11-28,FAC0222,2,1,39,20,2,7,14
2024-12-22,FAC0190,1,3,61,20,0,8,10
2024-07-12,FAC0030,2,1,7,7,2,3,10
2024-01-30,FAC0290,3,1,22,7,0,9,10
2023-08-22,FAC0044,5,3,17,19,0,5,14
2023-02-01,FAC0114,4,3,19,17,2,3,19
2024-07-25,FAC0231,0,1,4,7,1,2,12
2024-03-27,FAC0029,2,0,8,11,1,2,16
2024-01-18,FAC0049,9,1,26,63,0,4,6
2024-06-18,FAC0085,1,1,6,2,1,4,7
2023-05-04,FAC0276,4,2,27,6,1,7,13
2024-03-18,FAC0001,2,2,16,8,0,4,9
2023-11-11,FAC0143,0,4,56,38,1,6,12
2023-08-09,FAC0169,8,4,61,26,2,2,11
2023-06-27,FAC0084,4,0,24,7,2,4,9
2023-01-19,FAC0095,5,4,12,28,2,4,16
2023-01-04,FAC0006,29,9,156,88,9,8,12
2024-07-03,FAC0117,0,2,7,11,0,3,14
2024-11-01,FAC0260,5,0,26,18,0,2,9
2023-07-13,FAC0172,6,2,40,3,1,4,11
2023-10-26,FAC0251,3,2,14,10,0,9,9
2023-12-10,FAC0073,0,1,2,6,0,4,12
2024-07-13,FAC0211,0,1,10,2,0,5,13
2024-12-14,FAC0167,4,1,27,37,0,3,10
2023-11-26,FAC0260,1,2,24,20,1,2,18
2023-05-19,FAC0241,0,1,6,9,0,5,23
2024-03-16,FAC0226,3,2,29,16,0,3,13
2024-10-29,FAC0134,0,0,18,5,0,1,9
2024-01-04,FAC0089,1,3,56,5,1,3,9
2024-06-08,FAC0021,1,0,5,14,1,6,16
2024-11-22,FAC0247,0,0,6,6,1,3,15
2023-11-23,FAC0222,8,1,19,40,0,7,16
2023-07-17,FAC0092,46,21,203,139,5,6,10
2024-11-20,FAC0184,5,4,30,6,0,8,12
2024-03-07,FAC0181,3,4,22,25,1,3,7
2023-08-12,FAC0201,7,1,48,17,0,5,14
2023-08-28,FAC0255,0,1,19,18,0,4,10
2023-03-12,FAC0277,1,0,9,5,0,5,24
2023-02-26,FAC0149,0,0,10,2,0,3,20
2024-02-29,FAC0286,1,0,15,3,1,2,9
2023-11-12,FAC0216,0,1,5,6,1,6,7
2024-10-11,FAC0251,3,1,21,3,0,8,7
2024-07-10,FAC0141,0,2,42,7,2,8,15
2024-05-03,FAC0077,0,1,5,5,0,5,15
2024-06-03,FAC0033,4,3,22,40,0,2,11
2024-12-03,FAC0172,3,0,28,15,1,4,8
2023-01-08,FAC0270,1,4,31,18,1,4,18
2024-01-11,FAC0037,11,4,86,85,4,10,19
2023-12-15,FAC0283,0,3,24,15,0,5,12
2023-06-02,FAC0140,4,0,12,20,0,10,11
2023-04-07,FAC0297,3,1,9,12,0,6,9
2023-07-30,FAC0114,1,2,21,15,1,3,19
2023-02-01,FAC0249,3,1,28,2,1,4,10
2024-02-03,FAC0117,0,0,5,13,1,3,16
2024-04-05,FAC0273,1,0,27,4,2,3,7
2024-06-10,FAC0016,2,0,12,6,0,5,16
2024-02-17,FAC0077,0,1,3,7,1,8,9
2023-07-20,FAC0249,3,3,22,8,0,3,19
2024-04-14,FAC0007,2,5,16,32,1,5,13
2023-07-07,FAC0178,2,1,12,7,1,5,5
2023-12-16,FAC0243,3,14,167,126,2,7,16
2023-07-15,FAC0300,1,0,11,13,1,2,12
2024-01-02,FAC0271,2,1,12,9,1,3,11
2023-11-08,FAC0180,26,2,82,96,5,3,15
2023-12-20,FAC0156,15,4,64,36,2,5,6
2023-04-23,FAC0175,5,1,32,6,1,4,9
2023-10-22,FAC0272,3,2,7,15,0,8,11
2024-12-02,FAC0200,1,2,9,20,1,5,19
2024-11-11,FAC0150,0,2,11,19,1,2,10
2024-05-28,FAC0153,4,2,34,2,3,1,11
2023-06-24,FAC0061,2,5,38,6,0,8,16
2024-07-02,FAC0236,2,1,21,7,1,3,17
2023-11-19,FAC0124,32,3,173,87,3,3,24
2023-03-09,FAC0110,4,4,16,25,1,10,19
2024-03-17,FAC0012,0,1,5,5,1,7,13
2023-02-05,FAC0157,3,3,24,6,0,6,11
2023-02-19,FAC0182,1,3,16,9,1,7,13
2024-02-12,FAC0237,3,0,24,5,0,3,11
2023-10-09,FAC0257,3,1,16,7,1,3,17
2023-07-19,FAC0092,36,6,116,226,0,7,11
2023-09-03,FAC0285,27,6,242,128,0,3,21
2024-10-05,FAC0124,26,13,137,123,2,2,22
2023-08-07,FAC0085,1,1,5,3,1,2,11
2024-09-10,FAC0157,2,1,20,10,1,5,6
2023-08-19,FAC0218,1,0,9,2,2,8,11
2023-10-30,FAC0155,6,4,38,25,1,6,10
2024-11-18,FAC0011,1,2,13,6,1,4,5
2023-12-31,FAC0242,1,0,13,2,2,4,10
2023-04-06,FAC0055,30,26,405,27,0,5,9
2024-11-01,FAC0165,30,31,259,33,2,1,16
2024-05-20,FAC0086,38,33,211,104,0,1,8
2024-05-12,FAC0252,9,0,89,7,3,6,12
2023-03-10,FAC0230,5,3,25,10,0,3,12
2024-06-04,FAC0114,0,0,17,19,1,6,13
2024-12-07,FAC0241,2,1,10,5,0,4,17
2024-08-14,FAC0230,0,0,18,17,1,4,20
2024-12-11,FAC0300,1,1,7,17,0,3,9
2023-06-07,FAC0161,1,1,9,2,1,3,8
2024-10-31,FAC0124,29,1,106,154,4,4,13
2023-04-21,FAC0177,3,3,34,4,2,5,12
2023-11-20,FAC0269,3,0,16,8,1,4,9
2023-12-10,FAC0102,1,0,11,2,0,3,22
2024-05-09,FAC0067,1,3,21,6,0,5,11
2024-04-10,FAC0180,0,6,151,27,6,4,8
2024-09-06,FAC0130,0,2,13,11,1,5,11
2023-05-26,FAC0171,2,0,9,7,0,5,13
2023-08-09,FAC0123,4,1,32,9,1,4,8
2023-03-04,FAC0092,19,31,277,65,0,3,9
2024-08-18,FAC0224,0,1,3,9,1,5,15
2024-08-26,FAC0032,1,1,6,7,0,10,11
2024-03-20,FAC0037,18,3,134,37,1,10,12
2024-10-29,FAC0254,1,0,10,6,1,5,5
2023-12-15,FAC0120,6,10,106,8,9,4,6
2023-10-31,FAC0104,3,5,16,26,1,7,5
2024-05-16,FAC0169,8,10,35,52,1,5,16
2024-09-29,FAC0062,0,0,12,10,0,5,7
2023-08-19,FAC0156,12,12,56,44,3,4,4
2024-09-25,FAC0246,1,0,22,37,1,4,10
2023-07-23,FAC0081,3,0,24,14,0,7,10
2024-04-18,FAC0139,7,6,44,27,0,2,16
2024-01-12,FAC0058,2,1,5,10,1,2,8
2024-11-28,FAC0293,3,1,9,15,0,5,27
2023-03-24,FAC0289,3,1,25,21,1,2,15
2024-08-08,FAC0046,1,1,4,11,2,4,6
2024-07-19,FAC0027,3,7,290,64,2,3,6
2024-06-04,FAC0168,8,11,86,16,5,4,10
2024-12-28,FAC0033,0,0,34,28,1,4,20
2023-04-28,FAC0132,4,0,21,8,0,5,7
2023-07-23,FAC0055,28,47,211,221,1,7,9
2023-03-02,FAC0296,55,1,237,162,4,4,22
2023-03-22,FAC0281,23,19,192,282,3,5,11
2023-12-08,FAC0247,0,1,5,7,0,4,11
2024-07-18,FAC0048,3,2,29,12,1,4,20
2023-03-08,FAC0031,26,25,369,22,3,3,12
2023-04-22,FAC0005,0,0,12,4,0,5,9
2024-05-11,FAC0002,4,4,24,18,1,5,8
2023-08-27,FAC0087,0,0,11,6,1,4,12
2023-04-05,FAC0256,1,1,20,8,0,5,15
2023-02-18,FAC0284,9,24,197,18,7,3,11
2024-06-16,FAC0031,37,41,264,127,1,3,9
2023-07-02,FAC0084,2,2,11,20,0,4,5
2023-08-12,FAC0209,1,3,22,3,1,3,17
2023-03-13,FAC0271,3,2,6,15,1,3,11
2024-03-12,FAC0123,5,3,22,19,0,2,5
2023-12-01,FAC0093,44,33,213,90,2,6,12
2023-08-01,FAC0232,12,12,58,42,1,1,12
2024-11-08,FAC0181,6,0,37,10,0,4,11
2023-01-05,FAC0073,0,0,3,5,0,3,13
2024-04-23,FAC0184,2,0,10,26,1,7,12
2023-01-26,FAC0045,1,2,12,25,1,7,14
2024-01-24,FAC0224,1,1,6,6,1,4,9
2023-07-10,FAC0091,4,2,33,5,2,7,10
2024-12-10,FAC0013,0,0,13,8,0,5,11
2024-05-09,FAC0099,8,2,44,15,2,4,6
2024-12-12,FAC0066,6,26,286,76,3,4,14
2024-02-03,FAC0264,4,8,34,39,1,2,9
2024-07-16,FAC0260,2,3,18,26,2,5,15
2023-03-18,FAC0143,9,11,63,31,0,5,10
2024-04-03,FAC0114,0,0,13,23,1,5,18
2023-09-22,FAC0246,2,4,18,41,1,3,16
2023-04-09,FAC0121,0,4,39,6,0,3,7
2023-08-01,FAC0135,2,1,11,19,1,5,18
2024-09-21,FAC0145,1,2,15,19,2,6,9
2024-09-27,FAC0220,29,11,119,126,2,1,14
2023-06-06,FAC0063,0,2,10,22,2,5,13
2024-05-16,FAC0113,1,1,8,5,2,8,15
2023-03-15,FAC0067,2,0,9,18,1,4,19
2024-11-25,FAC0039,2,3,23,7,0,2,13
2024-01-11,FAC0270,0,0,44,5,1,3,14
2024-05-24,FAC0090,1,2,12,18,0,6,10
2023-04-05,FAC0072,1,3,36,32,0,7,10
2024-10-03,FAC0154,0,1,27,23,0,2,9
2023-12-17,FAC0095,5,4,27,13,2,4,10
2024-03-24,FAC0122,2,0,12,3,1,3,8
2023-05-22,FAC0157,4,2,13,17,0,7,12
2024-01-05,FAC0104,5,3,13,29,0,12,6
2023-04-28,FAC0020,0,2,18,2,1,5,9
2023-03-24,FAC0283,4,4,12,27,1,8,8
2024-01-23,FAC0273,3,1,18,13,0,4,7
2023-12-26,FAC0106,4,3,20,20,1,5,12
2024-04-03,FAC0076,2,2,32,5,0,9,12
2024-11-04,FAC0126,1,0,14,23,0,3,12
2024-03-07,FAC0089,9,7,53,8,1,3,14
2023-02-02,FAC0260,2,1,29,15,0,3,16
2024-11-04,FAC0144,4,0,24,4,1,5,9
2023-12-12,FAC0007,3,3,31,17,1,9,10
2024-12-21,FAC0102,1,0,8,5,0,2,13
2024-09-20,FAC0275,1,3,10,19,1,7,15
2024-11-06,FAC0056,3,1,22,6,0,7,12
2023-11-08,FAC0083,3,0,18,3,2,7,11
2023-06-03,FAC0187,5,30,292,53,0,7,14
2023-01-13,FAC0161,0,0,8,3,2,3,9
2023-01-24,FAC0223,2,1,11,21,2,7,16
2024-06-19,FAC0299,0,1,9,20,2,4,11
2024-07-03,FAC0238,5,5,59,18,2,4,16
2024-11-03,FAC0042,2,2,16,6,0,4,11
2023-12-03,FAC0027,28,7,199,155,3,3,11
2023-04-29,FAC0237,1,2,23,6,0,3,7
2023-12-28,FAC0091,2,1,13,25,0,8,10
2023-04-29,FAC0002,0,2,22,20,1,4,11
2024-10-28,FAC0244,1,0,3,8,1,5,10
2024-09-30,FAC0184,1,1,26,10,0,8,10
2023-06-18,FAC0208,5,4,33,6,2,2,17
2024-09-19,FAC0023,10,6,54,45,1,6,10
2024-05-10,FAC0181,5,4,20,27,0,4,11
2023-09-25,FAC0114,3,1,14,22,2,5,12
2024-01-10,FAC0247,1,1,6,6,0,2,14
2023-11-22,FAC0169,10,6,32,55,1,3,15
2023-08-03,FAC0138,0,1,6,3,0,3,9
2023-09-13,FAC0278,6,11,61,96,1,3,9
2023-03-27,FAC0227,7,36,361,91,4,4,10
2024-07-12,FAC0207,2,1,28,7,1,9,10
2023-07-17,FAC0169,8,0,66,21,0,4,18
2023-12-03,FAC0197,1,1,21,17,0,9,13
2023-04-10,FAC0262,3,0,17,5,1,7,14
2023-10-13,FAC0254,0,1,8,8,1,5,10
2023-10-22,FAC0282,0,2,10,25,1,3,10
2024-06-23,FAC0013,3,0,13,8,0,5,9
2023-03-28,FAC0108,4,4,19,15,2,4,15
2023-02-11,FAC0163,3,2,20,9,1,5,19
2023-07-21,FAC0030,2,1,11,3,2,3,11
2023-05-22,FAC0263,6,1,26,14,0,5,10
2024-09-29,FAC0155,3,4,19,44,0,4,11
2024-11-05,FAC0050,2,1,20,29,0,8,5
2024-10-24,FAC0132,3,3,25,4,1,3,11
2023-06-12,FAC0157,1,1,12,18,1,5,12
2024-12-13,FAC0163,2,1,12,17,0,4,19
2024-08-16,FAC0004,3,2,20,4,1,6,19
2023-12-01,FAC0022,0,0,7,11,1,4,9
2023-03-03,FAC0290,1,0,12,17,0,7,7
2024-07-06,FAC0129,4,0,25,15,1,4,11
2024-03-30,FAC0289,4,5,33,13,1,3,13
2024-12-14,FAC0166,1,0,11,6,0,6,13
2023-08-17,FAC0229,0,0,16,7,1,9,12
2023-10-04,FAC0138,1,0,7,2,1,6,16
2023-11-09,FAC0106,1,1,32,8,1,4,9
2024-03-30,FAC0113,0,1,7,6,0,9,16
2024-10-03,FAC0038,9,1,37,27,1,9,13
2024-09-05,FAC0181,2,4,43,4,0,5,10
2023-11-16,FAC0231,1,1,3,8,1,2,10
2023-08-29,FAC0014,0,3,31,13,1,2,11
2024-02-21,FAC0060,11,7,74,54,0,6,14
2024-06-30,FAC0030,0,1,12,2,2,5,12
2024-03-11,FAC0216,1,1,3,8,1,6,14
2024-04-04,FAC0094,8,4,23,34,4,5,9
2024-10-15,FAC0097,0,0,71,15,3,5,9
2024-05-28,FAC0016,2,0,11,7,1,4,18
2023-10-22,FAC0133,3,3,43,16,3,3,7
2024-06-11,FAC0042,0,2,13,9,0,3,16
2023-07-10,FAC0185,28,27,164,90,0,6,21
2023-07-16,FAC0240,0,0,14,2,0,7,11
2024-10-10,FAC0289,0,5,18,28,0,4,8
2023-12-24,FAC0138,1,1,7,2,1,5,18
2023-12-18,FAC0268,4,3,19,24,0,2,10
2024-08-23,FAC0197,0,0,19,19,2,8,9
2024-11-09,FAC0146,1,0,7,2,0,3,13
2024-08-19,FAC0006,10,10,108,136,9,8,14
2023-12-29,FAC0275,2,2,22,7,1,5,13
2023-10-04,FAC0030,1,0,4,10,0,5,9
2023-12-18,FAC0011,0,0,13,6,1,7,5
2023-03-28,FAC0297,3,1,19,2,0,5,8
2024-04-26,FAC0042,3,2,12,10,0,3,14
2023-03-20,FAC0037,3,7,65,106,1,7,15
2023-09-22,FAC0124,27,0,221,39,7,4,16
2023-08-13,FAC0195,0,1,9,5,0,6,9
2024-11-05,FAC0228,0,0,14,10,0,11,13
2024-11-09,FAC0066,29,27,118,244,5,8,9
2024-06-12,FAC0150,2,1,24,6,0,2,12
2024-09-06,FAC0013,1,1,19,2,1,2,17
2024-06-23,FAC0146,1,1,5,4,1,3,8
2024-02-08,FAC0250,0,0,8,13,2,9,7
2023-07-07,FAC0077,0,1,5,5,0,6,16
2024-12-06,FAC0232,11,12,85,15,2,2,15
2023-09-06,FAC0047,0,1,2,4,1,3,8
2023-10-07,FAC0250,2,1,11,10,0,5,7
2023-02-15,FAC0068,2,3,12,15,1,4,6
2023-10-27,FAC0256,1,3,23,5,0,4,18
2023-07-20,FAC0109,3,2,13,11,0,4,6
2023-10-12,FAC0088,4,0,28,11,1,10,12
2024-05-17,FAC0142,5,7,259,100,1,1,11
2024-11-01,FAC0180,21,17,84,94,0,4,17
2024-02-12,FAC0168,13,5,76,26,5,5,20
2024-10-19,FAC0011,1,2,10,9,0,6,5
2024-10-29,FAC0127,3,2,28,25,1,4,11
2024-06-10,FAC0066,45,3,281,81,3,7,11
2023-12-08,FAC0129,6,3,15,25,2,5,18
2024-05-09,FAC0014,0,3,22,22,1,2,19
2023-06-03,FAC0204,1,1,5,1,1,5,14
2024-05-14,FAC0024,0,0,12,1,1,4,13
2023-09-25,FAC0219,0,0,5,9,1,3,11
2023-05-21,FAC0021,2,0,9,10,1,4,17
2024-04-23,FAC0209,0,3,13,12,1,5,14
2024-09-19,FAC0211,0,1,6,6,0,5,19
2023-01-27,FAC0288,1,2,15,8,0,3,9
2024-08-14,FAC0182,2,2,11,14,0,5,11
2024-10-20,FAC0220,17,19,144,101,4,1,12
2024-02-19,FAC0076,3,4,27,10,1,5,12
2023-03-07,FAC0027,30,15,187,167,3,4,10
2023-04-14,FAC0074,0,0,3,5,1,4,13
2023-03-05,FAC0025,1,3,14,12,0,3,26
2024-07-28,FAC0032,0,0,5,8,1,8,11
2024-11-11,FAC0164,0,1,4,10,1,3,13
2024-11-27,FAC0115,7,0,49,10,1,6,11
2024-01-03,FAC0163,4,3,14,15,1,7,17
2023-11-18,FAC0057,0,1,4,7,1,4,15
2024-03-29,FAC0052,0,0,10,5,0,9,15
2023-08-20,FAC0210,7,6,22,28,0,2,9
2023-02-18,FAC0139,1,3,56,15,2,4,20
2023-04-08,FAC0263,1,0,29,11,0,5,8
2023-12-03,FAC0054,45,44,407,81,4,5,12
2023-08-15,FAC0283,1,2,12,27,1,6,14
2023-07-14,FAC0104,3,1,16,26,0,8,10
2024-08-17,FAC0295,2,0,11,3,0,8,11
2023-05-14,FAC0028,0,2,32,14,1,6,11
2024-02-08,FAC0037,13,12,98,73,2,5,14
2023-08-08,FAC0185,11,29,140,114,5,10,20
2023-03-22,FAC0280,13,31,336,98,0,2,20
2023-11-13,FAC0042,3,1,17,5,1,2,16
2023-01-31,FAC0133,0,0,31,28,1,3,9
2023-11-24,FAC0114,4,4,25,11,2,4,11
2024-03-13,FAC0036,0,0,11,5,0,5,9
2024-04-27,FAC0066,49,37,311,51,1,6,10
2023-06-13,FAC0190,6,2,40,41,2,8,16
2024-12-25,FAC0252,13,0,48,48,4,8,12
2023-04-21,FAC0053,0,0,9,6,1,2,18
2024-06-17,FAC0243,1,29,96,197,1,8,19
2023-07-31,FAC0179,4,1,39,4,0,9,11
2024-05-10,FAC0086,20,3,208,107,5,3,8
2023-10-19,FAC0129,1,4,15,25,0,4,10
2023-04-21,FAC0232,0,4,59,41,3,1,12
2023-02-06,FAC0024,1,1,6,7,1,4,13
2024-12-17,FAC0042,0,0,14,8,0,3,12
2023-01-28,FAC0274,9,10,45,47,0,4,11
2023-01-18,FAC0223,4,3,10,22,1,4,14
2024-01-18,FAC0025,1,2,15,11,0,1,24
2024-01-29,FAC0113,0,1,8,5,0,5,13
2023-11-02,FAC0260,3,5,35,9,0,5,11
2023-11-03,FAC0185,21,3,183,71,4,9,18
2023-04-23,FAC0266,0,1,40,56,2,4,13
2024-10-01,FAC0119,4,0,25,12,0,1,12
2023-07-13,FAC0260,2,0,30,14,0,2,16
2024-08-02,FAC0018,1,1,5,6,0,5,16
2023-07-30,FAC0106,1,1,23,17,0,7,7
2023-06-23,FAC0275,2,1,26,3,1,6,10
2023-04-19,FAC0222,3,1,50,9,0,4,12
2024-05-08,FAC0219,1,1,12,2,0,4,13
2024-11-05,FAC0273,2,0,28,3,2,4,7
2024-11-01,FAC0258,2,1,46,10,3,7,13
2024-10-17,FAC0191,0,2,25,24,0,3,8
2024-02-14,FAC0184,5,3,15,21,2,6,15
2023-02-01,FAC0214,1,1,8,11,1,7,6
2024-09-21,FAC0094,5,3,49,8,7,3,10
2024-12-12,FAC0170,5,14,139,97,4,8,14
2023-01-01,FAC0036,1,1,7,9,1,2,5
2023-08-05,FAC0181,2,2,23,24,1,5,12
2024-09-22,FAC0188,30,0,154,154,0,1,17
2024-09-30,FAC0150,0,0,10,20,0,2,11
2023-08-14,FAC0189,1,0,6,8,0,4,17
2024-09-22,FAC0261,0,4,24,11,1,5,14
2023-08-21,FAC0260,5,0,41,3,2,4,14
2023-06-22,FAC0267,9,3,29,51,1,7,7
2024-02-05,FAC0291,3,0,20,18,0,3,11
2024-12-24,FAC0277,0,0,9,5,1,6,14
2024-08-07,FAC0096,0,3,22,12,1,5,11
2023-07-28,FAC0247,0,1,7,5,0,3,9
2023-11-26,FAC0042,0,2,11,11,1,2,16
2023-04-04,FAC0023,11,5,57,42,0,6,10
2023-01-22,FAC0269,0,2,13,11,1,6,15
2024-02-13,FAC0197,4,2,11,27,0,4,7
2024-06-21,FAC0113,0,1,10,3,1,6,11
2024-12-31,FAC0178,2,2,12,7,1,2,5
2024-08-23,FAC0298,2,0,12,7,0,2,20
2024-03-21,FAC0027,18,9,263,91,3,4,12
2023-10-25,FAC0090,0,3,16,14,0,8,10
2024-11-01,FAC0204,1,1,4,2,0,4,13
2024-10-09,FAC0242,0,1,14,1,0,4,15
2024-02-15,FAC0045,4,2,26,11,0,7,9
2024-02-19,FAC0297,3,1,8,13,0,3,7
2024-12-04,FAC0208,0,0,29,10,2,2,10
2023-06-18,FAC0084,3,3,12,19,2,3,8
2023-02-01,FAC0279,9,3,87,11,0,3,11
2023-03-20,FAC0176,1,1,17,8,1,9,13
2023-07-15,FAC0021,1,2,6,13,1,4,12
2023-03-31,FAC0247,0,0,9,3,1,4,7
2024-07-12,FAC0118,1,3,21,17,0,3,16
2023-12-17,FAC0179,5,1,21,22,0,9,13
2024-07-25,FAC0166,0,1,15,2,1,4,19
2023-09-22,FAC0177,4,3,30,8,1,3,7
2024-11-06,FAC0038,0,2,26,38,0,9,8
2023-09-27,FAC0282,0,1,17,18,1,2,15
2023-07-08,FAC0221,9,5,158,162,4,4,7
2023-03-28,FAC0066,10,2,334,28,1,6,12
2023-12-21,FAC0135,0,1,18,12,1,5,14
2024-10-24,FAC0269,2,0,11,13,0,6,8
2024-04-11,FAC0258,7,3,40,16,1,7,9
2024-05-04,FAC0259,1,2,6,13,2,3,13
2024-03-31,FAC0099,6,5,32,27,1,6,7
2023-09-06,FAC0132,1,2,16,13,1,7,6
2024-10-16,FAC0192,20,6,242,68,8,8,11
2023-09-02,FAC0159,5,0,32,9,0,6,8
2023-01-22,FAC0224,0,1,9,3,1,5,12
2024-08-02,FAC0142,40,39,301,58,7,3,16
2024-03-12,FAC0015,23,20,100,72,5,7,10
2024-03-19,FAC0004,3,1,19,5,0,8,22
2023-02-23,FAC0154,7,6,29,21,3,2,19
2024-07-05,FAC0093,11,13,168,135,2,5,14
2023-03-30,FAC0022,1,1,10,8,0,3,17
2023-11-29,FAC0274,4,11,78,14,1,7,14
2023-05-17,FAC0128,8,4,21,36,4,10,7
2023-06-29,FAC0111,1,2,25,11,1,3,14
2023-10-08,FAC0113,0,1,9,4,0,7,17
2024-07-22,FAC0062,1,0,7,15,1,5,12
2023-01-22,FAC0221,27,30,281,39,4,5,7
2023-10-22,FAC0184,1,1,30,6,0,5,12
2024-11-16,FAC0269,1,1,16,8,0,5,12
2023-05-06,FAC0263,4,0,15,25,2,7,10
2024-01-05,FAC0016,2,0,12,6,1,6,11
2024-08-14,FAC0115,3,4,53,6,0,7,14
2023-07-23,FAC0176,2,1,12,13,1,5,14
2024-09-09,FAC0020,1,2,13,7,0,2,7
2024-11-08,FAC0255,1,0,33,4,0,5,15
2024-08-17,FAC0059,1,4,13,23,2,4,11
2024-04-16,FAC0049,7,3,76,13,0,4,9
2024-12-06,FAC0276,1,3,16,17,0,4,13
2024-07-22,FAC0141,2,3,44,5,0,5,11
2024-02-28,FAC0267,9,1,63,17,1,5,10
2024-09-23,FAC0041,0,1,2,6,1,2,11
2024-08-06,FAC0208,1,1,28,11,1,2,17
2024-11-22,FAC0129,4,0,20,20,2,3,13
2024-09-27,FAC0170,2,0,90,146,0,8,10
2024-02-26,FAC0096,3,0,24,10,1,6,7
2023-10-27,FAC0010,1,1,9,4,1,3,9
2024-03-22,FAC0189,1,0,7,7,1,6,19
2023-05-15,FAC0029,1,1,8,11,1,4,13
2024-09-19,FAC0265,3,0,9,20,0,4,10
2023-07-16,FAC0011,0,2,7,12,0,4,9
2023-12-31,FAC0240,0,0,14,2,1,5,8
2023-05-14,FAC0292,2,2,8,15,0,3,9
2023-03-25,FAC0232,8,5,38,62,1,1,12
2023-12-04,FAC0181,4,0,15,32,1,5,14
2023-05-22,FAC0034,0,0,5,5,0,5,13
2023-11-02,FAC0067,3,1,17,10,0,6,13
2023-02-05,FAC0216,0,0,3,8,1,4,7
2024-01-16,FAC0112,3,0,15,8,2,2,16
2024-03-11,FAC0206,0,2,14,11,1,4,13
2024-08-11,FAC0031,58,28,225,166,6,1,7
2024-12-03,FAC0093,43,22,137,166,1,7,10
2023-09-13,FAC0284,1,11,156,59,1,2,20
2023-10-28,FAC0174,3,13,91,61,0,1,7
2023-11-01,FAC0017,53,34,381,34,6,3,15
2023-10-14,FAC0023,2,6,41,58,1,4,8
2024-04-11,FAC0263,2,1,20,20,2,5,14
2024-04-13,FAC0036,1,1,11,5,1,2,10
2023-09-21,FAC0255,2,2,27,10,1,5,10
2023-10-13,FAC0117,1,2,14,4,0,4,10
2023-10-18,FAC0164,2,0,10,4,1,6,13
2024-01-30,FAC0143,1,7,32,62,2,5,9
2024-02-09,FAC0093,12,35,212,91,1,7,19
2023-02-04,FAC0020,1,1,7,13,1,2,7
2023-05-30,FAC0285,27,42,241,129,0,6,19
2024-10-10,FAC0125,0,0,7,16,2,4,15
2023-03-02,FAC0243,17,32,104,189,2,4,11
2023-07-21,FAC0270,0,5,43,6,1,5,18
2024-04-13,FAC0126,2,1,27,10,0,3,14
2023-02-06,FAC0020,2,1,13,7,1,5,8
2024-07-20,FAC0012,1,1,5,5,0,3,20
2023-10-26,FAC0150,3,3,24,6,0,2,17
2023-01-04,FAC0084,1,3,20,11,2,5,8
2023-11-28,FAC0094,7,3,24,33,0,2,8
2024-06-04,FAC0249,0,3,10,20,1,4,17
2023-07-20,FAC0041,1,0,5,3,0,5,12
2024-09-16,FAC0183,0,3,17,11,2,1,11
2024-11-03,FAC0061,0,0,18,26,2,6,15
2024-06-17,FAC0013,2,2,12,9,1,4,12
2023-04-11,FAC0237,1,0,24,5,0,3,11
2023-06-11,FAC0178,1,0,14,5,0,2,4
2024-04-04,FAC0096,2,4,18,16,1,6,6
2023-12-11,FAC0063,2,1,26,6,0,6,12
2024-09-23,FAC0181,5,4,28,19,0,4,10
2023-10-29,FAC0259,2,2,10,9,1,4,14
2024-03-09,FAC0194,2,2,19,28,2,5,18
2024-01-22,FAC0113,1,1,11,2,0,4,9
2023-05-10,FAC0268,4,3,22,21,0,1,7
2024-12-14,FAC0211,1,0,7,5,0,4,15
2024-12-13,FAC0137,0,0,15,6,1,3,9
2024-06-23,FAC0010,1,1,9,4,0,2,11
2023-12-30,FAC0077,1,0,6,4,1,10,14
2024-11-16,FAC0160,3,0,17,19,0,5,8
2023-08-23,FAC0177,4,3,22,16,1,5,8
2024-06-22,FAC0128,0,6,34,23,0,7,12
2023-05-13,FAC0042,3,2,15,7,1,3,11
2023-07-08,FAC0051,11,39,330,150,10,6,13
2023-01-24,FAC0180,24,19,152,26,4,4,11
2024-11-07,FAC0074,1,1,6,2,1,4,12
2024-11-23,FAC0100,14,4,185,91,5,8,22
2024-11-25,FAC0263,5,3,12,28,2,3,9
2023-01-08,FAC0209,1,0,7,18,0,4,16
2023-12-19,FAC0159,3,4,35,6,0,4,10
2023-07-01,FAC0294,2,2,17,11,1,9,12
2024-03-11,FAC0105,4,3,22,8,2,3,18
2024-04-16,FAC0291,2,2,17,21,1,3,9
2024-08-27,FAC0213,1,1,8,19,1,4,16
2023-03-02,FAC0129,6,0,24,16,1,6,16
2023-12-26,FAC0015,13,10,135,37,5,6,8
2024-03-11,FAC0166,0,2,11,6,1,6,12
2023-12-26,FAC0126,0,3,26,11,1,4,13
2024-03-10,FAC0185,4,19,150,104,3,12,10
2024-09-08,FAC0248,7,2,52,15,2,6,4
2024-12-29,FAC0051,70,4,427,53,4,9,14
2024-12-17,FAC0212,6,1,19,36,2,5,13
2023-12-21,FAC0193,2,1,12,12,0,8,12
2023-02-08,FAC0188,33,2,122,186,3,1,10
2024-09-21,FAC0040,0,0,7,9,0,7,7
2023-04-12,FAC0002,4,2,17,25,1,5,6
2024-09-11,FAC0296,30,35,184,215,0,7,12
2024-01-28,FAC0192,21,10,281,29,10,8,11
2023-04-01,FAC0224,0,0,10,2,2,8,11
2024-09-27,FAC0193,2,1,18,6,1,10,10
2023-04-02,FAC0224,1,0,6,6,1,5,13
2023-04-03,FAC0270,7,2,26,23,0,3,16
2023-02-21,FAC0224,0,1,5,7,0,5,13
2023-12-17,FAC0058,1,0,5,10,1,2,8
2023-11-08,FAC0233,0,1,5,3,1,8,11
2024-07-31,FAC0046,0,0,11,4,0,4,11
2023-05-05,FAC0063,4,2,20,12,1,4,15
2024-06-30,FAC0293,0,2,14,10,0,4,15
2023-02-20,FAC0016,2,1,7,11,1,5,19
2024-10-05,FAC0119,3,2,21,16,1,1,18
2023-01-02,FAC0235,2,1,11,20,2,6,7
2024-09-06,FAC0294,0,0,13,15,1,7,16
2023-02-17,FAC0108,2,2,21,13,0,3,11
2024-05-22,FAC0184,1,2,28,8,1,5,18
2023-05-31,FAC0181,6,5,26,21,1,6,12
2023-02-10,FAC0058,2,0,8,7,0,4,5
2024-07-14,FAC0005,2,0,11,5,0,10,10
2024-08-03,FAC0128,8,1,49,8,3,7,7
2023-03-04,FAC0208,1,3,19,20,0,3,16
2024-12-17,FAC0012,0,1,3,7,0,5,15
2023-12-16,FAC0070,2,18,154,34,2,2,23
2023-12-20,FAC0144,3,3,18,10,2,5,18
2024-08-10,FAC0170,29,25,196,40,0,8,16
2024-08-18,FAC0027,13,4,242,112,0,4,7
2023-05-03,FAC0243,20,17,175,118,2,8,14
2023-09-29,FAC0131,6,1,37,4,2,2,12
2023-10-21,FAC0179,5,1,39,4,2,8,7
2023-09-25,FAC0239,0,0,2,3,1,5,6
2024-11-09,FAC0223,4,2,26,6,0,6,15
2023-07-03,FAC0216,1,1,10,1,0,8,10
2024-08-26,FAC0057,1,0,8,3,1,4,15
2024-10-25,FAC0212,1,4,48,7,7,4,18
2024-07-01,FAC0128,3,4,46,11,0,7,14
2024-07-23,FAC0096,0,3,11,23,1,3,7
2023-12-10,FAC0197,2,2,28,10,2,7,10
2024-01-24,FAC0223,2,0,22,10,2,4,13
2023-11-17,FAC0158,39,1,211,236,2,1,3
2023-08-22,FAC0265,3,0,8,21,0,4,8
2024-02-13,FAC0288,0,0,9,14,0,5,6
2024-11-15,FAC0142,47,36,213,146,0,2,9
2024-02-08,FAC0158,31,19,248,199,4,2,3
2023-06-11,FAC0048,3,4,17,24,0,5,24
2024-09-15,FAC0183,3,3,22,6,2,3,8
2024-09-14,FAC0192,18,23,141,169,0,4,14
2024-10-01,FAC0062,0,2,20,2,0,2,10
2023-11-21,FAC0037,24,14,119,52,1,8,10
2023-06-27,FAC0075,0,1,9,3,1,9,15
2024-09-24,FAC0086,13,5,151,164,1,3,7
2023-04-17,FAC0198,2,0,7,11,1,4,11
2023-07-16,FAC0282,2,3,29,6,2,3,9
2023-07-22,FAC0210,4,0,18,32,0,2,10
2023-01-11,FAC0251,3,0,21,3,1,9,13
2024-03-13,FAC0234,0,1,5,6,2,1,6
2023-12-04,FAC0037,18,12,65,106,1,8,17
2024-08-27,FAC0232,4,9,51,49,1,1,7
2023-09-02,FAC0101,0,3,40,3,0,3,11
2024-05-09,FAC0090,0,2,10,20,1,8,13
2023-05-20,FAC0017,12,45,208,207,2,3,21
2024-12-05,FAC0110,3,1,31,10,1,7,14
2024-05-12,FAC0167,8,1,19,45,1,2,9
2024-07-30,FAC0089,1,5,37,24,1,6,11
2023-10-15,FAC0184,3,1,34,2,2,5,18
2023-11-25,FAC0004,1,1,8,16,0,8,21
2024-04-17,FAC0141,7,0,15,34,2,7,14
2024-05-06,FAC0228,2,2,10,14,0,11,10
2024-02-19,FAC0258,7,2,36,20,1,5,16
2024-02-28,FAC0162,6,1,55,5,0,6,13
2023-04-30,FAC0155,6,6,49,14,2,4,13
2023-11-11,FAC0020,2,2,11,9,0,3,11
2023-09-29,FAC0058,0,1,13,2,0,4,10
2023-01-06,FAC0227,5,1,264,188,6,6,14
2024-10-07,FAC0109,0,0,14,10,1,5,7
2023-07-01,FAC0206,0,2,15,10,1,6,9
2024-04-23,FAC0062,2,1,7,15,1,4,12
2024-05-06,FAC0101,1,4,18,25,3,3,7
2023-04-21,FAC0103,6,4,53,6,1,2,8
2024-06-09,FAC0041,1,0,2,6,1,5,15
2024-08-31,FAC0232,0,1,72,28,2,1,10
2024-02-14,FAC0267,4,0,25,55,1,3,11
2023-07-21,FAC0204,0,0,2,4,1,4,13
2023-11-29,FAC0223,1,0,14,18,1,6,13
2024-12-24,FAC0153,3,4,12,24,4,1,10
2024-09-26,FAC0035,2,1,8,14,0,8,14
2023-04-23,FAC0179,5,2,35,8,0,8,10
2023-08-15,FAC0020,3,2,12,8,0,4,6
2024-06-30,FAC0077,0,1,7,3,1,5,17
2023-12-01,FAC0012,1,0,4,6,0,3,14
2024-06-16,FAC0002,5,3,23,19,1,3,7
2024-11-02,FAC0183,2,0,14,14,1,2,11
2023-06-10,FAC0016,1,2,14,4,1,4,9
2024-07-07,FAC0199,3,3,22,9,2,2,13
2023-02-12,FAC0034,0,0,3,7,0,4,16
2024-03-02,FAC0243,39,32,190,103,2,6,18
2024-09-16,FAC0178,1,2,8,11,0,2,7
2023-08-09,FAC0229,3,1,14,9,0,6,14
2024-09-01,FAC0216,1,1,9,2,0,7,13
2024-03-29,FAC0001,2,2,7,17,1,3,5
2023-10-07,FAC0015,3,3,106,66,3,8,7
2024-05-15,FAC0271,1,1,8,13,1,3,16
2023-04-15,FAC0282,0,4,11,24,1,3,17
2024-12-29,FAC0259,2,0,7,12,0,4,14
2023-09-08,FAC0193,1,0,17,7,1,5,10
2024-03-05,FAC0201,0,5,50,15,0,3,10
2023-10-26,FAC0159,6,0,23,18,1,3,10
2023-07-02,FAC0161,0,0,10,1,1,6,15
2023-12-25,FAC0119,3,1,25,12,0,2,14
2023-05-14,FAC0156,7,0,55,45,2,6,8
2024-08-29,FAC0012,0,1,6,4,1,6,23
2024-08-31,FAC0205,3,8,27,55,3,4,11
2024-10-15,FAC0041,1,0,7,1,1,2,14
2023-01-31,FAC0101,3,3,36,7,1,2,7
2023-04-02,FAC0158,58,19,377,70,4,2,5
2023-11-10,FAC0033,6,7,45,17,1,4,13
2023-08-21,FAC0039,0,0,24,6,1,2,10
2024-08-02,FAC0185,0,25,238,16,2,7,20
2023-04-18,FAC0090,1,2,16,14,1,4,11
2023-08-27,FAC0161,0,1,4,7,2,6,10
2024-07-15,FAC0222,0,5,29,30,0,4,19
2023-08-18,FAC0115,1,4,27,32,0,4,15
2023-01-08,FAC0299,1,0,9,20,0,5,9
2023-10-25,FAC0143,14,10,77,17,0,5,16
2023-01-04,FAC0040,0,0,14,2,1,4,14
2024-10-20,FAC0008,3,1,18,6,1,2,7
2024-04-15,FAC0230,3,2,22,13,0,5,11
2024-11-02,FAC0285,20,8,344,26,0,4,17
2024-05-04,FAC0298,1,0,10,9,0,2,16
2024-11-04,FAC0073,0,1,6,2,1,5,19
2024-02-10,FAC0138,0,0,7,2,1,5,17
2024-07-31,FAC0281,71,2,155,319,3,2,9
2023-09-12,FAC0023,5,9,34,65,1,5,7
2023-10-24,FAC0220,33,2,104,141,5,2,13
2023-08-22,FAC0169,4,0,57,30,0,4,13
2023-08-30,FAC0067,1,2,13,14,2,4,19
2023-11-11,FAC0117,0,0,15,3,2,5,13
2024-10-03,FAC0114,3,2,25,11,2,5,9
2023-02-25,FAC0180,1,12,166,12,4,2,15
2024-05-19,FAC0138,0,1,7,2,1,5,16
2024-03-28,FAC0181,6,4,34,13,1,3,14
2024-07-15,FAC0181,2,1,39,8,1,4,8
2024-01-18,FAC0284,17,24,183,32,5,2,17
2024-09-20,FAC0116,6,20,61,117,0,8,9
2024-10-25,FAC0155,0,7,51,12,2,5,17
2024-08-25,FAC0249,1,3,15,15,1,3,15
2023-01-25,FAC0206,0,0,18,7,1,8,14
2024-08-06,FAC0163,3,0,24,5,1,6,21
2023-07-06,FAC0053,2,0,10,5,1,2,16
2023-06-17,FAC0115,4,1,32,27,1,4,10
2024-05-17,FAC0178,0,0,16,3,1,3,8
2024-10-01,FAC0016,2,0,11,7,0,6,18
2023-05-30,FAC0223,2,3,20,12,1,6,15
2023-10-07,FAC0041,0,0,2,6,1,5,12
2023-10-10,FAC0175,2,1,16,22,2,4,14
2023-07-10,FAC0134,1,1,15,8,1,3,6
2023-10-06,FAC0106,3,4,24,16,2,5,11
2024-11-05,FAC0075,1,1,10,2,0,8,18
2023-08-25,FAC0282,2,1,15,20,2,2,11
2024-03-09,FAC0241,0,0,13,2,0,4,21
2023-05-01,FAC0199,1,1,25,6,0,2,16
2023-02-20,FAC0055,29,48,196,236,2,5,7
2024-11-19,FAC0267,12,7,24,56,1,6,13
2023-04-02,FAC0258,0,0,45,11,1,3,8
2023-02-04,FAC0100,6,26,237,39,3,7,25
2024-06-26,FAC0196,4,2,16,13,1,4,17
2023-12-01,FAC0162,4,3,30,30,1,5,8
2024-03-05,FAC0030,2,1,13,1,2,3,8
2024-03-27,FAC0155,3,2,31,32,2,6,17
2023-10-02,FAC0128,5,4,46,11,0,6,7
2024-10-14,FAC0060,2,5,117,11,0,9,15
2023-03-05,FAC0063,1,0,16,16,0,5,11
2023-05-21,FAC0030,1,0,9,5,0,4,13
2024-02-28,FAC0186,1,0,12,4,2,8,14
2024-01-05,FAC0049,4,9,45,44,0,5,12
2023-12-15,FAC0031,40,1,276,115,6,1,15
2023-12-10,FAC0100,14,18,164,112,5,8,24
2023-10-04,FAC0030,1,0,5,9,2,4,10
2023-07-12,FAC0039,3,1,13,17,1,3,12
2024-08-08,FAC0138,1,1,6,3,0,4,17
2024-03-13,FAC0287,4,1,12,24,1,1,10
2024-10-02,FAC0083,2,0,7,14,1,6,13
2024-02-27,FAC0064,0,5,39,37,1,8,14
2024-10-29,FAC0156,13,11,78,22,1,8,8
2023-12-29,FAC0092,20,32,164,178,0,7,11
2024-08-13,FAC0289,2,3,32,14,1,2,13
2024-08-09,FAC0268,3,2,40,3,2,1,11
2024-02-26,FAC0180,9,21,98,80,9,3,9
2023-12-10,FAC0055,24,39,269,163,5,9,7
2023-02-20,FAC0190,1,0,45,36,1,10,13
2024-06-24,FAC0207,3,3,15,20,1,5,10
2024-06-07,FAC0011,1,1,8,11,1,4,8
2023-07-01,FAC0134,2,1,16,7,1,3,7
2023-02-26,FAC0219,2,1,6,8,1,3,16
2024-10-02,FAC0013,2,1,7,14,1,2,15
2023-12-03,FAC0135,3,1,14,16,0,6,13
2024-01-10,FAC0039,2,2,19,11,0,2,16
2023-05-12,FAC0226,2,0,29,16,0,4,13
2023-12-13,FAC0224,0,1,5,7,0,7,12
2023-05-08,FAC0282,3,3,19,16,2,3,17
2023-12-13,FAC0036,1,0,9,7,0,3,9
2024-04-30,FAC0247,0,1,9,3,1,3,9
2024-05-21,FAC0103,8,0,33,26,2,2,9
2023-07-22,FAC0257,0,1,7,16,0,3,13
2024-09-01,FAC0175,5,1,17,21,2,4,13
2024-08-22,FAC0123,0,4,15,26,1,4,6
2024-07-28,FAC0192,16,37,164,146,5,8,16
2023-09-30,FAC0002,6,3,27,15,0,2,10
2024-01-13,FAC0226,4,2,30,15,1,4,8
2024-09-14,FAC0103,2,4,28,31,3,3,9
2023-12-22,FAC0062,1,1,9,13,0,3,12
2023-12-24,FAC0137,1,1,11,10,0,3,8
2024-05-31,FAC0208,5,1,22,17,0,3,14
2023-01-15,FAC0140,1,0,26,6,1,9,14
2023-09-19,FAC0049,4,2,73,16,2,7,6
2023-05-21,FAC0031,40,40,246,145,2,2,8
2024-10-14,FAC0093,29,5,287,16,4,6,14
2024-03-07,FAC0159,1,4,32,9,1,3,16
2024-01-12,FAC0145,3,1,12,22,1,9,11
2024-05-23,FAC0053,1,1,12,3,0,4,16
2024-03-07,FAC0110,3,3,21,20,1,5,19
2024-09-23,FAC0189,1,1,10,4,1,4,10
2024-03-18,FAC0087,2,0,8,9,0,6,10
2024-07-12,FAC0065,0,9,57,28,2,7,13
2024-07-15,FAC0075,0,1,5,7,0,7,12
2023-02-06,FAC0162,9,6,47,13,1,9,9
2024-04-15,FAC0279,4,3,53,45,1,2,16
2023-11-18,FAC0233,1,0,5,3,1,8,15
2024-06-05,FAC0232,6,5,92,8,3,2,15
2023-11-16,FAC0013,1,2,17,4,1,2,15
2023-12-07,FAC0076,0,3,25,12,1,9,15
2024-08-11,FAC0291,1,3,18,20,0,5,14
2023-07-04,FAC0200,2,0,24,5,0,7,14
2023-07-17,FAC0154,4,2,39,11,4,5,18
2024-08-21,FAC0049,12,0,28,61,1,8,10
2023-07-10,FAC0190,3,7,46,35,0,11,14
2023-06-09,FAC0290,3,0,16,13,1,9,12
2024-02-08,FAC0128,0,3,26,31,3,6,14
2023-08-22,FAC0237,1,2,15,14,0,4,13
2023-07-05,FAC0253,3,0,13,23,2,1,11
2023-09-29,FAC0115,0,0,27,32,0,7,17
2023-10-04,FAC0068,1,0,19,8,0,7,11
2024-01-03,FAC0062,1,2,11,11,1,5,10
2024-11-16,FAC0065,2,1,26,59,1,5,15
2023-03-07,FAC0076,2,3,26,11,1,9,7
2023-07-24,FAC0217,5,1,41,54,0,5,11
2024-06-10,FAC0050,2,5,33,16,0,4,5
2024-03-08,FAC0019,0,3,28,3,0,6,10
2024-06-01,FAC0046,0,1,9,6,1,2,9
2024-11-28,FAC0226,6,2,29,16,0,4,12
2023-09-27,FAC0195,1,0,7,7,1,6,11
2023-10-16,FAC0072,1,3,50,18,2,8,16
2023-12-19,FAC0132,1,1,21,8,1,4,8
2023-07-19,FAC0195,0,1,10,4,1,4,11
2023-02-13,FAC0167,3,3,42,22,1,1,9
2024-09-15,FAC0106,4,2,20,20,1,6,7
2024-07-19,FAC0030,1,1,11,3,2,5,13
2024-01-04,FAC0208,2,2,19,20,2,4,10
2023-08-19,FAC0262,1,1,10,12,0,6,13
2024-10-24,FAC0231,1,1,4,7,0,1,10
2023-01-02,FAC0277,1,0,6,8,0,6,12
2023-01-06,FAC0153,1,2,25,11,4,3,10
2023-03-11,FAC0297,3,0,10,11,1,4,9
2023-04-10,FAC0057,1,0,5,6,2,4,17
2024-12-11,FAC0144,3,0,21,7,0,5,15
2024-01-15,FAC0210,1,1,30,20,0,3,9
2024-11-06,FAC0139,4,5,31,40,2,4,17
2024-05-21,FAC0271,1,0,7,14,0,4,11
2023-03-30,FAC0010,0,1,11,2,1,2,10
2024-06-05,FAC0054,12,10,405,83,5,7,15
2024-02-27,FAC0079,0,0,15,2,0,10,20
2024-01-21,FAC0143,8,2,75,19,2,8,17
2023-11-12,FAC0283,4,2,13,26,0,6,7
2024-03-18,FAC0091,5,4,34,4,1,6,16
2024-09-08,FAC0156,0,0,49,51,4,8,8
2024-02-20,FAC0172,5,0,13,30,0,5,7
2024-11-12,FAC0213,0,3,24,3,0,5,9
2023-09-12,FAC0146,1,0,6,3,1,3,9
2023-04-23,FAC0051,58,7,280,200,3,9,11
2023-06-26,FAC0086,6,14,165,150,4,1,9
2024-02-03,FAC0128,5,5,44,13,4,12,7
2024-08-16,FAC0041,0,1,4,4,1,5,13
2024-10-29,FAC0066,49,3,207,155,1,5,10
2024-06-13,FAC0059,4,4,23,13,1,6,12
2023-10-07,FAC0202,4,0,26,41,3,6,8
2024-04-12,FAC0109,3,2,11,13,0,5,11
2023-07-02,FAC0294,2,0,23,5,0,9,9
2023-03-25,FAC0153,2,1,32,4,3,3,8
2023-02-20,FAC0044,1,2,11,25,1,5,17
2023-12-05,FAC0288,1,1,20,3,1,7,10
2023-02-11,FAC0121,0,0,37,8,1,1,9
2024-10-09,FAC0096,4,4,18,16,0,5,7
2023-02-26,FAC0092,47,5,166,176,5,5,6
2024-11-04,FAC0102,0,0,10,3,1,4,15
2023-06-29,FAC0122,1,0,4,11,0,2,17
2024-06-07,FAC0130,0,0,21,3,1,4,17
2023-12-20,FAC0011,1,1,9,10,1,7,7
2024-12-13,FAC0295,0,0,9,5,0,7,14
2024-12-12,FAC0264,2,1,43,30,1,3,9
2024-03-24,FAC0128,1,4,47,10,3,11,8
2024-02-25,FAC0131,1,3,26,15,2,2,11
2024-08-01,FAC0111,2,2,33,3,1,3,17
2023-09-06,FAC0296,56,14,192,207,8,5,16
2024-11-07,FAC0214,2,0,15,4,1,7,6
2023-07-09,FAC0132,0,3,15,14,1,5,8
2023-05-16,FAC0093,31,28,227,76,3,8,17
2024-09-30,FAC0184,3,0,22,14,2,4,13
2024-11-14,FAC0171,2,0,12,4,0,2,8
2023-01-19,FAC0248,5,6,58,9,1,8,4
2024-03-12,FAC0034,1,1,4,6,1,3,10
2023-08-21,FAC0198,2,2,16,2,1,6,7
2023-02-05,FAC0262,1,0,18,4,0,4,10
2024-10-26,FAC0233,0,0,3,5,0,10,11
2023-04-14,FAC0001,2,2,15,9,1,6,9
2023-01-03,FAC0226,0,4,19,26,0,3,14
2023-03-14,FAC0031,50,29,324,67,6,2,9
2023-10-04,FAC0046,0,1,13,2,2,2,12
2023-06-20,FAC0210,4,0,40,10,0,5,11
2023-07-28,FAC0224,0,0,10,2,2,7,17
2024-11-08,FAC0293,3,1,11,13,0,4,27
2023-07-31,FAC0078,4,2,13,15,2,2,13
2023-10-24,FAC0175,5,0,26,12,0,2,9
2023-12-16,FAC0175,0,3,34,4,2,2,10
2024-08-16,FAC0248,4,7,54,13,2,9,6
2023-07-01,FAC0175,1,1,33,5,1,4,11
2024-01-16,FAC0227,6,39,323,129,5,6,9
2024-02-25,FAC0249,3,3,18,12,0,2,11
2023-03-12,FAC0034,1,1,8,2,0,7,9
2024-06-04,FAC0285,2,2,172,198,1,3,11
2024-05-09,FAC0174,21,1,84,68,2,1,9
2023-05-30,FAC0128,4,1,46,11,3,9,13
2024-08-04,FAC0263,6,3,23,17,1,3,10
2023-06-09,FAC0076,3,3,27,10,0,5,10
2023-05-29,FAC0123,2,0,14,27,0,3,5
2024-12-04,FAC0172,1,5,18,25,2,4,10
2024-10-17,FAC0163,2,0,26,3,0,6,10
2024-08-16,FAC0282,0,0,15,20,1,2,16
2024-06-28,FAC0077,0,0,9,1,1,7,13
2023-10-13,FAC0131,5,4,17,24,1,2,15
2023-02-14,FAC0122,1,1,11,4,0,3,10
2023-01-29,FAC0020,2,0,9,11,0,5,9
2023-11-06,FAC0295,2,0,6,8,0,7,10
2024-06-26,FAC0271,0,2,16,5,0,5,12
2024-12-01,FAC0017,13,41,359,56,5,2,21
2024-03-13,FAC0099,2,2,30,29,2,7,7
2024-09-02,FAC0184,3,2,13,23,2,5,16
2023-11-02,FAC0109,3,1,8,16,1,4,9
2023-01-17,FAC0236,1,2,17,11,0,1,10
2023-12-25,FAC0035,3,2,14,8,1,6,9
2023-06-14,FAC0196,0,3,12,17,1,6,13
2024-05-04,FAC0059,0,2,17,19,2,6,10
2023-07-17,FAC0100,4,22,115,161,4,6,25
2023-10-13,FAC0083,2,1,19,2,0,8,12
2024-11-03,FAC0263,6,4,20,20,0,6,11
2024-03-25,FAC0064,0,7,58,18,1,6,13
2023-12-21,FAC0222,5,3,39,20,1,7,21
2023-10-13,FAC0080,0,0,8,6,0,7,9
2024-09-08,FAC0237,4,2,26,3,0,5,15
2024-03-07,FAC0049,12,8,54,35,1,7,10
2023-09-29,FAC0103,6,3,41,18,3,2,6
2024-04-17,FAC0083,0,0,19,2,0,6,10
2023-12-02,FAC0258,8,6,44,12,1,6,11
2024-07-19,FAC0087,2,0,7,10,1,5,14
2023-06-01,FAC0244,0,0,4,7,1,8,15
2023-05-23,FAC0254,0,0,11,5,1,3,5
2024-08-09,FAC0057,0,1,7,4,1,5,9
2023-05-11,FAC0291,5,4,14,24,1,5,16
2024-12-03,FAC0116,9,10,75,103,1,11,8
2023-10-15,FAC0002,0,0,31,11,1,5,6
2023-06-04,FAC0014,6,2,40,4,1,3,17
2024-05-29,FAC0283,3,0,14,25,0,5,12
2024-10-22,FAC0078,0,3,16,12,1,4,9
2023-05-28,FAC0276,2,2,13,20,1,3,7
2023-12-08,FAC0133,3,4,30,29,0,2,11
2024-03-02,FAC0181,4,0,24,23,1,3,15
2023-08-07,FAC0214,2,2,11,8,1,6,7
2023-06-20,FAC0159,5,0,21,20,0,5,16
2024-01-18,FAC0247,1,1,6,6,1,2,7
2024-02-11,FAC0249,4,1,11,19,1,2,16
2023-07-18,FAC0013,3,2,6,15,1,4,15
2023-11-06,FAC0114,4,0,21,15,1,5,12
2024-12-15,FAC0148,0,1,3,8,1,5,6
2024-11-29,FAC0087,0,0,15,2,0,6,17
2023-06-06,FAC0189,0,1,8,6,1,3,14
2023-09-09,FAC0090,1,1,22,8,1,8,17
2024-10-06,FAC0225,3,0,10,20,2,3,16
2023-09-09,FAC0259,2,1,13,6,2,5,23
2023-11-21,FAC0185,30,14,100,154,2,9,21
2024-09-24,FAC0227,38,3,289,163,5,7,12
2024-01-10,FAC0130,2,0,9,15,0,5,19
2024-05-11,FAC0129,1,4,20,20,0,4,15
2024-02-17,FAC0182,1,1,10,15,0,3,11
2023-04-17,FAC0044,0,2,22,14,2,3,21
2023-10-14,FAC0054,12,14,310,178,8,4,15
2024-06-17,FAC0149,1,0,8,4,0,3,20
2023-02-20,FAC0178,1,2,6,13,0,2,4
2023-07-30,FAC0244,0,0,8,3,0,7,19
2023-08-14,FAC0004,3,2,22,2,1,6,19
2023-09-22,FAC0206,1,0,10,15,1,5,16
2024-10-01,FAC0107,7,5,61,15,4,7,18
2024-04-09,FAC0042,3,1,12,10,0,3,16
2024-12-27,FAC0125,0,1,17,6,0,7,8
2023-03-10,FAC0157,0,1,21,9,1,8,6
2024-03-22,FAC0035,2,2,20,2,1,8,11
2023-05-12,FAC0187,35,40,239,106,0,10,7
2024-12-19,FAC0182,2,2,12,13,1,6,7
2024-05-22,FAC0273,0,0,12,19,1,4,4
2024-07-01,FAC0259,1,1,16,3,0,5,21
2024-01-28,FAC0212,8,6,30,25,2,6,19
2023-12-23,FAC0284,7,11,86,129,6,2,16
2023-01-31,FAC0137,0,0,10,11,1,4,7
2023-04-16,FAC0252,6,0,79,17,1,6,11
2024-01-12,FAC0239,0,0,4,1,1,7,5
2023-06-15,FAC0198,1,1,13,5,0,6,14
2023-03-17,FAC0025,2,0,17,9,1,2,13
2024-02-14,FAC0050,4,5,38,11,1,5,10
2024-06-13,FAC0113,1,1,9,4,0,6,15
2024-10-25,FAC0192,36,15,112,198,7,8,11
2024-09-11,FAC0274,7,8,78,14,1,7,21
2023-09-21,FAC0069,0,0,7,7,1,4,8
2023-07-18,FAC0290,0,3,13,16,0,9,13
2024-01-24,FAC0177,2,2,26,12,3,3,12
2024-03-25,FAC0075,0,0,6,6,1,5,14
2023-05-04,FAC0215,3,2,29,11,4,5,16
2024-08-04,FAC0163,2,0,17,12,0,7,15
2024-05-07,FAC0175,1,0,20,18,1,5,14
2024-10-20,FAC0100,15,6,244,32,0,7,25
2023-06-02,FAC0060,0,5,45,83,1,7,12
2024-02-09,FAC0031,30,43,197,194,1,2,13
2024-07-28,FAC0158,17,20,160,287,0,1,4
2024-08-05,FAC0279,11,3,83,15,0,3,15
2023-06-18,FAC0299,0,0,18,11,0,5,12
2023-03-06,FAC0219,2,1,11,3,1,2,11
2023-02-14,FAC0114,4,1,23,13,3,3,18
2023-12-03,FAC0233,0,0,2,6,1,11,10
2024-06-15,FAC0005,1,0,5,11,1,7,10
2023-04-01,FAC0056,3,0,17,11,1,4,8
2023-12-11,FAC0212,5,6,22,33,0,5,19
2024-07-17,FAC0192,27,36,155,155,3,7,12
2024-04-17,FAC0024,0,1,4,9,0,4,22
2023-10-28,FAC0027,46,27,191,163,2,5,8
2024-11-15,FAC0254,2,0,8,8,0,6,8
2024-04-19,FAC0044,4,1,22,14,2,5,13
2024-06-08,FAC0289,0,3,34,12,0,3,15
2024-02-19,FAC0166,2,2,11,6,1,5,9
2023-10-20,FAC0190,1,4,54,27,2,5,9
2023-10-31,FAC0194,6,0,22,25,0,7,19
2023-05-11,FAC0108,0,0,21,13,2,3,8
2024-04-11,FAC0222,5,5,45,14,2,4,13
2024-11-27,FAC0243,37,16,208,85,2,4,21
2024-02-22,FAC0239,1,0,2,3,0,6,8
2023-03-08,FAC0079,0,2,6,11,1,7,24
2024-08-12,FAC0230,5,3,28,7,0,4,22
2024-09-26,FAC0099,0,1,18,41,3,6,5
2023-08-02,FAC0176,2,0,18,7,1,9,11
2024-05-14,FAC0088,3,4,36,3,0,9,8
2023-11-15,FAC0069,0,0,6,8,0,4,8
2023-03-09,FAC0208,4,4,33,6,0,4,10
2023-10-21,FAC0165,33,22,103,189,1,1,9
2024-12-30,FAC0149,0,0,3,9,0,4,19
2024-07-03,FAC0257,1,2,16,7,0,2,10
2023-02-20,FAC0009,1,0,23,7,2,5,15
2024-05-25,FAC0159,5,0,35,6,1,3,13
2023-10-24,FAC0239,1,1,3,2,1,5,4
2024-09-17,FAC0135,2,2,10,20,0,8,19
2024-12-27,FAC0203,11,8,62,36,0,10,21
2023-07-25,FAC0024,0,0,11,2,2,3,13
2023-06-13,FAC0011,0,1,16,3,1,6,7
2024-08-19,FAC0116,11,2,138,40,0,7,11
2024-11-20,FAC0179,2,1,27,16,1,9,13
2023-01-24,FAC0023,7,8,37,62,1,6,6
2024-09-27,FAC0185,31,8,106,148,3,10,20
2023-12-27,FAC0287,1,0,19,17,3,2,7
2023-05-09,FAC0291,5,4,11,27,0,3,14
2024-10-30,FAC0229,2,2,15,8,0,6,10
2024-12-01,FAC0286,1,1,13,5,1,3,6
2023-03-05,FAC0136,0,3,16,19,1,5,11
2024-07-31,FAC0178,0,2,15,4,1,5,6
2023-10-05,FAC0300,2,0,17,7,1,3,14
2024-12-30,FAC0159,2,1,33,8,1,3,13
2023-12-06,FAC0242,0,1,13,2,2,4,9
2024-02-17,FAC0048,5,4,23,18,0,4,12
2024-04-06,FAC0291,1,0,18,20,0,3,9
2023-05-21,FAC0072,5,2,21,47,1,13,11
2024-07-15,FAC0051,10,48,283,197,0,6,11
2023-05-01,FAC0144,1,0,16,12,1,4,9
2023-12-17,FAC0154,0,1,35,15,1,3,11
2024-10-20,FAC0113,0,1,11,2,1,8,17
2024-12-24,FAC0270,2,5,41,8,1,2,12
2023-04-11,FAC0186,2,0,13,3,2,4,13
2023-05-30,FAC0250,2,2,17,4,2,7,11
2024-11-17,FAC0052,2,1,7,8,1,14,14
2023-10-21,FAC0289,1,4,20,26,0,2,14
2023-01-27,FAC0227,38,8,347,105,5,4,15
2024-05-21,FAC0048,0,4,38,3,1,6,20
2023-11-07,FAC0173,0,1,6,16,0,3,11
2023-05-03,FAC0154,7,4,22,28,3,4,11
2023-04-05,FAC0077,0,0,4,6,1,8,14
2023-06-09,FAC0066,11,39,268,94,1,7,14
2023-12-07,FAC0166,0,1,7,10,0,5,18
2023-03-12,FAC0056,2,0,13,15,0,7,9
2023-01-06,FAC0023,0,8,39,60,0,8,5
2023-06-07,FAC0172,1,4,27,16,0,5,14
2024-07-30,FAC0189,2,1,9,5,0,6,15
2024-02-12,FAC0143,7,9,87,7,1,6,14
2023-05-21,FAC0154,0,4,38,12,0,5,9
2024-03-27,FAC0201,6,0,61,4,0,3,14
2024-03-13,FAC0072,5,3,47,21,0,14,16
2024-04-21,FAC0102,1,0,5,8,0,3,15
2024-01-23,FAC0241,1,1,8,7,0,6,21
2024-06-05,FAC0263,0,0,25,15,0,5,10
2024-01-11,FAC0232,10,5,73,27,3,2,9
2024-07-26,FAC0247,1,0,4,8,1,2,7
2024-05-06,FAC0190,11,7,31,50,1,7,17
2023-03-25,FAC0247,1,1,10,2,0,3,10
2024-02-19,FAC0083,1,1,16,5,1,8,9
2023-03-20,FAC0200,4,2,21,8,1,7,12
2024-10-05,FAC0009,1,3,20,10,1,4,17
2023-06-10,FAC0208,3,0,36,3,1,3,16
2024-05-30,FAC0293,2,0,17,7,1,6,15
2024-10-21,FAC0144,4,3,22,6,1,3,17
2023-07-14,FAC0200,1,1,18,11,2,8,16
2024-02-15,FAC0241,1,1,13,2,1,5,16
2024-07-23,FAC0218,0,0,4,7,0,8,12
2023-08-08,FAC0089,5,6,18,43,2,7,10
2024-02-26,FAC0123,5,0,37,4,1,4,11
2024-04-03,FAC0217,12,6,79,16,0,5,20
2023-03-10,FAC0216,1,0,6,5,0,7,9
2023-05-04,FAC0118,1,3,11,27,1,2,9
2023-03-10,FAC0289,0,1,37,9,1,3,8
2023-09-15,FAC0187,23,30,319,26,2,6,8
2023-09-09,FAC0036,2,1,5,11,0,5,8
2024-09-25,FAC0074,1,1,6,2,1,4,9
2023-02-05,FAC0116,4,21,83,95,1,9,11
2024-10-01,FAC0068,0,3,12,15,1,6,9
2024-03-06,FAC0068,1,0,10,17,0,8,12
2023-07-16,FAC0024,1,1,10,3,0,6,13
2023-05-27,FAC0180,13,5,93,85,9,4,10
2024-06-11,FAC0191,2,2,26,23,1,3,11
2023-10-03,FAC0093,21,12,224,79,3,4,12
2023-05-09,FAC0004,1,2,20,4,0,7,14
2023-12-29,FAC0077,1,1,8,2,0,5,18
2023-09-20,FAC0296,46,38,248,151,5,7,22
2024-01-27,FAC0219,2,0,10,4,0,4,18
2023-02-20,FAC0241,1,1,6,9,1,4,12
2024-04-18,FAC0104,2,1,30,12,1,13,8
2023-09-27,FAC0239,0,0,4,1,0,7,8
2023-04-30,FAC0080,1,0,10,4,1,8,10
2024-05-02,FAC0225,0,1,21,9,1,4,14
2024-06-03,FAC0026,0,0,5,8,1,7,7
2023-06-02,FAC0159,6,0,14,27,0,6,10
2024-06-02,FAC0139,8,8,27,44,2,3,14
2024-11-05,FAC0028,4,2,14,32,1,8,21
2023-11-25,FAC0064,10,9,58,18,2,6,11
2023-08-05,FAC0104,2,3,20,22,1,8,7
2023-09-30,FAC0144,0,3,18,10,1,3,17
2024-01-17,FAC0102,0,0,6,7,1,2,20
2024-08-15,FAC0271,1,1,14,7,0,4,11
2024-04-27,FAC0241,1,0,10,5,0,6,22
2024-09-14,FAC0291,5,3,15,23,0,6,18
2023-04-22,FAC0194,5,5,41,6,2,4,18
2024-06-29,FAC0012,0,1,7,3,0,3,14
2024-02-06,FAC0240,0,0,10,6,1,4,12
2023-05-03,FAC0223,1,3,15,17,0,6,16
2024-03-14,FAC0095,0,1,37,3,1,4,11
2024-10-17,FAC0060,11,15,98,30,1,8,9
2023-08-23,FAC0202,10,3,63,4,2,3,15
2023-10-27,FAC0179,0,3,25,18,0,5,8
2024-02-11,FAC0121,5,0,20,25,0,2,10
2024-04-22,FAC0175,5,2,30,8,0,4,8
2024-08-14,FAC0089,4,5,21,40,0,6,7
2023-07-27,FAC0063,1,1,29,3,1,6,15
2024-08-09,FAC0058,2,0,6,9,0,2,7
2023-10-09,FAC0113,1,1,10,3,1,7,17
2024-01-24,FAC0159,4,1,36,5,1,6,13
2023-05-15,FAC0078,1,3,11,17,2,3,12
2024-07-19,FAC0184,5,4,15,21,1,4,10
2024-03-10,FAC0171,2,1,9,7,1,2,10
2024-03-29,FAC0011,0,1,8,11,0,7,7
2024-11-24,FAC0063,3,1,26,6,2,4,8
2023-08-29,FAC0211,0,1,8,4,0,5,15
2024-05-19,FAC0293,2,1,20,4,0,4,23
2024-03-20,FAC0113,1,1,6,7,0,7,11
2024-01-28,FAC0286,2,0,11,7,0,2,9
2023-11-19,FAC0072,0,1,37,31,0,12,12
2023-03-25,FAC0033,1,2,39,23,1,3,20
2023-10-14,FAC0114,2,0,16,20,3,3,19
2024-11-23,FAC0258,1,6,53,3,2,7,14
2024-06-19,FAC0288,3,2,17,6,0,7,12
2023-11-11,FAC0186,2,1,9,7,0,6,7
2023-12-07,FAC0220,34,14,137,108,6,2,14
2024-02-03,FAC0049,7,4,74,15,0,5,6
2023-09-10,FAC0242,1,1,9,6,0,6,8
2024-04-29,FAC0025,0,2,16,10,0,3,21
2024-05-14,FAC0076,1,1,16,21,1,8,14
2024-10-08,FAC0003,3,0,9,11,1,3,9
2023-11-12,FAC0014,1,1,14,30,1,4,15
2023-08-28,FAC0199,3,1,28,3,2,3,20
2023-03-15,FAC0179,2,0,22,21,0,10,15
2024-01-18,FAC0006,1,1,105,139,6,7,11
2023-09-29,FAC0068,1,1,21,6,1,8,9
2024-01-03,FAC0290,3,1,21,8,0,11,12
2023-05-15,FAC0007,6,0,39,9,0,9,9
2023-02-17,FAC0092,26,20,149,193,2,6,5
2024-11-14,FAC0021,2,1,6,13,0,6,18
2023-07-17,FAC0057,1,0,8,3,1,5,12
2023-02-01,FAC0298,0,2,13,6,0,1,12
2023-03-26,FAC0094,7,3,43,14,5,2,8
2024-12-27,FAC0132,0,3,16,13,0,7,8
2023-03-07,FAC0129,3,3,35,5,1,3,11
2024-05-22,FAC0063,1,1,19,13,0,5,10
2023-06-11,FAC0285,26,22,154,216,1,3,19
2024-08-19,FAC0222,1,7,46,13,1,4,20
2024-04-15,FAC0243,40,29,168,125,1,4,13
2024-01-08,FAC0224,1,1,7,5,2,4,12
2024-05-04,FAC0087,2,0,14,3,0,5,16
2023-11-25,FAC0296,6,43,186,213,2,7,19
2024-12-09,FAC0202,4,4,31,36,2,6,9
2023-04-01,FAC0068,4,1,25,2,1,8,12
2023-03-29,FAC0081,2,4,32,6,1,7,12
2024-12-15,FAC0099,7,3,28,31,3,7,8
2023-06-19,FAC0224,0,0,5,7,0,4,9
2023-03-16,FAC0245,5,3,38,6,1,2,19
2023-12-02,FAC0145,4,3,23,11,0,10,11
2023-03-02,FAC0040,2,1,9,7,0,7,11
2023-12-09,FAC0072,10,6,27,41,2,9,19
2024-03-25,FAC0237,0,3,10,19,1,4,13
2023-08-19,FAC0121,0,0,39,6,0,1,7
2024-12-07,FAC0209,1,0,12,13,1,4,14
2023-10-10,FAC0100,7,29,226,50,3,7,27
2023-05-20,FAC0064,0,5,61,15,3,5,12
2023-03-14,FAC0252,1,1,74,22,4,4,11
2024-08-15,FAC0215,2,0,13,27,2,6,18
2023-11-14,FAC0061,3,2,28,16,2,8,13
2024-09-04,FAC0173,1,2,20,2,0,2,12
2023-07-06,FAC0102,0,0,7,6,0,2,17
2024-03-08,FAC0052,1,1,6,9,1,10,23
2023-03-05,FAC0072,0,3,42,26,2,11,16
2024-06-20,FAC0083,1,0,6,15,0,6,14
2024-03-25,FAC0052,0,0,8,7,0,12,20
2024-08-30,FAC0159,6,4,31,10,0,6,14
2024-06-17,FAC0187,14,5,183,162,1,6,15
2023-08-23,FAC0110,5,1,27,14,1,5,23
2023-06-03,FAC0004,2,0,20,4,0,5,24
2024-02-05,FAC0227,60,24,356,96,1,5,8
2023-04-25,FAC0075,0,1,6,6,1,5,15
2023-08-02,FAC0189,2,1,7,7,1,3,19
2023-01-04,FAC0248,7,1,29,38,2,10,3
2023-01-29,FAC0185,13,10,106,148,3,7,19
2023-03-25,FAC0270,3,2,18,31,0,3,20
2023-09-09,FAC0005,0,1,10,6,1,10,17
2024-11-14,FAC0026,1,0,8,5,0,4,15
2023-09-15,FAC0246,4,0,45,14,0,3,10
2024-05-04,FAC0136,1,1,25,10,0,6,15
2023-08-16,FAC0275,2,1,8,21,0,10,10
2024-08-10,FAC0076,3,1,29,8,0,6,8
2023-10-29,FAC0209,3,1,17,8,0,7,11
2023-02-21,FAC0239,1,1,2,3,0,7,8
2023-04-25,FAC0282,0,2,15,20,0,3,17
2024-01-23,FAC0071,0,0,6,5,1,3,13
2024-02-17,FAC0186,1,1,11,5,2,6,12
2023-02-14,FAC0097,11,8,73,13,2,5,10
2024-02-24,FAC0134,2,0,9,14,1,3,8
2023-06-10,FAC0159,2,3,22,19,0,4,10
2023-12-06,FAC0288,0,2,11,12,1,6,8
2023-12-07,FAC0104,1,3,36,6,0,13,10
2023-09-17,FAC0142,34,39,318,41,8,3,15
2023-12-07,FAC0044,0,2,20,16,2,7,13
2024-01-12,FAC0256,0,0,24,4,0,7,11
2024-04-01,FAC0259,2,0,10,9,2,7,23
2024-11-11,FAC0229,3,2,15,8,0,4,13
2024-05-17,FAC0158,10,21,244,203,1,2,5
2024-09-07,FAC0251,1,0,13,11,1,7,11
2023-11-13,FAC0037,5,17,80,91,1,6,10
2024-02-27,FAC0185,13,27,94,160,0,12,15
2023-04-04,FAC0158,12,28,201,246,0,2,5
2024-06-26,FAC0098,5,4,22,14,1,5,8
2024-03-04,FAC0148,1,0,5,6,1,5,8
2023-10-14,FAC0190,11,1,34,47,0,11,8
2023-12-22,FAC0086,46,9,133,182,0,2,9
2023-07-20,FAC0035,3,0,8,14,0,6,10
2024-02-08,FAC0004,0,2,18,6,1,7,14
2023-09-21,FAC0229,0,1,14,9,0,8,10
2024-04-12,FAC0127,3,1,45,8,1,4,11
2024-03-21,FAC0231,1,1,9,2,1,1,8
2023-09-20,FAC0165,10,27,160,132,1,1,9
2024-07-18,FAC0161,0,1,7,4,0,5,16
2023-04-13,FAC0190,4,0,73,8,0,9,17
2023-01-27,FAC0193,0,1,7,17,0,7,12
2024-05-08,FAC0162,4,0,19,41,0,8,13
2024-11-23,FAC0148,1,0,7,4,0,3,6
2024-04-27,FAC0155,8,3,32,31,0,5,9
2024-03-22,FAC0073,1,0,5,3,0,3,18
2023-04-04,FAC0156,15,0,47,53,1,6,8
2023-09-20,FAC0008,0,1,19,5,1,4,7
2024-03-14,FAC0054,27,39,354,134,7,3,17
2023-08-01,FAC0184,3,0,24,12,1,4,18
2023-01-24,FAC0189,1,1,8,6,1,5,19
2023-04-04,FAC0143,11,6,42,52,2,5,11
2024-11-29,FAC0142,21,23,202,157,4,3,19
2023-12-28,FAC0077,0,0,4,6,0,11,17
2024-12-22,FAC0101,6,4,40,3,1,4,7
2023-12-26,FAC0064,11,7,61,15,2,7,9
2023-07-11,FAC0291,0,2,20,18,0,6,10
2024-04-23,FAC0136,4,3,19,16,1,4,14
2024-08-13,FAC0054,28,5,347,141,3,7,19
2023-04-21,FAC0213,1,1,23,4,0,6,10
2023-04-28,FAC0232,2,3,32,68,2,1,13
2023-09-03,FAC0016,0,1,6,12,1,5,17
2023-01-23,FAC0130,3,1,17,7,1,6,18
2023-07-16,FAC0282,1,3,32,3,0,2,13
2024-07-04,FAC0229,2,1,12,11,1,9,13
2023-05-22,FAC0025,0,3,15,11,1,3,25
2024-08-04,FAC0106,6,0,31,9,0,4,7
2024-08-21,FAC0239,1,0,4,1,0,7,8
2023-05-12,FAC0033,8,2,26,36,0,2,16
2023-09-02,FAC0053,2,1,13,2,1,2,17
2023-01-24,FAC0054,18,33,192,296,2,7,18
2024-04-28,FAC0200,2,2,25,4,1,8,20
2023-10-09,FAC0135,2,3,22,8,1,5,19
2023-04-28,FAC0044,4,2,29,7,0,6,21
2024-07-07,FAC0273,4,3,19,12,0,4,7
2023-09-08,FAC0162,7,6,21,39,0,7,16
2024-12-17,FAC0009,2,1,10,20,1,3,15
2023-03-21,FAC0093,32,23,200,103,3,5,18
2023-06-15,FAC0234,0,0,7,4,0,1,4
2023-07-24,FAC0186,0,1,13,3,2,8,8
2024-07-31,FAC0141,4,1,32,17,1,6,16
2023-03-11,FAC0260,6,5,23,21,2,2,12
2024-03-14,FAC0117,2,1,9,9,0,4,12
2024-01-01,FAC0240,1,1,6,10,0,5,14
2024-02-16,FAC0098,2,4,12,24,1,9,9
2023-08-13,FAC0219,1,1,10,4,0,2,17
2023-12-18,FAC0040,0,1,12,4,0,3,13
2024-03-30,FAC0058,1,1,12,3,0,2,6
2024-05-20,FAC0270,4,2,42,7,1,5,17
2023-11-12,FAC0042,1,0,7,15,1,4,14
2023-03-09,FAC0015,12,4,110,62,0,7,10
2023-12-05,FAC0124,10,30,186,74,6,3,17
2024-07-10,FAC0141,6,5,37,12,0,8,10
2024-08-11,FAC0249,3,1,20,10,0,2,16
2024-04-29,FAC0156,1,1,35,65,3,4,5
2024-08-26,FAC0146,0,0,3,6,1,1,16
2024-12-26,FAC0078,4,3,24,4,2,4,9
2023-09-29,FAC0184,3,4,33,3,2,8,9
2023-09-01,FAC0260,1,4,28,16,1,4,11
2023-06-15,FAC0176,2,3,21,4,1,6,12
2023-03-15,FAC0024,0,0,4,9,1,5,23
2024-05-06,FAC0202,6,3,21,46,2,4,14
2023-10-09,FAC0151,5,6,35,31,4,3,11
2023-05-24,FAC0293,2,2,21,3,0,9,15
2023-10-22,FAC0070,18,1,57,131,3,1,14
2023-10-07,FAC0135,2,2,18,12,0,11,19
2024-04-24,FAC0271,3,2,7,14,1,4,10
2023-04-14,FAC0215,1,1,35,5,2,5,16
2024-03-01,FAC0207,4,3,15,20,0,9,7
2023-10-12,FAC0039,1,0,27,3,0,3,17
2023-02-14,FAC0004,0,2,10,14,0,6,16
2024-08-11,FAC0067,0,1,13,14,0,3,13
2023-02-23,FAC0254,1,0,8,8,1,3,5
2023-09-29,FAC0123,2,0,36,5,1,4,11
2024-12-06,FAC0075,1,1,8,4,0,7,10
2023-03-26,FAC0129,1,2,13,27,0,6,21
2023-10-18,FAC0296,26,13,357,42,6,5,19
2024-12-31,FAC0214,1,0,14,5,1,4,8
2023-02-13,FAC0013,1,0,14,7,0,3,17
2023-05-01,FAC0126,1,0,25,12,1,7,21
2023-05-16,FAC0070,25,6,121,67,3,1,12
2023-04-01,FAC0253,4,3,17,19,1,3,11
2023-03-09,FAC0159,2,4,16,25,1,4,9
2024-04-14,FAC0050,0,5,24,25,2,5,7
2024-03-11,FAC0241,1,1,14,1,0,4,22
2023-11-23,FAC0048,1,1,30,11,1,6,18
2024-02-29,FAC0075,1,0,10,2,0,6,11
2023-10-29,FAC0145,1,2,26,8,1,9,5
2024-06-12,FAC0263,2,4,12,28,1,5,11
2024-05-25,FAC0211,1,0,6,6,0,6,10
2023-07-20,FAC0037,0,5,117,54,4,8,20
2024-12-29,FAC0271,1,0,9,12,1,6,17
2024-03-02,FAC0062,1,2,8,14,0,5,11
2023-02-16,FAC0056,0,1,21,7,0,7,7
2024-02-08,FAC0260,0,1,14,30,2,5,18
2023-04-18,FAC0288,3,0,10,13,0,6,12
2024-11-29,FAC0144,1,0,11,17,1,7,10
2023-07-20,FAC0007,6,1,16,32,0,10,12
2024-03-28,FAC0235,1,3,9,22,2,5,9
2024-11-09,FAC0193,2,0,17,7,1,10,12
2023-07-19,FAC0222,0,1,49,10,0,3,13
2023-03-06,FAC0154,1,0,27,23,3,3,15
2024-11-24,FAC0009,2,1,20,10,2,4,13
2023-01-06,FAC0242,0,0,13,2,2,5,17
2024-03-07,FAC0079,2,1,7,10,1,6,16
2023-04-13,FAC0137,0,1,18,3,0,3,10
2023-09-29,FAC0050,2,1,44,5,2,5,9
2023-02-13,FAC0300,1,2,7,17,1,3,14
2023-07-14,FAC0119,3,0,33,4,1,2,16
2023-03-26,FAC0164,1,1,4,10,0,3,17
2024-05-11,FAC0024,0,0,4,9,0,3,14
2024-01-28,FAC0013,3,1,16,5,1,2,10
2024-05-28,FAC0254,0,1,9,7,1,6,9
2024-10-31,FAC0200,1,1,9,20,0,4,15
2024-03-14,FAC0293,0,1,22,2,0,7,26
2023-11-20,FAC0230,3,3,20,15,0,2,22
2023-05-25,FAC0044,0,3,32,4,0,4,17
2023-10-01,FAC0213,4,2,23,4,1,4,11
2024-11-29,FAC0101,0,2,27,16,4,3,14
2023-06-05,FAC0227,16,22,229,223,1,9,15
2023-04-24,FAC0012,1,1,5,5,1,5,15
2024-11-10,FAC0260,3,2,40,4,2,5,13
2023-12-08,FAC0009,2,1,27,3,1,5,19
2023-05-16,FAC0007,1,3,32,16,1,9,11
2024-03-06,FAC0094,6,3,37,20,8,4,15
2023-01-16,FAC0276,4,0,23,10,1,4,7
2023-08-29,FAC0249,3,1,27,3,0,4,11
2024-12-11,FAC0229,0,0,16,7,0,7,13
2024-07-15,FAC0002,0,3,29,13,0,5,12
2023-02-20,FAC0039,4,0,23,7,0,2,16
2023-12-24,FAC0229,1,2,13,10,0,5,8
2024-01-30,FAC0049,8,3,48,41,0,5,13
2024-08-18,FAC0069,1,0,9,5,0,2,7
2023-05-09,FAC0098,3,4,33,3,0,6,5
2024-10-09,FAC0179,4,1,33,10,1,5,13
2024-07-13,FAC0235,1,0,12,19,1,7,11
2023-03-17,FAC0156,11,10,68,32,1,7,7
2024-02-12,FAC0135,4,2,21,9,0,9,12
2023-07-01,FAC0278,17,13,130,27,8,6,18
2023-12-29,FAC0222,8,6,21,38,2,6,20
2023-02-02,FAC0072,5,2,39,29,0,14,14
2023-10-25,FAC0187,32,14,126,219,0,5,12
2024-05-22,FAC0069,2,1,6,8,1,2,12
2023-06-12,FAC0119,1,3,18,19,0,1,10
2023-12-12,FAC0009,1,2,22,8,0,3,22
2024-07-06,FAC0127,2,3,42,11,0,9,8
2024-06-05,FAC0271,1,2,18,3,1,4,11
2024-10-20,FAC0014,0,3,22,22,0,4,23
2024-01-28,FAC0019,2,3,10,21,1,5,11
2023-04-24,FAC0206,1,3,9,16,0,8,15
2023-03-03,FAC0124,18,30,130,130,7,2,23
2024-10-14,FAC0194,3,1,17,30,2,4,14
2023-10-08,FAC0159,3,2,31,10,0,6,9
2023-11-15,FAC0008,3,0,12,12,2,2,10
2024-08-30,FAC0052,1,1,5,10,0,8,15
2024-11-19,FAC0059,0,3,17,19,2,4,7
2024-01-25,FAC0079,2,1,12,5,1,10,20
2023-11-19,FAC0004,3,1,21,3,0,6,26
2024-08-03,FAC0148,1,0,4,7,0,3,7
2024-05-14,FAC0191,5,1,31,18,1,3,8
2024-06-23,FAC0225,4,1,9,21,2,3,11
2023-04-02,FAC0278,9,15,51,106,1,5,11
2023-12-12,FAC0129,1,2,18,22,2,4,17
2023-06-17,FAC0079,0,2,9,8,1,5,21
2024-11-22,FAC0148,0,0,9,2,0,4,7
2023-11-24,FAC0018,1,0,7,4,1,6,14
2024-04-03,FAC0274,10,1,39,53,0,7,15
2024-06-14,FAC0235,4,1,10,21,2,8,10
2023-03-02,FAC0093,26,26,159,144,0,8,17
2024-01-23,FAC0024,0,0,5,8,1,4,16
2023-01-21,FAC0261,5,3,27,8,3,5,15
2024-02-04,FAC0256,2,1,24,4,0,5,16
2024-08-04,FAC0148,1,1,5,6,1,3,12
2023-02-18,FAC0185,37,30,194,60,4,8,10
2023-09-11,FAC0289,5,1,36,10,1,3,13
2023-08-09,FAC0020,1,2,17,3,0,2,8
2024-02-02,FAC0092,37,36,203,139,0,5,8
2024-01-28,FAC0247,1,0,8,4,0,2,12
2024-02-28,FAC0047,1,1,4,2,0,5,9
2024-03-22,FAC0278,8,1,60,97,0,5,11
2023-08-02,FAC0090,3,1,26,4,1,6,12
2024-03-16,FAC0034,0,1,3,7,0,4,14
2023-04-19,FAC0240,2,0,9,7,1,4,12
2024-09-15,FAC0082,2,0,17,6,1,6,15
2024-04-11,FAC0102,1,1,6,7,1,4,15
2023-07-09,FAC0175,5,4,23,15,2,5,13
2024-11-23,FAC0245,1,5,33,11,2,1,15
2023-08-14,FAC0198,0,1,13,5,0,7,12
2024-03-22,FAC0088,2,1,34,5,0,9,12
2023-11-19,FAC0286,1,0,15,3,1,3,10
2023-06-18,FAC0052,2,1,6,9,0,8,13
2023-01-01,FAC0249,3,2,11,19,0,4,11
2023-02-28,FAC0119,1,0,34,3,1,2,14
2024-03-23,FAC0065,7,8,65,20,0,4,18
2024-08-06,FAC0292,3,2,11,12,1,5,11
2023-10-27,FAC0240,1,0,12,4,1,4,11
2023-12-12,FAC0183,2,3,22,6,1,2,10
2024-11-27,FAC0089,3,5,27,34,2,4,10
2023-03-29,FAC0102,1,1,8,5,1,2,11
2024-01-16,FAC0275,2,3,17,12,1,9,11
2024-04-11,FAC0189,1,1,12,2,0,3,14
2023-11-18,FAC0010,1,0,6,7,0,2,10
2024-10-05,FAC0231,0,0,5,6,0,1,10
2024-12-27,FAC0164,1,0,6,8,0,6,14
2024-08-20,FAC0088,1,0,20,19,0,5,6
2024-06-08,FAC0297,1,0,18,3,1,7,11
2023-02-05,FAC0083,2,2,11,10,0,6,8
2023-12-08,FAC0175,0,4,17,21,0,2,14
2023-08-01,FAC0045,2,1,31,6,2,8,10
2023-09-18,FAC0214,0,1,7,12,0,3,7
2023-07-02,FAC0152,5,15,236,39,3,7,8
2024-12-09,FAC0016,0,1,14,4,1,5,12
2024-06-18,FAC0123,1,1,30,11,0,4,7
2024-09-17,FAC0189,1,1,7,7,1,4,17
2024-11-03,FAC0297,3,1,16,5,1,7,6
2024-01-06,FAC0088,4,4,15,24,0,8,9
2024-01-06,FAC0218,1,0,4,7,2,10,18
2024-09-14,FAC0164,1,0,12,2,0,4,9
2023-10-21,FAC0280,22,40,220,214,2,3,11
2024-11-29,FAC0206,3,0,9,16,0,5,14
2024-08-09,FAC0259,1,0,15,4,1,7,16
2023-08-08,FAC0218,0,0,3,8,2,10,18
2024-03-21,FAC0011,2,0,16,3,0,5,5
2024-02-19,FAC0241,2,0,6,9,1,6,21
2024-06-30,FAC0272,2,1,12,10,1,5,10
2024-07-12,FAC0154,6,1,38,12,3,3,17
2023-08-18,FAC0044,3,2,26,10,1,6,20
2023-11-30,FAC0201,1,6,38,27,1,4,7
2023-08-12,FAC0128,3,6,25,32,4,10,9
2024-08-31,FAC0018,0,1,8,3,1,5,15
2023-07-02,FAC0184,0,0,11,25,1,5,18
2024-04-19,FAC0272,0,1,12,10,1,5,10
2023-07-31,FAC0044,1,2,13,23,1,3,20
2023-11-12,FAC0207,5,4,26,9,0,9,9
2023-01-14,FAC0141,6,1,17,32,0,6,15
2024-01-16,FAC0063,1,1,25,7,1,4,15
2024-05-05,FAC0250,0,2,7,14,0,8,6
2024-10-04,FAC0038,9,7,25,39,1,4,12
2024-04-16,FAC0065,4,4,28,57,2,5,13
2023-09-02,FAC0029,0,2,11,8,1,2,17
2024-09-14,FAC0281,54,0,164,310,4,2,10
2023-08-24,FAC0083,2,1,17,4,1,6,11
2023-07-30,FAC0032,1,1,6,7,1,10,8
2024-10-28,FAC0038,8,6,40,24,0,5,13
2023-01-25,FAC0257,2,2,9,14,1,3,14
2024-09-17,FAC0215,5,0,35,5,3,3,17
2024-04-15,FAC0251,1,0,11,13,1,9,14
2023-12-28,FAC0115,8,5,34,25,1,7,16
2023-01-22,FAC0172,1,2,38,5,1,5,8
2024-09-20,FAC0062,2,0,11,11,0,5,6
2023-12-01,FAC0059,4,4,27,9,0,5,8
2023-03-19,FAC0065,5,10,68,17,0,6,9
2023-02-26,FAC0278,8,11,104,53,5,3,10
2024-02-20,FAC0089,7,1,38,23,1,4,8
2023-06-04,FAC0098,3,0,16,20,1,5,5
2024-02-02,FAC0208,2,2,32,7,0,2,10
2023-02-13,FAC0117,1,2,14,4,2,4,14
2024-02-09,FAC0190,3,5,56,25,0,7,13
2023-11-30,FAC0276,0,0,28,5,1,4,15
2023-10-02,FAC0018,0,1,4,7,1,7,15
2023-07-10,FAC0109,2,0,15,9,0,2,5
2023-06-19,FAC0076,5,4,11,26,0,8,9
2023-09-09,FAC0159,3,1,21,20,1,4,14
2023-05-24,FAC0180,1,6,166,12,10,4,14
2023-11-03,FAC0264,2,5,50,23,2,3,13
2023-11-02,FAC0045,2,1,32,5,0,4,10
2023-07-10,FAC0191,0,4,34,15,1,3,7
2023-11-03,FAC0105,2,1,12,18,2,3,18
2024-04-27,FAC0012,1,0,8,2,1,3,14
2024-04-08,FAC0007,2,4,32,16,1,8,16
2024-04-04,FAC0150,0,2,13,17,0,3,9
2024-10-06,FAC0046,0,0,6,9,0,3,13
2024-09-20,FAC0281,59,9,230,244,6,4,9
2024-10-29,FAC0159,4,0,31,10,1,6,10
2023-06-30,FAC0071,0,1,5,6,0,6,8
2023-03-17,FAC0113,0,0,5,8,1,7,17
2023-02-14,FAC0082,1,1,14,9,1,6,10
2023-09-05,FAC0136,2,4,22,13,1,4,11
2024-12-02,FAC0191,0,4,30,19,0,5,8
2023-02-17,FAC0058,2,0,5,10,0,3,8
2023-12-18,FAC0170,22,18,217,19,4,7,16
2024-06-15,FAC0275,0,1,13,16,0,7,13
2024-06-02,FAC0152,35,19,226,49,5,8,13
2023-01-09,FAC0153,0,1,26,10,4,1,10
2023-04-13,FAC0113,0,1,5,8,1,9,12
2023-03-28,FAC0062,3,0,16,6,0,2,12
2023-06-06,FAC0263,5,3,26,14,1,3,9
2023-12-20,FAC0250,1,0,7,14,1,5,8
2023-11-26,FAC0167,4,3,57,7,0,2,10
2024-06-29,FAC0036,1,1,8,8,1,2,8
2024-05-04,FAC0027,29,11,215,139,5,6,10
2023-02-26,FAC0141,7,0,17,32,1,6,13
2023-03-06,FAC0192,40,6,134,176,5,8,17
2024-07-24,FAC0284,30,15,80,135,4,3,12
2024-09-01,FAC0046,1,0,4,11,2,4,12
2023-05-31,FAC0236,1,2,18,10,1,3,15
2023-10-28,FAC0058,2,1,5,10,0,2,10
2024-07-02,FAC0245,0,1,40,4,2,2,23
2024-05-27,FAC0070,17,8,63,125,3,3,18
2024-09-06,FAC0110,2,2,33,8,1,9,18
2024-08-15,FAC0049,7,7,77,12,1,5,12
2024-02-05,FAC0021,2,2,17,2,0,3,18
2024-09-10,FAC0107,8,2,61,15,4,6,16
2023-05-24,FAC0244,0,1,9,2,1,4,15
2023-09-09,FAC0019,4,0,21,10,0,9,7
2023-11-19,FAC0187,18,30,232,113,0,11,11
2023-10-16,FAC0273,2,1,26,5,2,6,4
2023-06-27,FAC0168,0,12,67,35,1,5,15
2024-05-30,FAC0040,1,1,6,10,1,4,14
2024-08-19,FAC0279,4,8,48,50,0,5,13
2023-11-16,FAC0270,6,4,21,28,1,3,20
2024-11-06,FAC0002,3,1,32,10,0,5,9
2024-06-08,FAC0234,1,0,4,7,2,2,8
2024-06-03,FAC0233,0,0,5,3,1,6,12
2024-06-11,FAC0285,2,38,269,101,2,5,16
2023-12-21,FAC0182,0,2,21,4,1,7,8
2024-05-25,FAC0160,1,4,32,4,1,3,10
2024-07-17,FAC0190,7,1,51,30,2,11,13
2024-08-16,FAC0203,8,7,63,35,1,5,11
2023-03-04,FAC0158,42,33,277,170,2,2,5
2023-06-03,FAC0086,35,9,290,25,0,1,15
2024-11-24,FAC0208,5,0,28,11,1,4,17
2023-06-23,FAC0217,12,4,63,32,0,8,20
2024-03-16,FAC0266,3,10,38,58,0,6,9
2023-03-20,FAC0091,5,4,16,22,1,7,16
2024-02-24,FAC0126,0,4,27,10,1,7,19
2024-03-17,FAC0031,21,38,288,103,2,1,9
2024-05-04,FAC0015,6,13,74,98,1,5,12
2024-11-30,FAC0144,1,1,12,16,1,7,12
2024-11-21,FAC0013,0,0,12,9,0,3,13
2024-06-14,FAC0123,4,3,12,29,0,4,5
2024-09-05,FAC0237,3,1,26,3,1,3,11
2023-05-29,FAC0082,0,2,21,2,0,3,14
2023-10-03,FAC0045,3,1,31,6,0,8,16
2023-04-23,FAC0211,1,0,3,9,0,7,11
2024-05-10,FAC0186,1,1,9,7,0,5,13
2023-11-08,FAC0073,0,0,2,6,0,4,12
2024-10-10,FAC0250,3,0,10,11,0,8,6
2024-06-15,FAC0107,0,0,60,16,4,7,19
2023-08-21,FAC0026,1,0,9,4,0,4,12
2023-08-19,FAC0190,0,7,34,47,1,5,15
2024-11-24,FAC0099,3,3,39,20,1,6,8
2024-08-14,FAC0234,0,0,7,4,1,2,5
2023-03-12,FAC0300,1,0,10,14,1,4,12
2024-05-23,FAC0160,3,1,30,6,1,3,9
2024-02-10,FAC0259,2,1,10,9,0,6,13
2023-05-20,FAC0072,8,6,22,46,1,13,12
2023-07-13,FAC0062,1,0,12,10,0,5,10
2024-08-08,FAC0064,11,7,43,33,3,5,16
2023-03-28,FAC0075,0,1,7,5,0,5,14
2024-05-11,FAC0100,13,11,138,138,6,4,18
2024-06-15,FAC0272,0,0,19,3,1,5,11
2023-11-05,FAC0049,11,0,34,55,1,4,6
2024-04-25,FAC0226,0,1,39,6,0,4,7
2024-09-21,FAC0019,3,1,28,3,1,10,8
2024-11-01,FAC0073,1,0,5,3,0,3,11
2023-04-17,FAC0285,1,22,175,195,2,3,14
2023-10-15,FAC0214,0,0,17,2,2,3,7
2023-06-17,FAC0160,0,0,29,7,1,4,5
2023-12-19,FAC0161,1,0,3,8,2,5,9
2023-11-14,FAC0101,2,3,17,26,1,2,11
2024-06-08,FAC0110,2,4,28,13,1,7,20
2024-03-30,FAC0107,7,9,53,23,4,3,18
2023-11-19,FAC0097,10,9,47,39,3,6,17
2024-08-26,FAC0079,2,2,9,8,0,8,19
2024-04-24,FAC0219,0,0,4,10,1,3,17
2024-03-29,FAC0077,0,1,3,7,1,10,18
2024-10-27,FAC0040,1,1,12,4,1,7,10
2023-12-09,FAC0213,1,2,11,16,1,7,15
2024-12-24,FAC0023,5,2,53,46,0,4,6
2023-03-03,FAC0257,3,2,13,10,0,3,16
2024-12-29,FAC0182,3,2,22,3,0,4,8
2024-08-31,FAC0253,0,2,13,23,0,1,9
2024-01-31,FAC0148,0,0,6,5,1,3,8
2023-08-27,FAC0085,0,0,4,4,0,3,8
2023-05-12,FAC0234,1,1,3,8,1,1,4
2023-09-18,FAC0162,1,2,49,11,0,6,15
2024-11-30,FAC0148,0,1,5,6,1,5,11
2023-01-15,FAC0137,0,2,10,11,0,3,8
2023-07-07,FAC0102,1,1,9,4,1,3,15
2024-10-27,FAC0270,5,2,23,26,1,3,20
2024-09-22,FAC0179,6,1,32,11,2,10,14
2023-03-30,FAC0278,7,12,117,40,5,6,16
2023-07-24,FAC0037,18,15,56,115,1,7,17
2023-12-14,FAC0120,12,11,42,72,6,2,8
2023-01-23,FAC0065,1,0,66,19,2,7,17
2024-03-20,FAC0190,3,7,42,39,2,10,12
2024-04-25,FAC0027,46,17,272,82,4,6,7
2023-10-18,FAC0146,1,0,3,6,0,1,13
2024-07-03,FAC0045,2,4,15,22,1,5,15
2023-06-29,FAC0157,0,0,9,21,1,4,12
2024-11-05,FAC0224,0,0,8,4,1,8,11
2023-04-08,FAC0018,1,0,7,4,1,6,15
2024-08-08,FAC0179,5,3,13,30,0,5,14
2023-12-06,FAC0135,2,3,22,8,0,5,15
2023-11-08,FAC0003,2,2,10,10,2,6,8
2023-01-06,FAC0238,9,6,40,37,1,3,11
2024-09-12,FAC0201,0,3,26,39,1,3,13
2023-09-09,FAC0127,5,2,34,19,2,4,7
2024-08-27,FAC0047,0,1,5,1,1,3,9
2023-12-29,FAC0192,32,10,292,18,7,8,16
2024-11-02,FAC0108,0,4,22,12,2,2,10
2024-09-08,FAC0144,0,3,9,19,0,7,9
2023-02-19,FAC0029,1,0,7,12,0,5,15
2023-05-12,FAC0152,40,18,246,29,3,9,8
2023-10-08,FAC0220,25,27,163,82,0,2,15
2023-02-21,FAC0281,18,7,275,199,1,3,13
2024-06-19,FAC0130,2,1,12,12,1,4,16
2024-03-30,FAC0062,3,2,19,3,0,5,9
2024-04-22,FAC0177,0,3,22,16,1,4,12
2023-05-24,FAC0213,3,1,8,19,0,8,18
2023-12-31,FAC0176,1,0,23,2,1,6,13
2024-10-22,FAC0171,0,1,5,11,0,4,14
2023-07-09,FAC0246,1,2,53,6,0,4,9
2024-06-14,FAC0228,0,0,20,4,1,8,11
2024-05-07,FAC0221,10,9,254,66,5,3,11
2024-02-14,FAC0044,4,3,22,14,2,4,15
2023-10-24,FAC0197,1,3,34,4,1,8,9
2024-09-21,FAC0107,0,7,23,53,0,4,10
2024-12-29,FAC0095,6,2,26,14,0,5,10
2023-10-06,FAC0210,1,3,29,21,0,2,7
2024-05-25,FAC0109,1,2,16,8,0,3,7
2024-07-10,FAC0173,3,0,20,2,0,2,14
2023-10-02,FAC0193,2,1,14,10,1,10,7
2023-08-22,FAC0029,2,2,8,11,0,2,11
2023-04-05,FAC0005,1,0,10,6,0,9,8
2023-06-23,FAC0220,1,22,124,121,8,1,13
2024-03-21,FAC0208,0,1,21,18,2,3,19
2024-04-22,FAC0105,1,2,9,21,2,2,20
2024-02-16,FAC0029,0,1,8,11,0,2,12
2023-10-05,FAC0279,5,0,61,37,0,3,15
2024-12-01,FAC0035,0,0,12,10,1,8,7
2024-06-13,FAC0196,1,1,22,7,0,8,10
2024-08-25,FAC0172,5,0,26,17,1,5,9
2023-06-02,FAC0122,1,0,10,5,1,3,13
2024-10-29,FAC0070,13,1,164,24,6,3,20
2024-04-26,FAC0060,10,13,117,11,2,4,16
2024-01-16,FAC0288,1,2,16,7,1,5,8
2024-02-21,FAC0043,5,2,34,15,1,7,17
2024-02-05,FAC0083,0,1,14,7,2,4,11
2023-02-21,FAC0247,1,1,9,3,1,2,13
2024-09-04,FAC0167,9,4,51,13,0,3,7
2023-10-28,FAC0187,22,22,273,72,2,10,10
2023-03-15,FAC0105,0,2,12,18,2,3,33
2023-05-07,FAC0195,1,0,10,4,0,4,6
2024-02-15,FAC0004,3,0,11,13,1,7,28
2023-09-28,FAC0124,2,30,178,82,0,3,16
2023-08-19,FAC0110,5,4,17,24,0,5,21
2023-04-09,FAC0245,4,4,37,7,0,1,13
2023-01-19,FAC0001,3,2,14,10,0,4,8
2024-02-25,FAC0005,0,1,7,9,1,6,16
2024-05-22,FAC0232,10,9,72,28,2,2,15
2023-12-23,FAC0229,0,2,12,11,0,5,9
2023-07-11,FAC0075,1,1,7,5,0,10,12
2024-04-19,FAC0291,5,0,32,6,0,5,14
2024-04-27,FAC0109,2,2,12,12,1,2,6
2023-04-21,FAC0096,1,2,20,14,0,4,7
2023-04-29,FAC0198,1,1,12,6,0,5,10
2024-06-16,FAC0127,0,2,37,16,2,8,6
2024-04-25,FAC0001,2,1,16,8,0,4,8
2024-02-07,FAC0006,4,17,201,43,8,8,12
2024-10-29,FAC0086,24,18,175,140,7,3,11
2024-08-11,FAC0206,2,3,11,14,0,5,10
2024-02-02,FAC0053,2,0,13,2,1,3,9
2024-01-22,FAC0186,2,0,10,6,2,7,12
2023-10-13,FAC0120,5,0,42,72,6,3,5
2023-09-13,FAC0142,31,30,270,89,3,2,11
2024-06-18,FAC0149,0,1,8,4,0,6,14
2023-03-10,FAC0180,3,8,76,102,10,2,11
2024-08-31,FAC0299,4,3,11,18,1,6,13
2023-11-21,FAC0103,2,4,31,28,0,2,10
2023-08-08,FAC0184,2,1,20,16,1,6,14
2023-06-24,FAC0043,0,2,33,16,0,8,17
2023-10-21,FAC0107,10,1,23,53,1,7,17
2024-11-11,FAC0088,3,3,17,22,1,8,7
2024-08-08,FAC0167,4,4,43,21,0,1,9
2024-10-22,FAC0255,5,2,30,7,1,8,8
2024-12-12,FAC0264,6,3,36,37,2,2,13
2023-11-22,FAC0165,24,27,233,59,1,1,17
2023-02-12,FAC0219,2,1,11,3,0,2,17
2024-05-28,FAC0082,3,1,14,9,0,3,15
2023-03-03,FAC0172,6,1,31,12,2,4,13
2023-10-19,FAC0086,46,0,241,74,6,3,9
2024-04-22,FAC0223,4,3,15,17,1,5,9
2023-11-09,FAC0237,4,2,11,18,0,3,8
2024-01-06,FAC0219,0,1,12,2,0,4,22
2024-05-30,FAC0146,1,0,3,6,1,2,16
2023-01-08,FAC0031,48,26,143,248,2,1,10
2024-07-04,FAC0137,0,2,13,8,1,3,9
2024-01-27,FAC0278,19,16,51,106,8,5,14
2023-02-28,FAC0250,2,0,13,8,2,6,11
2023-09-20,FAC0218,0,1,6,5,1,10,11
2024-05-17,FAC0185,22,4,223,31,6,9,12
2024-04-27,FAC0146,0,0,6,3,1,3,14
2023-11-06,FAC0225,4,2,23,7,0,3,14
2024-11-12,FAC0151,7,1,35,31,1,1,10
2023-11-13,FAC0063,0,3,10,22,1,5,14
2024-11-07,FAC0072,4,4,49,19,1,13,14
2024-03-24,FAC0078,1,2,14,14,0,3,10
2024-02-21,FAC0091,5,1,24,14,0,6,8
2023-10-24,FAC0066,48,33,121,241,3,6,9
2024-11-28,FAC0174,1,7,112,40,2,1,5
2023-08-19,FAC0184,0,2,23,13,1,7,15
2023-06-21,FAC0220,27,16,215,30,4,1,9
2023-07-23,FAC0147,2,4,15,26,4,7,10
2024-05-01,FAC0274,1,1,84,8,1,3,14
2023-04-01,FAC0187,29,10,204,141,2,6,10
2023-05-06,FAC0222,4,1,38,21,2,4,12
2023-01-03,FAC0141,0,1,16,33,0,6,15
2023-08-04,FAC0162,9,4,47,13,1,5,9
2024-04-11,FAC0041,1,1,5,3,1,5,10
2024-05-12,FAC0282,3,3,31,4,1,2,12
2023-12-31,FAC0176,1,0,23,2,0,9,9
2024-09-03,FAC0202,4,1,52,15,0,7,7
2023-08-14,FAC0166,2,1,11,6,0,5,15
2023-11-28,FAC0246,4,5,27,32,1,2,13
2024-12-14,FAC0137,1,0,17,4,0,4,7
2024-10-09,FAC0219,0,0,7,7,0,4,15
2023-06-12,FAC0024,0,0,9,4,1,6,23
2024-06-07,FAC0058,0,1,7,8,0,4,10
2024-07-20,FAC0020,3,1,17,3,0,2,10
2023-02-10,FAC0168,4,12,71,31,2,5,20
2024-05-06,FAC0125,2,0,21,2,2,8,15
2023-10-02,FAC0242,2,1,8,7,0,4,12
2023-04-23,FAC0016,0,1,12,6,2,5,9
2024-11-24,FAC0253,1,3,19,17,2,3,12
2024-06-02,FAC0214,2,1,16,3,2,3,6
2023-01-23,FAC0105,1,2,15,15,0,4,31
2023-04-07,FAC0164,2,0,7,7,1,7,10
2023-03-15,FAC0263,3,0,28,12,1,7,12
2023-02-21,FAC0201,9,7,55,10,1,2,11
2023-11-16,FAC0063,4,0,22,10,2,4,16
2024-04-21,FAC0253,4,1,22,14,0,2,15
2023-11-14,FAC0268,6,3,32,11,2,2,13
2023-01-12,FAC0005,0,0,6,10,0,9,11
2024-11-03,FAC0101,4,0,14,29,1,4,9
2024-05-01,FAC0270,2,1,24,25,1,3,18
2024-01-21,FAC0222,2,4,45,14,4,3,20
2023-05-28,FAC0161,0,0,6,5,1,3,15
2023-04-03,FAC0125,0,1,8,15,0,4,9
2024-09-22,FAC0145,2,2,15,19,0,7,9
2023-10-06,FAC0117,0,0,5,13,0,6,18
2023-01-16,FAC0100,1,13,172,104,3,6,19
2024-02-26,FAC0061,4,0,31,13,2,6,19
2023-10-29,FAC0227,34,19,391,61,0,9,8
2024-04-04,FAC0019,4,0,11,20,1,5,12
2024-12-31,FAC0249,2,2,9,21,1,4,15
2023-02-02,FAC0227,66,1,201,251,3,7,16
2024-02-01,FAC0279,3,7,88,10,0,5,12
2024-07-09,FAC0108,0,4,17,17,2,2,12
2023-11-12,FAC0244,1,1,3,8,1,7,9
2024-05-10,FAC0151,3,5,40,26,0,2,10
2024-01-11,FAC0070,23,12,91,97,3,1,17
2023-06-19,FAC0141,4,2,27,22,1,5,11
2024-07-03,FAC0173,2,0,14,8,0,5,17
2024-02-18,FAC0028,4,2,17,29,0,8,19
2023-11-05,FAC0156,14,9,72,28,0,9,7
2024-08-07,FAC0211,0,1,10,2,0,7,15
2024-03-20,FAC0092,18,24,298,44,2,4,11
2024-04-21,FAC0152,17,7,257,18,4,10,11
2024-07-24,FAC0276,3,2,10,23,0,3,12
2023-11-27,FAC0109,2,0,7,17,0,5,9
2023-10-01,FAC0083,0,1,15,6,1,4,7
2023-10-12,FAC0197,1,3,16,22,2,8,12
2024-05-30,FAC0278,11,17,105,52,1,3,15
2023-07-12,FAC0084,0,2,24,7,1,4,6
2023-06-08,FAC0031,20,34,209,182,4,3,14
2024-02-21,FAC0069,1,0,10,4,0,3,12
2023-01-19,FAC0094,4,4,42,15,0,2,15
2024-07-03,FAC0017,12,3,379,36,5,4,16
2024-07-09,FAC0030,0,0,11,3,2,2,7
2023-04-22,FAC0162,9,7,34,26,1,7,9
2024-10-11,FAC0187,23,31,170,175,3,7,12
2024-10-25,FAC0036,0,1,10,6,1,4,6
2024-04-24,FAC0096,5,4,27,7,0,6,10
2024-11-19,FAC0146,0,0,5,4,0,2,15
2024-07-27,FAC0078,2,1,17,11,0,4,7
2024-04-28,FAC0167,8,0,57,7,1,2,7
2024-09-23,FAC0249,2,3,21,9,1,3,17
2023-01-12,FAC0212,3,5,21,34,0,6,10
2024-08-03,FAC0184,2,3,22,14,2,4,16
2024-11-01,FAC0028,6,2,43,3,2,9,21
2023-10-24,FAC0022,1,0,7,11,1,3,13
2024-03-15,FAC0226,3,4,22,23,1,5,9
2023-03-13,FAC0183,3,1,13,15,1,1,8
2024-08-25,FAC0245,3,1,18,26,0,1,17
2023-07-10,FAC0129,6,4,14,26,2,6,17
2023-08-23,FAC0270,5,0,41,8,0,2,12
2024-12-16,FAC0089,0,5,57,4,2,6,14
2023-05-16,FAC0222,4,5,47,12,3,4,21
2024-07-11,FAC0053,0,0,5,10,0,2,18
2024-02-06,FAC0159,2,1,23,18,0,6,11
2023-05-12,FAC0043,6,5,17,32,1,8,16
2024-04-08,FAC0128,1,3,52,5,0,10,10
2024-01-31,FAC0205,12,4,38,44,4,9,13
2023-09-15,FAC0203,2,10,78,20,3,11,19
2023-04-22,FAC0164,0,0,9,5,1,5,16
2024-11-19,FAC0213,2,3,16,11,1,6,19
2023-10-10,FAC0161,1,0,9,2,0,5,11
2024-08-24,FAC0095,3,1,20,20,1,3,15
2023-08-20,FAC0191,6,5,27,22,1,5,12
2023-03-31,FAC0230,5,4,29,6,0,4,18
2024-04-12,FAC0181,2,0,34,13,0,6,8
2023-05-26,FAC0223,3,0,16,16,0,5,10
2024-12-01,FAC0283,3,3,33,6,0,8,13
2023-10-31,FAC0178,2,2,9,10,1,2,9
2023-10-23,FAC0115,1,2,21,38,1,3,8
2023-05-28,FAC0003,3,0,6,14,2,3,12
2023-07-31,FAC0148,0,0,6,5,1,7,9
2023-09-23,FAC0290,2,0,16,13,1,7,10
2023-05-29,FAC0138,1,0,3,6,0,6,11
2024-11-04,FAC0098,2,2,26,10,1,10,4
2023-11-05,FAC0062,3,1,13,9,1,5,12
2023-07-22,FAC0114,1,1,31,5,2,4,9
2024-01-20,FAC0248,10,2,58,9,0,11,4
2023-07-10,FAC0270,3,1,27,22,0,4,16
2023-09-25,FAC0131,3,2,38,3,2,4,15
2024-01-21,FAC0068,3,1,21,6,0,5,12
2023-07-10,FAC0268,2,0,19,24,0,2,13
2023-11-25,FAC0010,1,1,6,7,0,5,13
2024-10-20,FAC0060,7,12,121,7,3,8,11
2024-06-09,FAC0113,0,0,6,7,1,4,9
2024-03-25,FAC0163,1,3,19,10,0,5,19
2024-05-07,FAC0055,45,38,263,169,2,9,13
2024-01-27,FAC0042,1,0,15,7,1,3,16
2024-03-01,FAC0117,0,2,12,6,1,4,16
2024-09-13,FAC0207,1,4,22,13,0,8,12
2023-06-13,FAC0076,1,3,11,26,0,9,13
2023-01-03,FAC0015,14,3,157,15,0,6,9
2024-08-20,FAC0149,0,0,5,7,2,5,16
2024-11-10,FAC0130,2,2,12,12,1,6,10
2023-03-16,FAC0263,1,1,17,23,0,3,12
2024-02-26,FAC0022,2,2,5,13,1,3,14
2024-01-13,FAC0252,3,10,60,36,0,6,19
2023-11-14,FAC0166,0,0,15,2,1,3,16
2024-08-20,FAC0134,1,1,20,3,1,1,11
2024-03-11,FAC0068,0,1,8,19,1,8,6
2024-09-27,FAC0019,0,0,10,21,1,7,13
2024-10-29,FAC0129,2,3,36,4,2,6,17
2024-05-09,FAC0223,0,0,20,12,0,5,9
2024-04-01,FAC0270,4,5,21,28,1,3,17
2024-02-27,FAC0137,1,1,18,3,1,2,6
2024-03-20,FAC0152,32,22,108,167,6,6,12
2023-10-27,FAC0171,2,0,9,7,1,2,13
2024-10-04,FAC0115,2,3,30,29,1,7,8
2023-10-22,FAC0112,3,2,20,3,2,2,9
2023-08-25,FAC0095,1,3,25,15,3,5,9
2023-02-28,FAC0204,0,1,4,2,1,7,14
2023-10-05,FAC0290,2,2,14,15,0,10,9
2024-05-28,FAC0215,6,4,24,16,2,6,17
2023-12-12,FAC0046,0,1,5,10,2,5,13
2024-05-19,FAC0126,5,3,30,7,1,3,12
2023-03-12,FAC0166,1,1,6,11,1,3,10
2023-02-01,FAC0011,2,2,17,2,1,7,10
2024-03-04,FAC0070,10,22,173,15,2,3,24
2024-06-26,FAC0089,7,5,36,25,1,7,9
2024-03-27,FAC0031,45,37,338,53,6,3,11
2024-06-04,FAC0281,55,45,442,32,7,2,7
2023-12-09,FAC0111,0,2,24,12,0,3,17
2023-01-20,FAC0257,0,1,8,15,0,3,15
2023-06-02,FAC0034,1,0,9,1,0,4,14
2023-12-09,FAC0282,1,0,19,16,0,2,14
2023-11-04,FAC0180,9,1,108,70,10,3,15
2023-11-20,FAC0079,2,2,8,9,1,9,26
2024-12-06,FAC0212,8,5,27,28,0,3,9
2023-11-21,FAC0205,12,2,66,16,4,7,16
2023-11-24,FAC0274,9,0,53,39,0,4,17
2024-03-02,FAC0072,9,5,58,10,0,14,13
2024-12-20,FAC0085,0,1,2,6,0,5,9
2023-04-22,FAC0050,7,1,25,24,0,4,6
2023-09-10,FAC0128,2,4,46,11,0,11,13
2024-04-30,FAC0106,2,0,34,6,0,3,12
2024-09-07,FAC0018,1,1,3,8,1,4,15
2023-05-11,FAC0018,0,0,7,4,1,8,9
2024-12-14,FAC0019,0,0,23,8,1,8,10
2024-06-19,FAC0005,2,0,9,7,1,6,13
2023-10-22,FAC0220,7,4,219,26,3,2,10
2024-01-30,FAC0198,1,2,8,10,1,3,14
2023-11-29,FAC0254,2,1,13,3,1,6,11
2024-08-13,FAC0295,2,1,10,4,1,5,14
2024-10-04,FAC0032,0,1,11,2,1,11,9
2024-07-19,FAC0107,9,9,47,29,2,4,20
2024-10-19,FAC0246,4,6,20,39,0,3,13
2024-03-03,FAC0114,0,4,14,22,3,6,18
2024-11-22,FAC0038,2,1,48,16,1,8,12
2024-05-31,FAC0248,0,7,25,42,0,8,4
2023-08-17,FAC0083,2,2,11,10,1,6,9
2024-10-08,FAC0184,3,0,28,8,0,5,12
2024-07-17,FAC0001,0,1,10,14,0,5,7
2024-06-11,FAC0120,3,1,94,20,8,3,9
2024-06-15,FAC0119,3,1,27,10,1,1,11
2024-02-10,FAC0191,5,5,42,7,1,6,10
2024-01-01,FAC0271,0,2,19,2,0,3,18
2023-09-04,FAC0196,4,3,11,18,0,8,10
2023-02-17,FAC0037,25,20,109,62,0,7,13
2024-09-02,FAC0184,1,4,11,25,0,6,14
2023-04-24,FAC0202,5,7,35,32,2,4,11
2023-07-28,FAC0280,32,50,356,78,1,4,11
2024-05-03,FAC0299,3,1,21,8,1,5,10
2024-11-13,FAC0284,9,1,192,23,0,1,19
2023-12-01,FAC0187,50,36,264,81,0,10,10
2024-06-17,FAC0022,2,2,9,9,1,4,15
2023-11-19,FAC0266,7,4,54,42,1,8,11
2023-02-16,FAC0259,1,0,9,10,0,7,18
2023-05-02,FAC0099,6,4,51,8,2,3,7
2023-03-19,FAC0291,4,2,26,12,0,5,11
2023-01-16,FAC0177,0,3,34,4,2,4,12
2024-04-04,FAC0216,1,0,5,6,1,5,12
2023-07-13,FAC0109,2,1,22,2,1,2,8
2023-07-26,FAC0150,3,2,14,16,0,3,13
2023-12-07,FAC0127,7,6,47,6,0,5,12
2024-03-05,FAC0079,1,2,15,2,0,7,15
2024-12-17,FAC0131,4,1,31,10,0,2,12
2024-08-07,FAC0129,1,3,29,11,0,3,16
2024-12-28,FAC0231,1,1,5,6,1,1,14
2023-02-04,FAC0098,1,3,32,4,0,8,9
2023-02-14,FAC0270,7,4,35,14,0,2,20
2024-09-27,FAC0046,0,1,6,9,2,2,13
2024-11-01,FAC0046,1,0,12,3,1,2,11
2024-12-22,FAC0034,0,1,7,3,1,3,13
2023-01-05,FAC0185,15,19,101,153,1,10,14
2024-08-04,FAC0189,0,0,7,7,0,5,13
2023-03-15,FAC0110,0,2,15,26,1,7,18
2023-07-27,FAC0060,16,8,116,12,0,9,8
2023-08-29,FAC0280,0,37,232,202,0,2,21
2024-08-03,FAC0131,4,1,17,24,2,2,13
2023-06-09,FAC0121,5,4,22,23,0,2,10
2023-04-10,FAC0214,1,2,17,2,2,5,9
2024-03-09,FAC0245,6,2,29,15,2,1,17
2024-03-17,FAC0254,1,0,5,11,0,4,11
2023-02-26,FAC0078,2,2,23,5,2,3,10
2023-06-02,FAC0273,2,3,10,21,1,4,9
2024-11-03,FAC0267,2,6,53,27,2,5,10
2023-01-22,FAC0106,3,0,22,18,2,7,10
2024-05-30,FAC0230,3,4,15,20,1,3,22
2024-04-22,FAC0034,1,1,3,7,1,5,8
2023-12-15,FAC0166,2,0,11,6,0,4,13
2024-10-27,FAC0277,1,1,12,2,1,3,15
2024-02-22,FAC0132,3,1,21,8,1,4,11
2023-08-13,FAC0170,13,11,86,150,3,5,16
2024-12-18,FAC0133,8,3,43,16,3,3,15
2023-05-23,FAC0259,1,0,10,9,1,6,24
2023-07-09,FAC0203,4,5,70,28,3,9,11
2023-04-24,FAC0012,1,1,7,3,1,3,23
2024-10-12,FAC0292,3,2,10,13,1,7,7
2024-06-04,FAC0015,24,0,163,9,3,8,7
2023-11-07,FAC0207,4,3,17,18,0,4,7
2024-11-28,FAC0229,0,2,8,15,1,7,15
2023-01-16,FAC0282,2,2,24,11,1,2,17
2023-05-23,FAC0177,2,3,29,9,1,3,8
2023-03-15,FAC0170,23,1,80,156,3,7,15
2023-02-18,FAC0281,9,21,299,175,4,4,14
2023-07-05,FAC0223,0,3,14,18,1,4,14
2024-06-13,FAC0095,6,1,37,3,1,4,8
2024-06-26,FAC0174,7,17,113,39,4,1,6
2024-01-07,FAC0212,3,5,29,26,4,5,19
2024-05-24,FAC0091,0,2,16,22,0,4,13
2024-09-15,FAC0029,1,0,11,8,0,4,11
2024-09-19,FAC0164,0,1,8,6,0,6,15
2023-10-02,FAC0037,20,18,98,73,4,7,18
2023-08-13,FAC0068,0,1,11,16,1,6,11
2024-05-13,FAC0052,1,0,13,2,0,13,26
2023-12-27,FAC0155,2,4,21,42,2,3,9
2024-07-07,FAC0272,3,0,12,10,1,6,19
2024-12-04,FAC0167,4,2,49,15,0,1,7
2024-11-28,FAC0047,1,1,4,2,1,5,16
2024-03-05,FAC0140,3,2,27,5,1,5,16
2024-01-20,FAC0010,1,0,10,3,1,2,14
2024-10-09,FAC0273,0,2,25,6,2,6,8
2023-05-25,FAC0161,1,0,7,4,0,6,13
2023-01-07,FAC0043,1,2,35,14,0,10,18
2024-07-01,FAC0028,3,1,38,8,1,10,21
2023-05-09,FAC0107,5,6,60,16,0,3,17
2024-08-08,FAC0291,1,3,19,19,1,4,16
2023-03-31,FAC0023,10,7,82,17,0,4,5
2024-03-21,FAC0115,0,1,47,12,0,4,17
2024-06-06,FAC0001,2,0,8,16,1,4,6
2024-07-13,FAC0245,6,0,16,28,2,2,17
2023-11-09,FAC0152,15,4,247,28,3,5,14
2023-05-14,FAC0172,5,1,35,8,0,4,11
2024-04-24,FAC0063,4,0,14,18,1,6,8
2024-04-14,FAC0126,2,0,27,10,0,6,18
2023-07-20,FAC0196,3,3,17,12,0,4,13
2024-09-09,FAC0214,2,0,11,8,0,3,6
2023-01-21,FAC0117,1,0,13,5,1,5,13
2023-08-15,FAC0257,1,1,10,13,0,4,10
2024-10-25,FAC0187,25,36,138,207,2,8,11
2023-11-10,FAC0156,15,5,85,15,3,6,4
2023-03-05,FAC0100,32,10,188,88,2,4,17
2023-07-21,FAC0082,3,0,10,13,1,3,12
2023-03-26,FAC0204,1,0,4,2,1,8,22
2024-07-19,FAC0089,7,2,37,24,1,7,14
2024-05-03,FAC0095,3,1,16,24,1,5,15
2024-10-14,FAC0087,1,1,13,4,0,5,13
2024-06-27,FAC0060,2,15,103,25,0,4,10
2024-10-02,FAC0079,0,2,11,6,1,10,24
2023-02-23,FAC0051,7,46,207,273,6,7,12
2024-04-20,FAC0165,38,16,142,150,0,1,9
2023-07-31,FAC0007,4,2,40,8,0,6,8
2023-03-12,FAC0008,1,2,11,13,0,3,8
2023-10-21,FAC0148,0,1,9,2,0,3,9
2023-10-18,FAC0201,9,0,61,4,1,2,10
2024-07-27,FAC0102,0,1,6,7,1,2,12
2023-03-27,FAC0209,1,1,20,5,0,3,13
2023-01-26,FAC0199,1,0,20,11,1,1,22
2024-08-26,FAC0159,0,3,28,13,1,3,11
2023-07-26,FAC0125,0,1,15,8,1,6,11
2023-09-14,FAC0015,15,20,149,23,0,6,8
2024-09-10,FAC0232,14,3,30,70,1,1,10
2023-01-14,FAC0002,3,5,16,26,0,3,6
2024-01-21,FAC0136,4,0,27,8,1,3,20
2023-06-29,FAC0231,0,0,9,2,1,2,10
2024-03-12,FAC0093,7,7,227,76,4,7,10
2024-05-21,FAC0041,1,0,6,2,0,5,10
2023-09-18,FAC0243,14,32,242,51,0,5,18
2024-12-26,FAC0119,4,1,24,13,0,1,18
2023-10-25,FAC0233,1,0,4,4,0,6,10
2023-09-17,FAC0097,2,3,76,10,2,8,11
2023-03-02,FAC0149,1,0,8,4,0,4,19
2024-11-29,FAC0097,8,0,32,54,2,10,9
2023-09-30,FAC0214,1,2,13,6,1,6,9
2024-12-15,FAC0214,1,1,14,5,0,5,7
2023-08-25,FAC0102,0,1,10,3,1,3,18
2023-03-24,FAC0232,6,1,41,59,3,2,11
2023-03-18,FAC0033,7,6,25,37,1,4,10
2024-08-26,FAC0056,2,1,22,6,0,5,12
2024-08-29,FAC0241,2,1,13,2,0,5,14
2024-06-20,FAC0036,2,1,9,7,1,5,9
2024-12-12,FAC0051,25,19,385,95,6,10,11
2023-09-30,FAC0006,0,10,98,146,0,5,17
2024-07-01,FAC0034,1,0,7,3,0,4,17
2023-09-14,FAC0261,3,4,16,19,2,3,13
2023-10-17,FAC0164,1,0,7,7,1,4,14
2023-01-18,FAC0095,2,0,16,24,3,4,16
2024-10-09,FAC0157,4,0,18,12,1,4,11
2023-10-28,FAC0284,22,14,134,81,0,3,12
2023-11-24,FAC0193,3,1,9,15,1,10,7
2024-03-15,FAC0002,0,0,15,27,0,4,11
2023-12-02,FAC0198,1,1,11,7,0,4,11
2024-11-04,FAC0056,4,1,10,18,1,8,7
2023-11-12,FAC0118,4,1,12,26,1,4,17
2024-08-05,FAC0267,3,8,26,54,1,5,12
2024-10-11,FAC0246,5,3,32,27,0,4,15
2024-03-01,FAC0004,1,2,20,4,0,4,23
2023-04-16,FAC0181,4,2,38,9,1,4,13
2024-12-31,FAC0079,0,0,13,4,0,10,21
2023-02-23,FAC0263,6,4,33,7,1,4,10
2024-03-05,FAC0058,2,0,7,8,1,2,8
2024-06-22,FAC0055,47,10,348,84,1,7,7
2023-08-18,FAC0069,1,1,8,6,0,2,8
2024-05-20,FAC0237,3,2,22,7,1,5,14
2024-08-11,FAC0026,1,0,4,9,1,4,15
2023-03-17,FAC0248,3,0,51,16,2,12,5
2024-05-14,FAC0121,5,0,41,4,0,3,9
2024-10-01,FAC0221,42,32,260,60,1,5,5
2024-12-05,FAC0298,0,2,16,3,1,1,11
2023-04-01,FAC0224,1,1,4,8,1,8,12
2024-07-01,FAC0154,3,3,42,8,4,3,9
2023-04-03,FAC0099,8,2,22,37,0,7,5
2023-05-17,FAC0288,1,2,11,12,1,3,6
2024-05-31,FAC0259,0,2,13,6,1,4,16
2023-08-26,FAC0031,10,45,187,204,5,2,8
2023-08-29,FAC0039,3,0,21,9,1,2,11
2023-09-02,FAC0024,1,0,9,4,0,3,11
2024-06-10,FAC0260,4,4,14,30,2,4,15
2024-10-01,FAC0035,2,0,11,11,1,6,10
2024-11-23,FAC0260,4,5,29,15,0,4,12
2024-06-24,FAC0036,2,1,8,8,0,5,5
2023-12-05,FAC0063,3,2,17,15,1,3,10
2024-11-09,FAC0191,7,2,45,4,0,4,9
2023-01-05,FAC0192,8,5,126,184,4,6,14
2024-02-03,FAC0225,3,0,26,4,1,6,9
2024-05-06,FAC0030,0,0,5,9,2,5,7
2023-10-31,FAC0168,4,6,58,44,6,6,14
2024-01-19,FAC0271,3,1,16,5,1,5,9
2023-07-03,FAC0295,2,0,11,3,0,8,10
2024-04-29,FAC0235,2,0,17,14,1,4,6
2024-10-03,FAC0097,4,6,58,28,1,11,17
2023-10-31,FAC0181,3,3,35,12,1,4,12
2024-04-12,FAC0221,26,36,97,223,3,4,8
2023-12-01,FAC0275,1,0,14,15,0,6,12
2023-04-04,FAC0084,2,1,9,22,0,2,8
2023-06-23,FAC0225,0,2,11,19,0,7,13
2023-03-21,FAC0178,1,0,14,5,0,2,6
2023-04-04,FAC0054,11,56,339,149,1,6,20
2024-02-10,FAC0215,0,4,23,17,1,4,10
2024-06-30,FAC0272,1,1,9,13,1,5,13
2024-03-25,FAC0167,1,1,19,45,1,3,7
2023-01-12,FAC0219,0,0,6,8,1,3,15
2023-07-13,FAC0097,3,9,62,24,1,5,13
2023-02-25,FAC0089,0,2,37,24,2,6,12
2024-07-31,FAC0232,13,9,30,70,3,1,12
2024-10-06,FAC0264,0,5,60,13,2,4,11
2024-02-15,FAC0122,1,0,13,2,1,2,10
2024-05-04,FAC0231,0,1,6,5,0,1,15
2024-05-29,FAC0276,0,2,27,6,1,4,7
2023-03-05,FAC0121,3,5,15,30,0,3,12
2023-06-01,FAC0139,9,6,46,25,0,2,13
2023-03-08,FAC0022,1,2,7,11,0,4,17
2024-07-21,FAC0147,5,1,30,11,4,5,9
2023-05-22,FAC0122,0,1,4,11,0,4,17
2024-01-22,FAC0210,6,5,42,8,0,2,10
2024-04-23,FAC0045,4,1,33,4,0,8,15
2024-04-27,FAC0270,1,2,24,25,0,3,16
2024-04-27,FAC0272,2,2,8,14,0,6,10
2024-07-21,FAC0099,3,0,29,30,1,3,4
2024-02-06,FAC0218,1,1,10,1,1,5,14
2023-01-13,FAC0173,1,2,12,10,1,4,17
2024-11-17,FAC0077,0,1,3,7,0,6,10
2023-02-14,FAC0297,3,0,7,14,1,5,10
2024-12-09,FAC0045,5,2,16,21,1,4,8
2023-12-24,FAC0051,46,4,286,194,8,10,9
2023-12-26,FAC0177,2,4,33,5,1,3,10
2023-11-02,FAC0051,27,8,446,34,1,9,13
2024-10-31,FAC0059,5,2,25,11,0,6,8
2023-07-13,FAC0065,5,10,41,44,1,6,17
2024-07-04,FAC0164,2,1,7,7,0,6,9
2024-02-05,FAC0037,21,6,117,54,0,6,10
2024-05-06,FAC0072,4,6,63,5,2,9,14
2023-08-17,FAC0275,1,3,10,19,1,10,9
2024-05-11,FAC0168,8,2,45,57,2,3,19
2023-01-12,FAC0227,48,11,139,313,3,8,17
2023-10-04,FAC0153,5,2,31,5,4,3,11
2024-10-11,FAC0241,0,1,7,8,0,6,13
2023-10-31,FAC0261,4,1,22,13,1,3,12
2023-01-09,FAC0157,0,0,24,6,1,4,11
2023-10-09,FAC0069,1,1,12,2,0,3,12
2024-08-15,FAC0184,4,3,22,14,0,6,13
2023-10-05,FAC0059,5,3,11,25,1,5,11
2024-03-10,FAC0223,4,0,17,15,0,5,9
2024-09-01,FAC0070,26,21,142,46,3,1,13
2023-04-29,FAC0136,1,3,31,4,0,3,18
2023-05-07,FAC0062,0,1,9,13,0,5,12
2023-07-28,FAC0143,5,1,63,31,0,5,12
2023-11-21,FAC0040,1,0,9,7,1,5,8
2023-11-12,FAC0096,3,3,27,7,1,5,7
2024-05-11,FAC0276,4,0,24,9,1,7,10
2023-03-29,FAC0147,1,4,15,26,0,4,12
2023-02-09,FAC0157,2,0,21,9,1,8,13
2023-09-21,FAC0274,6,7,57,35,0,5,19
2023-04-23,FAC0152,21,31,135,140,2,5,13
2023-03-23,FAC0003,3,0,12,8,0,6,9
2024-02-02,FAC0075,0,1,7,5,0,9,11
2024-01-29,FAC0255,3,2,25,12,0,4,9
2023-01-29,FAC0109,0,0,12,12,1,2,11
2024-10-22,FAC0268,4,5,31,12,0,1,9
2024-08-29,FAC0145,0,4,13,21,0,6,9
2023-02-15,FAC0072,0,3,36,32,1,12,11
2024-01-22,FAC0231,0,0,4,7,1,1,14
2023-10-12,FAC0045,3,3,21,16,1,7,8
2024-01-25,FAC0020,3,2,9,11,1,2,11
2024-12-02,FAC0201,0,2,61,4,1,3,13
2023-05-17,FAC0041,1,0,5,3,1,3,11
2023-01-24,FAC0123,3,4,16,25,1,4,6
2024-11-02,FAC0002,3,5,33,9,1,3,6
2023-10-19,FAC0062,3,1,12,10,0,5,6
2024-02-23,FAC0152,9,15,201,74,4,9,10
2023-10-25,FAC0272,1,1,13,9,0,7,20
2023-06-15,FAC0159,3,3,19,22,1,5,15
2024-05-21,FAC0043,4,0,41,8,1,10,12
2023-03-27,FAC0075,0,1,6,6,0,5,11
2023-09-18,FAC0037,6,0,125,46,4,10,11
2023-01-24,FAC0139,9,8,29,42,3,4,17
2024-12-12,FAC0030,2,0,8,6,2,3,12
2024-04-27,FAC0273,0,0,9,22,2,5,8
2023-01-07,FAC0100,27,33,255,21,3,5,27
2023-12-09,FAC0296,47,18,211,188,6,3,17
2024-11-26,FAC0207,5,4,27,8,1,7,9
2023-01-16,FAC0247,0,1,5,7,1,4,10
2024-08-28,FAC0035,3,1,7,15,1,8,14
2024-10-09,FAC0051,15,14,304,176,6,9,12
2024-09-28,FAC0198,1,1,9,9,0,7,11
2024-09-05,FAC0280,30,10,313,121,1,4,11
2023-04-20,FAC0244,0,1,8,3,0,7,17
2024-12-22,FAC0039,1,0,13,17,0,3,17
2024-11-16,FAC0231,0,0,10,1,0,2,17
2024-06-12,FAC0168,5,12,89,13,3,6,18
2024-09-07,FAC0017,5,29,159,256,4,4,22
2024-05-22,FAC0216,0,1,7,4,1,4,11
2024-04-04,FAC0259,2,2,6,13,2,4,16
2023-11-02,FAC0098,1,4,12,24,1,9,5
2024-02-23,FAC0205,10,8,53,29,3,9,12
2023-03-11,FAC0177,0,0,18,20,1,5,11
2024-05-05,FAC0022,2,2,9,9,0,4,17
2023-04-29,FAC0299,4,1,21,8,2,5,11
2023-09-18,FAC0166,0,0,10,7,0,5,9
2023-02-10,FAC0235,3,1,23,8,2,7,5
2023-05-11,FAC0105,4,3,22,8,1,3,26
2023-01-16,FAC0099,3,1,47,12,2,3,7
2023-01-26,FAC0014,5,1,24,20,0,2,16
2024-07-03,FAC0180,15,9,140,38,0,4,13
2024-02-10,FAC0212,7,5,49,6,4,4,11
2023-01-23,FAC0051,59,13,444,36,6,5,11
2024-07-24,FAC0257,2,1,8,15,1,3,18
2024-09-08,FAC0203,3,11,88,10,2,5,19
2023-06-25,FAC0141,3,1,37,12,2,6,15
2024-08-08,FAC0187,13,1,248,97,0,9,10
2023-05-26,FAC0096,3,1,23,11,0,6,7
2024-07-18,FAC0010,0,0,9,4,1,3,13
2024-05-09,FAC0263,5,4,23,17,1,7,14
2023-12-09,FAC0067,4,2,22,5,2,3,10
2023-11-24,FAC0208,1,1,23,16,0,2,11
2024-09-15,FAC0057,1,1,4,7,2,8,12
2024-12-30,FAC0049,10,9,59,30,1,6,10
2023-03-02,FAC0085,0,1,6,2,1,2,11
2023-09-08,FAC0235,4,2,14,17,1,7,8
2024-07-16,FAC0098,0,4,24,12,0,10,7
2023-10-04,FAC0002,1,3,17,25,0,2,7
2023-11-24,FAC0154,0,5,29,21,4,2,11
2024-03-11,FAC0284,2,24,67,148,7,2,19
2023-02-17,FAC0104,5,2,23,19,0,8,11
2024-02-23,FAC0132,4,0,13,16,0,4,8
2024-12-16,FAC0035,3,0,18,4,0,5,9
2023-06-28,FAC0073,1,0,7,1,0,5,17
2023-05-11,FAC0291,2,2,20,18,1,6,16
2023-05-20,FAC0175,3,1,28,10,3,3,10
2023-10-16,FAC0295,2,1,8,6,1,4,13
2023-11-16,FAC0241,0,0,4,11,0,5,23
2024-09-26,FAC0117,2,2,13,5,0,3,13
2024-08-23,FAC0272,1,0,13,9,1,7,17
2024-07-29,FAC0097,4,3,51,35,0,11,16
2024-06-14,FAC0036,0,1,9,7,1,4,10
2023-08-21,FAC0059,2,2,26,10,2,4,11
2023-06-05,FAC0218,0,0,6,5,2,9,18
2024-10-15,FAC0009,3,3,17,13,1,2,21
2023-03-20,FAC0077,1,0,7,3,1,9,9
2023-09-28,FAC0197,5,3,35,3,1,7,14
2024-10-20,FAC0244,1,0,5,6,1,4,19
2023-08-16,FAC0273,1,0,24,7,0,3,4
2023-08-06,FAC0050,0,4,23,26,1,7,7
2024-06-09,FAC0211,1,0,8,4,0,4,19
2024-06-05,FAC0132,1,3,22,7,0,4,6
2024-11-03,FAC0113,1,0,11,2,2,6,13
2024-09-22,FAC0147,6,0,17,24,3,6,11
2023-02-14,FAC0249,3,3,24,6,0,4,13
2023-04-13,FAC0054,10,36,155,333,4,4,16
2024-07-10,FAC0245,5,3,32,12,1,2,15
2023-11-16,FAC0056,2,3,21,7,1,7,10
2024-11-06,FAC0209,2,0,21,4,0,6,14
2024-04-17,FAC0032,0,0,4,9,0,10,11
2024-04-22,FAC0291,1,2,28,10,0,5,18
2023-09-04,FAC0150,1,0,10,20,0,3,12
2023-07-22,FAC0017,22,21,125,290,5,3,11
2023-03-10,FAC0171,0,1,9,7,1,2,12
2023-03-24,FAC0170,31,8,174,62,4,6,14
2024-12-06,FAC0029,0,0,9,10,1,5,15
2023-07-03,FAC0207,4,3,18,17,1,8,11
2024-02-19,FAC0113,1,1,11,2,0,7,9
2024-01-27,FAC0180,11,1,99,79,1,4,14
2023-06-24,FAC0261,0,2,12,23,3,3,9
2023-07-10,FAC0035,0,2,8,14,1,8,9
2023-06-01,FAC0116,16,11,118,60,0,10,13
2023-03-16,FAC0211,1,1,7,5,0,7,11
2023-03-11,FAC0115,8,5,55,4,2,7,14
2023-04-06,FAC0289,1,2,27,19,1,3,12
2024-07-17,FAC0028,0,3,20,26,1,11,20
2023-07-05,FAC0023,9,7,86,13,1,9,6
2023-05-22,FAC0223,0,3,10,22,2,4,16
2023-07-13,FAC0261,2,1,12,23,3,4,11
2023-09-05,FAC0274,1,8,44,48,1,6,19
2024-03-30,FAC0277,1,1,8,6,0,4,12
2023-03-25,FAC0205,0,3,66,16,0,7,12
2024-10-09,FAC0045,3,4,14,23,0,8,9
2023-05-06,FAC0226,4,3,24,21,0,3,12
2023-01-17,FAC0169,4,5,78,9,1,3,14
2024-06-07,FAC0027,14,23,252,102,1,5,6
2024-08-10,FAC0074,0,1,4,4,0,2,12
2024-11-24,FAC0122,0,0,6,9,0,2,9
2024-10-05,FAC0295,0,0,12,2,0,8,15
2023-09-18,FAC0058,1,0,4,11,0,3,7
2024-08-01,FAC0171,0,0,11,5,1,5,10
2024-09-16,FAC0066,43,28,271,91,2,7,14
2023-05-13,FAC0180,12,21,114,64,6,4,11
2024-12-14,FAC0300,3,0,15,9,1,4,14
2024-07-03,FAC0297,3,1,16,5,0,3,10
2024-05-01,FAC0157,0,3,17,13,0,4,6
2024-12-24,FAC0085,0,0,3,5,1,3,9
2024-01-29,FAC0046,2,0,5,10,1,3,8
2024-10-17,FAC0031,35,22,354,37,3,1,7
2024-11-15,FAC0154,5,0,18,32,0,3,13
2023-01-09,FAC0157,1,1,11,19,0,6,11
2024-02-23,FAC0071,1,1,5,6,0,3,14
2023-01-01,FAC0096,4,2,21,13,0,3,11
2023-07-19,FAC0031,17,2,221,170,4,2,10
2024-12-16,FAC0041,1,1,3,5,0,5,9
2024-11-04,FAC0154,1,2,45,5,3,3,13
2024-06-10,FAC0286,0,2,8,10,2,1,9
2023-03-31,FAC0049,0,6,74,15,1,9,10
2023-12-04,FAC0216,0,1,6,5,0,6,10
2023-03-07,FAC0119,0,1,30,7,0,1,17
2024-05-01,FAC0205,12,0,30,52,2,7,12
2023-05-12,FAC0110,0,0,14,27,0,7,22
2024-09-20,FAC0092,45,3,106,236,1,5,10
2024-12-10,FAC0043,5,4,17,32,1,8,17
2024-04-29,FAC0172,4,2,16,27,1,5,7
2023-04-29,FAC0204,1,0,3,3,0,6,19
2023-06-30,FAC0117,2,1,14,4,0,3,20
2024-10-14,FAC0217,5,3,48,47,0,5,15
2024-09-26,FAC0257,1,2,14,9,0,3,14
2024-03-07,FAC0017,41,5,246,169,0,4,20
2023-04-12,FAC0013,1,2,19,2,1,5,14
2023-10-15,FAC0021,2,1,8,11,1,3,19
2023-05-03,FAC0013,2,2,9,12,0,2,16
2023-09-07,FAC0229,3,1,7,16,1,5,15
2023-09-03,FAC0069,1,0,7,7,1,5,8
2024-01-24,FAC0036,0,1,6,10,0,2,5
2023-04-27,FAC0084,2,2,9,22,0,3,6
2023-06-11,FAC0143,3,11,81,13,0,4,15
2024-06-19,FAC0255,5,2,34,3,1,4,16
2023-07-14,FAC0199,3,3,28,3,2,1,16
2023-04-22,FAC0196,2,1,13,16,0,8,19
2024-03-20,FAC0135,3,3,10,20,0,8,25
2024-12-29,FAC0144,2,0,17,11,0,5,17
2023-07-08,FAC0035,2,1,20,2,0,7,9
2024-05-09,FAC0123,2,2,16,25,1,2,9
2023-03-08,FAC0090,0,2,25,5,1,4,8
2023-10-11,FAC0038,6,1,47,17,0,7,13
2023-10-27,FAC0252,1,10,63,33,3,6,16
2024-10-08,FAC0222,1,0,42,17,2,7,20
2023-06-20,FAC0023,7,0,69,30,1,5,5
2023-03-31,FAC0173,1,0,7,15,1,3,14
2023-01-08,FAC0019,1,1,14,17,0,9,13
2023-12-20,FAC0022,0,1,16,2,0,2,12
2023-11-22,FAC0270,5,1,41,8,0,2,19
2023-09-14,FAC0227,11,9,395,57,2,5,9
2024-11-11,FAC0022,2,0,9,9,0,4,17
2024-12-19,FAC0248,3,6,44,23,1,8,3
2023-05-27,FAC0012,1,1,7,3,1,5,21
2024-05-04,FAC0208,0,0,32,7,1,4,10
2024-11-07,FAC0066,0,30,295,67,1,6,12
2023-08-03,FAC0037,16,12,68,103,0,10,15
2024-08-02,FAC0022,2,1,14,4,0,3,14
2023-01-23,FAC0237,1,3,16,13,0,4,15
2024-08-16,FAC0228,2,1,18,6,1,6,10
2023-10-12,FAC0009,0,1,19,11,0,3,22
2023-09-07,FAC0158,45,44,390,57,5,2,3
2024-10-09,FAC0266,9,0,89,7,0,4,14
2024-03-02,FAC0082,1,2,12,11,1,5,12
2023-12-30,FAC0048,4,0,29,12,0,5,18
2023-06-19,FAC0134,3,0,14,9,1,1,12
2023-01-13,FAC0283,5,2,24,15,1,6,15
2024-08-23,FAC0163,4,3,25,4,1,8,21
2024-02-10,FAC0134,3,0,14,9,1,1,11
2023-02-25,FAC0068,2,1,12,15,1,6,10
2023-11-18,FAC0110,0,0,21,20,0,8,15
2024-09-15,FAC0153,0,4,16,20,2,3,8
2023-03-11,FAC0245,5,3,16,28,1,1,17
2023-09-14,FAC0283,5,3,13,26,1,4,10
2024-03-28,FAC0012,1,1,4,6,0,6,15
2024-01-07,FAC0236,1,1,12,16,0,3,9
2023-09-05,FAC0022,0,2,8,10,0,4,8
2024-09-23,FAC0251,3,0,15,9,1,7,13
2023-12-22,FAC0075,0,0,9,3,1,8,20
2024-02-02,FAC0177,4,0,29,9,0,3,6
2023-07-14,FAC0259,0,2,12,7,0,6,20
2024-01-08,FAC0279,9,5,81,17,3,5,12
2023-10-21,FAC0141,6,4,28,21,0,7,14
2023-10-07,FAC0272,0,1,8,14,0,5,16
2024-01-24,FAC0106,0,1,14,26,2,5,12
2023-05-04,FAC0248,0,4,40,27,2,9,5
2024-05-08,FAC0183,2,0,15,13,1,2,8
2023-04-04,FAC0073,0,1,4,4,1,5,16
2024-01-04,FAC0258,7,6,28,28,1,4,14
2024-04-22,FAC0122,2,0,6,9,0,3,14
2023-10-03,FAC0203,6,10,90,8,0,6,21
2023-07-18,FAC0139,6,0,23,48,2,3,17
2024-04-13,FAC0065,12,6,51,34,3,5,17
2023-02-17,FAC0061,4,0,22,22,2,11,17
2024-06-05,FAC0109,2,0,16,8,1,5,6
2024-08-29,FAC0062,3,1,9,13,0,4,11
2024-04-17,FAC0070,9,0,84,104,0,2,20
2024-08-07,FAC0188,28,5,185,123,0,1,17
2024-07-24,FAC0217,10,8,54,41,1,9,17
2024-01-15,FAC0212,6,6,28,27,0,7,15
2023-10-27,FAC0113,1,1,11,2,1,9,12
2024-03-24,FAC0158,12,53,284,163,3,1,5
2024-02-05,FAC0012,1,1,3,7,1,6,17
2023-10-05,FAC0092,18,34,238,104,1,7,6
2024-11-30,FAC0111,5,4,23,13,1,4,14
2024-06-10,FAC0227,2,54,284,168,6,6,8
2024-12-17,FAC0165,21,32,204,88,0,1,13
2024-03-12,FAC0049,10,3,33,56,0,8,10
2024-03-19,FAC0244,0,0,8,3,0,8,13
2023-10-31,FAC0048,3,0,25,16,1,7,14
2023-08-01,FAC0103,0,6,36,23,0,2,5
2024-08-08,FAC0141,3,4,26,23,2,7,8
2024-10-22,FAC0005,1,0,13,3,1,8,12
2023-12-15,FAC0200,4,2,9,20,2,4,14
2023-02-05,FAC0280,63,7,242,192,0,2,10
2024-09-09,FAC0156,15,7,53,47,1,9,4
2023-09-18,FAC0264,2,6,61,12,2,2,15
2023-03-13,FAC0254,0,0,11,5,0,6,10
2024-10-27,FAC0187,1,36,236,109,0,9,12
2023-06-04,FAC0036,1,1,12,4,0,4,6
2023-10-04,FAC0196,1,0,17,12,0,7,16
2023-04-26,FAC0125,3,0,8,15,0,4,15
2024-12-25,FAC0284,17,25,158,57,1,1,11
2023-03-11,FAC0290,4,1,19,10,1,12,11
2024-11-17,FAC0298,2,1,11,8,1,2,19
2024-07-25,FAC0275,4,3,26,3,1,5,10
2024-02-14,FAC0277,2,1,6,8,1,3,23
2023-05-12,FAC0106,1,3,30,10,1,5,10
2023-09-13,FAC0194,1,5,43,4,0,6,21
2023-08-14,FAC0241,1,0,10,5,1,5,23
2024-07-24,FAC0095,4,4,33,7,3,4,14
2023-11-26,FAC0132,3,2,26,3,0,7,11
2024-10-03,FAC0227,62,1,136,316,4,4,10
2023-09-06,FAC0284,27,12,166,49,5,1,10
2024-03-11,FAC0218,0,1,6,5,1,10,16
2023-02-19,FAC0200,1,0,13,16,1,8,17
2023-07-27,FAC0222,8,3,29,30,2,4,11
2024-06-05,FAC0263,1,4,20,20,0,7,12
2024-12-09,FAC0075,0,0,4,8,0,5,18
2024-06-26,FAC0108,5,4,32,2,2,3,10
2024-05-31,FAC0264,0,2,43,30,1,4,10
2023-05-28,FAC0121,4,1,22,23,1,1,12
2023-08-07,FAC0126,5,0,12,25,1,3,14
2024-05-31,FAC0249,1,3,24,6,1,4,19
2024-03-17,FAC0011,1,1,9,10,1,5,5
2024-08-06,FAC0047,0,0,4,2,0,3,16
2023-11-03,FAC0113,0,1,9,4,0,6,16
2024-10-19,FAC0247,0,1,9,3,0,4,8
2023-12-06,FAC0197,2,4,16,22,1,5,7
2023-07-11,FAC0099,4,5,54,5,0,7,5
2024-12-05,FAC0212,1,4,34,21,1,3,19
2024-01-15,FAC0149,1,1,9,3,1,3,21
2024-04-12,FAC0089,8,6,24,37,2,6,9
2023-03-03,FAC0016,2,0,14,4,2,4,13
2024-08-15,FAC0011,0,1,12,7,1,3,6
2024-09-22,FAC0157,0,1,24,6,1,5,6
2024-02-01,FAC0184,2,1,28,8,2,6,12
2023-01-23,FAC0210,1,3,42,8,1,2,7
2023-10-22,FAC0241,2,0,12,3,1,4,15
2023-02-22,FAC0156,5,1,89,11,3,8,5
2024-01-07,FAC0056,2,1,15,13,0,7,13
2024-10-20,FAC0061,0,5,26,18,1,9,22
2023-02-24,FAC0082,2,0,13,10,0,3,10
2023-12-10,FAC0229,2,1,12,11,1,4,15
2023-05-20,FAC0229,2,1,18,5,0,9,15
2024-03-17,FAC0171,0,0,12,4,0,5,16
2023-02-21,FAC0175,0,3,26,12,3,3,12
2023-01-20,FAC0034,0,1,3,7,0,4,9
2023-09-30,FAC0187,20,10,157,188,0,6,15
2024-06-24,FAC0239,1,1,4,1,1,5,7
2023-01-16,FAC0088,3,1,27,12,1,9,7
2024-05-19,FAC0040,0,0,13,3,1,6,14
2024-04-30,FAC0146,0,1,5,4,1,3,11
2024-08-14,FAC0109,1,1,10,14,1,2,7
2023-12-09,FAC0259,2,0,13,6,0,7,16
2023-12-18,FAC0092,6,31,165,177,3,4,11
2023-04-18,FAC0045,5,1,13,24,2,6,15
2023-12-14,FAC0100,31,22,214,62,5,4,25
2024-06-21,FAC0193,1,1,21,3,1,8,9
2024-07-26,FAC0242,2,0,9,6,1,6,12
2024-05-25,FAC0191,4,2,24,25,1,5,11
2023-05-11,FAC0213,4,3,20,7,1,4,19
2023-04-23,FAC0046,1,1,11,4,1,3,7
2023-12-27,FAC0244,1,0,6,5,1,7,14
2023-03-13,FAC0075,0,0,4,8,1,6,11
2023-03-11,FAC0280,64,44,410,24,0,2,14
2024-08-01,FAC0034,1,0,5,5,1,5,13
2024-07-05,FAC0164,0,1,7,7,1,6,10
2023-02-06,FAC0193,1,2,8,16,0,8,11
2023-05-07,FAC0087,2,2,13,4,0,5,14
2024-07-14,FAC0101,4,0,34,9,1,3,10
2023-04-30,FAC0015,12,19,146,26,0,11,12
2024-01-10,FAC0125,1,2,17,6,2,8,9
2024-10-02,FAC0250,0,2,16,5,2,7,9
2024-03-14,FAC0167,3,0,58,6,0,2,7
2023-01-13,FAC0142,2,41,317,42,3,1,11
2024-05-18,FAC0114,5,3,20,16,0,6,10
2024-02-08,FAC0160,2,4,16,20,1,3,5
2024-08-21,FAC0150,3,0,15,15,0,2,12
2023-03-04,FAC0113,1,0,10,3,1,7,16
2024-04-23,FAC0286,1,1,10,8,2,1,13
2024-08-14,FAC0134,0,2,10,13,1,3,8
2023-01-02,FAC0029,1,2,5,14,1,5,20
2023-01-28,FAC0296,26,36,345,54,3,6,18
2023-05-27,FAC0061,5,2,30,14,0,6,12
2023-06-02,FAC0221,14,5,182,138,2,2,6
2023-04-11,FAC0198,2,1,13,5,0,3,13
2024-05-02,FAC0148,0,0,8,3,0,5,7
2024-04-29,FAC0139,9,5,38,33,0,2,22
2023-07-29,FAC0065,7,1,72,13,2,5,16
2024-03-17,FAC0258,0,2,41,15,2,4,8
2024-03-25,FAC0081,3,0,19,19,0,5,9
2023-05-02,FAC0173,0,0,17,5,0,4,18
2023-02-13,FAC0298,0,2,8,11,1,2,12
2024-11-01,FAC0093,1,24,179,124,0,8,13
2023-10-09,FAC0041,0,0,6,2,0,3,13
2023-07-11,FAC0141,2,0,18,31,2,5,12
2023-01-30,FAC0297,0,0,8,13,1,4,8
2023-06-12,FAC0169,1,5,79,8,0,5,14
2024-05-29,FAC0037,5,8,130,41,2,5,14
2023-04-07,FAC0219,1,1,12,2,0,3,12
2024-12-21,FAC0174,3,2,65,87,3,1,6
2024-01-02,FAC0086,29,22,282,33,5,1,14
2024-07-29,FAC0010,1,1,11,2,0,5,14
2024-06-24,FAC0289,3,5,17,29,0,4,13
2024-07-04,FAC0109,3,0,21,3,1,2,11
2024-12-18,FAC0063,2,1,25,7,1,4,14
2023-05-26,FAC0021,2,2,15,4,1,4,18
2024-03-06,FAC0114,5,0,21,15,3,6,18
2024-12-21,FAC0174,0,17,74,78,0,1,10
2023-01-26,FAC0010,1,0,6,7,1,5,11
2023-09-01,FAC0266,0,3,43,53,0,4,9
2023-04-11,FAC0273,4,1,14,17,1,4,8
2023-05-27,FAC0044,0,3,12,24,0,6,17
2024-12-09,FAC0207,3,3,17,18,0,9,10
2023-06-12,FAC0166,1,0,13,4,1,4,11
2024-09-06,FAC0007,2,3,21,27,1,8,9
2024-02-21,FAC0185,1,27,107,147,6,6,19
2023-08-21,FAC0189,2,0,13,1,1,5,19
2024-07-03,FAC0187,30,10,161,184,2,11,10
2024-02-12,FAC0201,7,7,48,17,0,5,12
2024-06-14,FAC0033,7,6,55,7,1,3,17
2023-08-10,FAC0211,0,0,10,2,0,4,10
2024-10-12,FAC0007,0,5,23,25,1,9,12
2023-12-03,FAC0214,1,1,7,12,2,6,11
2023-04-24,FAC0212,5,1,39,16,4,4,14
2024-04-14,FAC0276,0,3,15,18,0,5,9
2024-12-24,FAC0178,1,1,16,3,0,4,5
2024-11-07,FAC0017,37,30,162,253,7,4,17
2023-01-16,FAC0092,7,29,190,152,0,3,5
2023-03-13,FAC0127,7,1,16,37,0,5,7
2024-11-04,FAC0254,1,1,10,6,1,4,6
2024-11-22,FAC0048,2,2,35,6,0,9,20
2024-03-04,FAC0228,1,2,11,13,1,8,13
2024-03-03,FAC0250,1,0,10,11,2,7,11
2024-04-08,FAC0130,2,1,18,6,0,6,15
2023-11-21,FAC0035,3,0,12,10,0,8,13
2024-04-26,FAC0109,2,1,22,2,0,2,10
2024-08-03,FAC0119,5,1,21,16,0,2,13
2024-09-12,FAC0193,2,0,14,10,0,9,9
2024-03-10,FAC0105,2,0,15,15,2,3,28
2023-10-06,FAC0146,1,1,5,4,1,1,15
2024-08-28,FAC0236,3,1,22,6,1,2,11
2023-03-02,FAC0185,7,21,231,23,2,7,14
2023-03-04,FAC0255,0,3,16,21,1,5,14
2023-09-01,FAC0280,16,23,343,91,1,2,19
2024-12-17,FAC0239,0,0,3,2,0,3,7
2023-03-05,FAC0227,30,14,226,226,2,8,10
2024-02-01,FAC0223,2,0,20,12,1,7,14
2024-03-10,FAC0140,4,3,20,12,0,8,18
2024-09-07,FAC0232,13,12,44,56,1,1,7
2024-07-20,FAC0090,4,0,25,5,0,6,14
2024-05-30,FAC0141,1,5,15,34,2,5,11
2024-12-25,FAC0286,0,2,15,3,2,3,8
2023-04-25,FAC0049,6,3,40,49,0,5,8
2023-03-17,FAC0240,0,0,7,9,0,8,13
2023-04-04,FAC0021,0,0,14,5,0,5,16
2024-02-22,FAC0211,1,0,8,4,0,6,14
2023-09-11,FAC0022,0,2,16,2,0,4,14
2023-09-11,FAC0203,8,5,88,10,3,8,10
2024-01-11,FAC0185,8,27,192,62,1,6,17
2023-03-15,FAC0017,9,3,206,209,1,2,11
2024-01-29,FAC0242,2,0,11,4,2,3,9
2024-11-19,FAC0123,4,3,37,4,0,2,11
2024-10-25,FAC0041,0,0,2,6,0,4,11
2024-09-26,FAC0177,2,3,18,20,2,3,7
2024-04-01,FAC0138,1,0,3,6,1,3,10
2024-08-23,FAC0280,48,47,303,131,1,2,20
2023-02-05,FAC0090,2,1,22,8,1,4,16
2023-04-02,FAC0092,49,6,171,171,3,4,8
2024-04-21,FAC0169,9,1,77,10,2,3,18
2023-10-25,FAC0203,9,9,29,69,2,5,14
2024-10-13,FAC0198,2,1,7,11,0,3,9
2024-07-13,FAC0216,0,1,8,3,0,6,8
2024-09-06,FAC0221,28,9,278,42,2,3,7
2024-08-17,FAC0299,2,3,11,18,1,4,14
2023-04-28,FAC0283,2,0,34,5,2,5,14
2024-03-25,FAC0145,4,0,21,13,2,5,11
2024-09-05,FAC0230,5,4,18,17,0,2,15
2024-07-25,FAC0177,4,0,23,15,4,2,10
2023-10-25,FAC0158,29,35,202,245,2,1,5
2023-01-28,FAC0115,5,2,47,12,2,3,17
2023-05-09,FAC0220,36,18,187,58,4,2,10
2023-03-15,FAC0221,39,9,247,73,3,4,8
2023-01-05,FAC0125,0,0,8,15,2,5,9
2024-06-18,FAC0122,1,0,12,3,0,2,17
2024-04-17,FAC0262,2,0,16,6,1,5,11
2023-07-17,FAC0222,4,6,20,39,0,3,15
2024-07-16,FAC0201,3,3,57,8,1,3,12
2023-09-18,FAC0220,21,6,229,16,1,1,9
2023-02-24,FAC0078,2,2,22,6,0,4,10
2024-07-19,FAC0260,2,3,40,4,1,3,14
2024-12-27,FAC0052,0,0,11,4,1,12,24
2024-04-22,FAC0147,2,4,12,29,1,6,11
2024-04-12,FAC0069,2,0,4,10,0,4,8
2023-12-03,FAC0009,0,2,20,10,1,2,18
2024-05-12,FAC0047,1,0,3,3,1,3,15
2023-11-06,FAC0018,0,1,4,7,0,8,16
2024-03-04,FAC0286,0,0,12,6,1,1,12
2024-04-07,FAC0081,3,3,23,15,0,3,11
2023-01-14,FAC0027,30,30,312,42,5,3,11
2024-08-28,FAC0018,1,1,3,8,0,6,16
2024-10-24,FAC0157,0,1,23,7,0,6,12
2024-09-18,FAC0221,44,31,164,156,3,2,8
2024-02-16,FAC0021,0,0,11,8,0,3,14
2024-02-17,FAC0237,0,1,9,20,1,3,14
2024-07-27,FAC0191,0,1,38,11,0,4,13
2023-07-12,FAC0116,0,4,82,96,3,6,11
2023-08-18,FAC0014,2,1,29,15,1,2,19
2023-09-15,FAC0128,4,0,24,33,1,7,13
2023-04-02,FAC0023,7,10,79,20,0,4,10
2023-11-28,FAC0149,0,0,7,5,2,5,25
2023-04-20,FAC0189,0,0,6,8,0,5,16
2024-06-29,FAC0189,1,1,6,8,1,6,19
2024-04-02,FAC0114,1,2,29,7,3,5,11
2024-02-24,FAC0065,7,3,44,41,2,5,12
2023-07-11,FAC0169,0,3,60,27,3,3,10
2023-06-27,FAC0239,1,0,2,3,0,7,6
2024-09-24,FAC0127,4,5,17,36,2,8,8
2024-03-04,FAC0124,31,31,117,143,6,3,17
2024-08-30,FAC0037,1,5,121,50,1,5,11
2024-11-27,FAC0179,5,0,19,24,0,9,13
2024-09-15,FAC0248,5,8,60,7,0,12,6
2023-08-03,FAC0100,31,7,259,17,0,7,27
2024-06-19,FAC0188,6,28,198,110,2,1,19
2024-07-18,FAC0108,3,1,26,8,2,3,12
2023-12-23,FAC0291,3,0,19,19,1,5,12
2023-12-09,FAC0128,1,3,37,20,1,11,13
2023-08-11,FAC0068,3,2,19,8,1,6,8
2023-10-02,FAC0136,4,0,16,19,1,3,11
2024-12-12,FAC0245,3,4,21,23,0,2,12
2023-04-20,FAC0191,1,0,20,29,0,5,7
2023-01-21,FAC0113,0,1,6,7,0,4,11
2024-01-27,FAC0106,0,0,27,13,0,7,11
2024-10-02,FAC0290,0,2,18,11,0,8,14
2023-10-10,FAC0147,5,0,38,3,1,5,15
2023-09-19,FAC0262,1,2,7,15,1,6,15
2023-09-24,FAC0092,37,20,300,42,1,7,6
2023-12-19,FAC0255,4,3,11,26,1,4,16
2024-11-27,FAC0289,4,5,28,18,1,3,10
2023-03-17,FAC0103,8,4,44,15,2,3,10
2023-03-12,FAC0166,2,2,10,7,1,5,17
2023-02-10,FAC0268,4,5,17,26,0,2,8
2023-08-27,FAC0048,3,0,17,24,0,8,19
2024-10-05,FAC0222,4,2,24,35,0,3,12
2024-02-12,FAC0163,4,1,14,15,1,8,17
2024-10-24,FAC0285,16,20,202,168,0,3,16
2023-10-22,FAC0163,4,0,20,9,0,8,12
2024-07-19,FAC0132,2,0,18,11,1,4,7
2023-03-18,FAC0174,19,1,100,52,0,1,5
2023-10-24,FAC0036,2,1,5,11,1,3,6
2023-04-27,FAC0091,5,1,20,18,1,5,16
2024-08-27,FAC0168,8,12,44,58,1,5,14
2023-04-19,FAC0137,3,1,10,11,1,2,12
2023-12-10,FAC0281,37,18,183,291,1,3,9
2024-05-25,FAC0076,1,1,31,6,1,5,12
2023-06-01,FAC0050,1,4,19,30,2,5,9
2024-08-30,FAC0121,4,2,39,6,0,3,10
2023-07-30,FAC0300,1,0,16,8,1,2,10
2024-12-11,FAC0230,4,0,22,13,0,2,14
2023-10-28,FAC0060,4,1,84,44,4,8,11
2023-06-09,FAC0026,0,0,10,3,0,4,8
2023-09-29,FAC0051,6,9,395,85,7,5,11
2023-12-23,FAC0234,0,1,6,5,1,2,6
2023-02-07,FAC0064,2,2,30,46,2,8,16
2023-04-16,FAC0046,0,0,8,7,1,4,9
2024-07-14,FAC0270,2,1,41,8,1,4,16
2024-11-24,FAC0033,7,2,37,25,0,3,18
2023-10-23,FAC0012,1,0,4,6,1,4,17
2024-09-12,FAC0182,1,1,17,8,1,5,7
2023-10-29,FAC0094,6,5,37,20,6,2,8
2023-04-23,FAC0035,0,2,10,12,1,5,8
2023-01-10,FAC0038,1,1,38,26,1,6,13
2023-10-19,FAC0160,0,2,25,11,0,4,9
2024-04-06,FAC0081,2,4,35,3,0,4,10
2024-08-22,FAC0163,2,3,19,10,1,7,21
2023-12-04,FAC0244,0,1,7,4,0,5,19
2024-09-08,FAC0295,0,1,7,7,1,7,8
2023-06-25,FAC0032,1,1,8,5,0,6,13
2024-06-08,FAC0155,2,7,41,22,0,3,17
2024-11-02,FAC0159,5,4,26,15,1,4,15
2023-09-06,FAC0213,1,3,17,10,1,6,14
2023-02-04,FAC0289,0,4,19,27,1,4,14
2023-07-05,FAC0150,2,0,12,18,0,2,9
2023-05-10,FAC0163,3,3,20,9,1,7,16
2024-03-05,FAC0298,0,2,11,8,1,1,19
2024-07-27,FAC0254,2,1,12,4,1,4,7
2024-06-01,FAC0165,18,17,110,182,1,1,15
2023-11-06,FAC0088,5,3,19,20,0,6,7
2024-12-14,FAC0181,2,2,37,10,0,5,11
2024-04-02,FAC0174,16,2,99,53,2,1,8
2024-09-10,FAC0236,3,3,20,8,0,2,11
2024-05-29,FAC0190,11,7,75,6,0,7,9
2024-09-21,FAC0127,7,0,50,3,0,7,10
2024-01-05,FAC0091,3,3,25,13,0,8,15
2023-06-10,FAC0107,8,1,27,49,1,6,15
2024-12-02,FAC0102,1,1,6,7,0,4,23
2023-09-22,FAC0295,2,1,9,5,0,9,13
2024-06-08,FAC0031,50,30,271,120,3,3,12
2024-05-29,FAC0052,0,0,11,4,1,11,21
2024-09-26,FAC0276,4,0,29,4,1,5,11
2024-11-04,FAC0003,0,1,6,14,0,3,6
2024-10-13,FAC0148,1,1,5,6,1,5,7
2024-06-12,FAC0058,0,1,8,7,0,3,9
2023-05-07,FAC0151,8,6,21,45,3,3,10
2024-03-09,FAC0150,3,3,17,13,1,2,12
2024-05-13,FAC0018,0,0,4,7,1,7,10
2023-01-11,FAC0284,8,6,80,135,3,3,17
2024-02-28,FAC0140,1,2,17,15,1,6,12
2024-05-22,FAC0287,3,2,22,14,0,2,9
2023-03-21,FAC0077,1,1,6,4,1,11,10
2023-07-27,FAC0102,0,1,5,8,1,3,16
2024-12-05,FAC0245,2,1,20,24,2,2,20
2023-12-26,FAC0137,1,2,7,14,0,2,8
2024-11-15,FAC0266,4,8,37,59,1,8,16
2024-07-20,FAC0276,1,2,26,7,1,3,10
2023-12-09,FAC0076,2,1,22,15,1,9,15
2024-07-06,FAC0003,0,0,11,9,0,5,8
2024-10-15,FAC0085,0,1,3,5,0,5,6
2024-09-25,FAC0032,1,1,3,10,0,6,6
2023-04-08,FAC0137,0,0,19,2,1,2,8
2024-04-02,FAC0153,2,3,30,6,4,2,11
2024-05-04,FAC0227,40,20,247,205,3,8,14
2024-06-22,FAC0117,2,2,8,10,1,6,17
2023-10-01,FAC0092,34,10,311,31,0,4,7
2024-12-16,FAC0285,53,36,245,125,2,6,18
2024-03-27,FAC0009,2,1,23,7,2,4,14
2024-09-16,FAC0095,3,0,37,3,0,3,14
2023-03-24,FAC0270,7,1,26,23,1,5,15
2023-04-22,FAC0190,10,5,37,44,2,9,17
2024-08-02,FAC0287,1,0,27,9,1,1,14
2024-08-04,FAC0020,0,2,18,2,1,2,6
2023-05-08,FAC0225,4,1,14,16,0,3,10
2024-03-06,FAC0019,2,3,15,16,0,6,8
2023-07-21,FAC0070,25,8,123,65,4,2,13
2023-02-04,FAC0151,3,6,53,13,2,3,8
2024-05-08,FAC0171,0,1,5,11,0,3,10
2023-07-12,FAC0296,5,18,327,72,1,4,11
2024-02-16,FAC0083,1,1,14,7,2,7,11
2023-08-03,FAC0201,4,2,52,13,0,3,14
2023-05-23,FAC0241,1,0,10,5,0,6,11
2023-04-18,FAC0285,37,41,290,80,1,5,20
2024-09-02,FAC0117,0,0,10,8,2,4,12
2024-10-14,FAC0063,2,2,22,10,1,4,11
2024-02-28,FAC0074,1,0,4,4,0,4,8
2024-08-04,FAC0003,1,2,6,14,1,3,12
2023-09-06,FAC0298,1,1,17,2,0,1,11
2023-09-21,FAC0185,0,2,131,123,2,10,13
2023-01-29,FAC0046,1,1,10,5,0,4,6
2023-07-18,FAC0231,0,1,8,3,1,2,13
2024-12-23,FAC0217,12,4,77,18,0,7,19
2024-01-07,FAC0292,3,0,12,11,0,3,8
2024-07-04,FAC0129,5,0,34,6,2,5,12
2024-10-20,FAC0011,1,0,7,12,0,5,7
2024-04-18,FAC0060,13,15,98,30,1,8,10
2024-02-02,FAC0133,5,6,44,15,3,4,9
2023-07-29,FAC0290,2,0,25,4,0,11,10
2023-10-27,FAC0210,0,2,18,32,2,3,9
2023-09-04,FAC0196,3,3,25,4,0,4,14
2023-03-31,FAC0227,33,22,410,42,5,7,14
2024-08-09,FAC0104,0,5,33,9,1,13,11
2023-11-13,FAC0135,2,2,14,16,0,6,23
2024-02-19,FAC0261,0,3,29,6,2,2,14
2024-11-27,FAC0096,0,0,24,10,0,6,12
2024-05-14,FAC0063,3,2,21,11,0,6,14
2023-08-13,FAC0101,5,1,37,6,1,4,7
2023-08-12,FAC0204,1,1,5,1,0,6,14
2024-01-30,FAC0064,11,5,59,17,1,4,9
2023-12-12,FAC0117,2,2,15,3,0,6,16
2023-04-12,FAC0030,2,0,8,6,0,5,10
2024-12-14,FAC0297,1,0,6,15,0,5,8
2023-06-14,FAC0076,5,4,33,4,0,10,8
2023-11-18,FAC0002,4,3,13,29,0,2,12
2023-04-17,FAC0157,0,3,27,3,0,5,8
2024-05-26,FAC0167,1,3,32,32,0,2,6
2024-11-25,FAC0158,42,16,240,207,2,2,3
2024-01-01,FAC0191,0,4,39,10,0,6,6
2023-06-14,FAC0248,1,6,31,36,0,7,4
2024-09-26,FAC0186,0,0,9,7,2,8,11
2024-08-01,FAC0269,3,1,11,13,1,6,12
2023-01-07,FAC0068,3,0,14,13,0,6,6
2024-02-18,FAC0259,1,2,15,4,2,6,24
2023-08-27,FAC0179,4,0,40,3,0,7,14
2024-08-30,FAC0248,3,2,34,33,1,10,3
2024-12-07,FAC0114,5,4,32,4,2,3,15
2024-12-26,FAC0026,0,0,11,2,2,4,13
2024-07-08,FAC0272,0,2,19,3,0,7,18
2023-12-06,FAC0011,1,1,7,12,0,3,9
2024-05-21,FAC0043,1,2,40,9,1,10,13
2024-01-03,FAC0105,1,1,11,19,1,5,33
2023-03-02,FAC0104,5,0,18,24,1,9,9
2023-10-13,FAC0015,4,13,129,43,1,11,11
2023-03-19,FAC0141,7,4,27,22,0,6,11
2023-09-09,FAC0240,1,1,11,5,1,4,10
2024-04-09,FAC0036,0,1,7,9,0,2,5
2024-08-11,FAC0245,0,4,13,31,0,2,25
2023-10-05,FAC0154,0,4,34,16,3,3,14
2023-10-03,FAC0281,70,28,295,179,6,4,10
2024-06-11,FAC0123,3,0,14,27,0,4,11
2024-05-29,FAC0119,0,3,23,14,0,1,10
2023-03-28,FAC0157,1,2,25,5,0,7,12
2023-09-12,FAC0220,16,20,122,123,7,1,8
2024-11-25,FAC0290,4,1,21,8,1,9,11
2023-10-15,FAC0227,49,2,180,272,2,7,17
2023-12-25,FAC0142,3,30,188,171,9,1,12
2024-11-04,FAC0237,0,1,17,12,1,3,9
2024-08-19,FAC0214,2,2,13,6,0,3,8
2023-06-29,FAC0072,2,1,40,28,1,8,9
2023-11-16,FAC0210,1,0,34,16,2,5,11
2024-07-21,FAC0224,1,0,9,3,2,5,13
2023-11-23,FAC0136,3,1,29,6,0,5,13
2024-03-19,FAC0146,0,1,3,6,1,3,12
2023-06-08,FAC0095,6,0,29,11,2,5,16
2023-10-27,FAC0267,2,2,75,5,1,6,8
2023-08-04,FAC0270,0,1,21,28,0,5,16
2023-07-12,FAC0276,3,3,22,11,1,7,15
2023-12-02,FAC0167,3,6,60,4,1,1,5
2023-06-23,FAC0118,3,0,33,5,1,2,12
2024-09-29,FAC0187,28,30,214,131,3,6,7
2024-11-14,FAC0076,3,1,26,11,0,10,15
2024-01-08,FAC0197,5,0,23,15,2,9,14
2023-11-29,FAC0137,0,0,18,3,1,4,6
2024-02-26,FAC0257,1,0,8,15,1,4,9
2023-03-22,FAC0033,6,2,43,19,1,5,15
2024-06-02,FAC0249,3,1,19,11,0,3,16
2024-08-26,FAC0267,7,4,72,8,0,5,11
2023-02-20,FAC0128,5,0,17,40,0,10,9
2024-12-14,FAC0033,0,5,58,4,0,4,10
2023-05-27,FAC0173,2,2,20,2,1,3,10
2024-02-23,FAC0060,11,14,72,56,1,9,9
2023-08-04,FAC0071,0,0,5,6,1,3,9
2023-07-03,FAC0181,6,5,19,28,0,5,12
2023-08-16,FAC0052,1,0,12,3,0,10,17
2024-02-05,FAC0119,3,2,14,23,1,2,19
2023-10-28,FAC0150,4,1,22,8,1,3,12
2024-07-14,FAC0127,4,0,27,26,0,8,10
2024-06-30,FAC0196,4,1,26,3,0,6,13
2023-03-14,FAC0074,1,1,6,2,0,3,11
2023-07-20,FAC0001,2,0,13,11,0,4,9
2023-10-19,FAC0145,3,4,17,17,0,9,8
2023-10-19,FAC0001,0,0,19,5,1,4,8
2024-06-10,FAC0101,4,2,19,24,1,4,8
2023-03-09,FAC0104,2,3,19,23,1,11,6
2023-05-31,FAC0058,2,0,13,2,1,4,10
2023-09-03,FAC0229,3,1,9,14,0,9,8
2023-12-11,FAC0108,2,0,17,17,0,2,13
2023-03-14,FAC0132,1,0,17,12,0,5,10
2023-07-29,FAC0195,0,1,9,5,1,6,8
2023-12-28,FAC0067,2,2,22,5,2,3,15
2023-09-21,FAC0280,10,31,139,295,1,2,20
2024-02-15,FAC0180,8,15,91,87,8,4,12
2023-09-26,FAC0245,4,0,15,29,2,2,21
2024-12-19,FAC0151,2,3,49,17,3,3,8
2024-04-04,FAC0230,1,4,30,5,1,2,20
2023-07-26,FAC0102,0,0,3,10,0,3,22
2023-10-08,FAC0218,1,1,4,7,0,9,20
2024-09-19,FAC0012,1,1,6,4,1,7,15
2024-03-19,FAC0184,0,2,12,24,2,7,17
2023-10-04,FAC0117,2,2,7,11,2,4,13
2023-03-26,FAC0029,0,1,15,4,1,2,13
2023-07-12,FAC0191,0,0,17,32,1,5,13
2023-08-15,FAC0121,6,2,31,14,0,3,11
2023-11-30,FAC0256,4,0,21,7,0,6,10
2023-09-04,FAC0284,4,1,103,112,2,1,11
2024-07-20,FAC0076,2,4,17,20,1,10,15
2023-11-09,FAC0087,0,1,9,8,0,4,10
2023-11-01,FAC0040,1,0,8,8,0,6,12
2024-06-15,FAC0229,2,0,9,14,0,5,13
2024-10-13,FAC0096,1,1,23,11,0,6,12
2023-10-01,FAC0295,1,0,10,4,1,9,11
2023-11-10,FAC0257,0,1,7,16,1,3,15
2023-11-04,FAC0132,4,1,25,4,0,3,9
2023-12-02,FAC0001,0,0,18,6,0,5,8
2023-06-14,FAC0077,0,1,4,6,1,10,17
2024-08-01,FAC0248,1,1,38,29,2,6,5
2023-10-11,FAC0071,1,0,6,5,0,5,17
2024-11-18,FAC0295,2,0,4,10,1,7,9
2024-02-06,FAC0120,9,3,90,24,0,4,6
2024-07-21,FAC0109,1,0,8,16,1,3,11
2024-03-01,FAC0155,6,4,52,11,1,5,12
2024-08-16,FAC0279,1,8,30,68,0,5,14
2024-08-26,FAC0241,2,0,14,1,0,6,12
2023-03-25,FAC0123,5,4,30,11,1,4,8
2024-08-31,FAC0161,0,0,10,1,2,4,10
2023-08-23,FAC0150,0,0,18,12,1,1,12
2024-07-19,FAC0215,0,0,17,23,3,3,19
2023-02-13,FAC0093,13,27,190,113,3,5,17
2023-07-11,FAC0210,0,5,31,19,1,4,8
2024-06-28,FAC0086,25,23,154,161,3,2,10
2024-05-12,FAC0202,9,6,24,43,3,5,10
2024-12-29,FAC0131,6,3,18,23,2,4,10
2024-05-18,FAC0099,5,3,39,20,3,5,6
2023-05-02,FAC0093,25,30,120,183,1,8,12
2023-08-02,FAC0169,5,8,68,19,2,4,16
2023-06-28,FAC0214,1,1,12,7,2,3,5
2024-12-22,FAC0025,2,0,21,5,0,1,15
2024-11-16,FAC0120,16,12,83,31,3,3,8
2024-10-12,FAC0123,1,2,31,10,1,2,11
2024-08-28,FAC0021,2,2,9,10,1,3,17
2023-07-04,FAC0289,5,5,23,23,1,4,12
2024-10-12,FAC0259,2,2,10,9,2,5,15
2024-11-18,FAC0010,0,1,4,9,0,2,7
2023-07-23,FAC0145,4,1,13,21,0,8,8
2023-07-06,FAC0185,20,14,167,87,0,12,11
2023-06-15,FAC0293,0,0,12,12,0,6,18
2024-11-24,FAC0053,2,1,13,2,1,2,16
2024-08-03,FAC0296,1,32,127,272,8,7,11
2023-06-21,FAC0042,2,1,14,8,1,4,9
2023-06-25,FAC0280,42,42,382,52,2,4,10
2023-05-14,FAC0090,2,0,26,4,0,8,17
2024-11-04,FAC0239,1,0,2,3,0,3,5
2024-11-05,FAC0013,3,1,19,2,1,2,9
2023-12-28,FAC0200,4,0,22,7,1,8,13
2024-08-01,FAC0130,1,2,14,10,0,6,14
2023-03-16,FAC0171,1,1,13,3,1,2,8
2024-04-06,FAC0083,3,1,14,7,2,5,13
2024-04-13,FAC0139,10,0,35,36,3,2,21
2023-01-30,FAC0260,0,0,16,28,0,5,17
2023-09-04,FAC0135,4,0,24,6,0,9,16
2023-06-11,FAC0287,2,3,32,4,0,1,7
2023-06-09,FAC0156,14,9,38,62,0,4,7
2024-11-04,FAC0161,1,1,5,6,1,6,13
2024-03-20,FAC0025,0,1,23,3,0,1,21
2024-08-01,FAC0238,9,1,24,53,2,5,14
2024-07-19,FAC0114,0,4,17,19,1,5,16
2023-03-06,FAC0224,1,1,6,6,2,5,14
2023-01-15,FAC0068,0,0,22,5,1,6,8
2023-11-16,FAC0130,0,2,21,3,1,8,20
2023-10-30,FAC0049,12,8,46,43,0,8,13
2024-11-01,FAC0126,4,3,16,21,0,4,17
2023-01-02,FAC0066,13,0,114,248,7,5,11
2024-11-08,FAC0294,3,1,21,7,0,10,13
2023-08-20,FAC0162,9,1,44,16,0,6,16
2023-09-14,FAC0161,1,0,4,7,0,3,12
2024-11-07,FAC0069,1,1,6,8,0,5,9
2024-10-03,FAC0173,3,0,20,2,0,5,9
2024-08-07,FAC0132,4,3,15,14,0,4,6
2024-03-11,FAC0164,0,1,11,3,0,5,8
2023-11-22,FAC0127,4,2,26,27,1,8,9
2024-06-25,FAC0146,1,0,3,6,1,2,12
2024-11-18,FAC0118,2,3,21,17,1,4,15
2023-11-28,FAC0036,0,0,8,8,0,5,7
2024-01-17,FAC0142,17,29,140,219,5,1,9
2023-06-12,FAC0250,2,0,12,9,1,9,6
2023-12-15,FAC0120,16,2,43,71,10,2,6
2024-05-31,FAC0046,0,0,9,6,0,4,6
2023-09-27,FAC0067,0,1,23,4,1,4,15
2024-08-19,FAC0172,6,2,31,12,1,4,7
2024-12-31,FAC0036,2,0,6,10,0,5,5
2023-02-05,FAC0228,1,2,11,13,1,7,10
2024-11-27,FAC0046,1,1,4,11,1,4,11
2023-04-12,FAC0127,3,2,34,19,2,7,11
2024-12-28,FAC0115,5,0,33,26,0,6,14
2023-02-06,FAC0244,0,1,8,3,0,5,19
2024-12-17,FAC0097,8,1,71,15,0,8,17
2023-04-12,FAC0089,7,3,19,42,2,4,14
2023-09-10,FAC0191,3,5,18,31,0,4,9
2023-07-06,FAC0085,1,1,6,2,0,2,10
2024-12-18,FAC0111,3,1,18,18,1,4,16
2023-03-21,FAC0215,5,4,27,13,1,4,13
2023-01-06,FAC0187,3,34,203,142,5,5,15
2023-10-20,FAC0047,1,0,3,3,1,4,13
2023-02-28,FAC0110,4,2,18,23,0,6,23
2023-08-13,FAC0052,2,0,12,3,0,12,15
2024-10-21,FAC0292,1,0,10,13,1,6,10
2023-11-12,FAC0051,30,32,379,101,7,5,10
2024-05-24,FAC0005,0,0,6,10,1,10,15
2024-12-02,FAC0151,5,7,24,42,3,2,12
2023-06-07,FAC0183,1,1,12,16,2,1,13
2024-01-05,FAC0238,0,4,63,14,1,6,12
2023-05-23,FAC0010,0,0,4,9,1,5,13
2024-11-03,FAC0115,1,2,21,38,2,7,13
2024-03-12,FAC0028,1,2,36,10,0,10,14
2024-07-27,FAC0227,49,43,386,66,7,5,8
2023-02-17,FAC0134,0,1,10,13,1,1,6
2024-09-25,FAC0058,0,1,11,4,1,2,9
2024-11-16,FAC0276,4,1,26,7,1,6,7
2024-10-04,FAC0198,1,0,13,5,0,4,10
2024-03-13,FAC0186,0,1,13,3,1,6,13
2024-02-23,FAC0121,6,5,28,17,1,3,8
2024-05-18,FAC0094,6,1,43,14,2,2,11
2024-11-08,FAC0180,6,15,81,97,5,3,11
2024-02-19,FAC0013,3,0,9,12,1,2,12
2024-07-31,FAC0292,2,2,17,6,0,4,12
2024-06-17,FAC0115,3,6,54,5,2,4,14
2024-02-16,FAC0104,2,5,33,9,1,11,11
2023-09-16,FAC0269,0,2,9,15,0,6,10
2024-04-19,FAC0246,6,2,19,40,1,3,13
2023-03-01,FAC0153,5,4,15,21,2,3,13
2024-06-22,FAC0069,1,1,6,8,1,4,8
2024-09-08,FAC0027,37,10,156,198,3,4,9
2024-07-29,FAC0224,1,1,9,3,2,5,15
2023-02-25,FAC0050,5,5,32,17,2,9,8
2024-08-22,FAC0064,3,5,54,22,3,7,9
2024-06-02,FAC0196,3,0,11,18,1,7,12
2024-02-17,FAC0134,1,0,12,11,1,3,8
2023-04-14,FAC0111,2,0,21,15,1,3,16
2024-08-06,FAC0066,28,32,111,251,0,4,9
2024-09-28,FAC0156,4,4,31,69,2,8,4
2024-08-20,FAC0176,3,1,11,14,0,6,14
2023-09-14,FAC0249,0,3,25,5,0,3,17
2023-06-15,FAC0184,5,0,26,10,2,5,17
2024-02-20,FAC0044,5,0,16,20,0,3,23
2023-09-26,FAC0210,6,5,39,11,1,2,6
2024-12-21,FAC0178,2,1,10,9,1,4,4
2023-10-16,FAC0106,0,1,27,13,0,4,9
2023-05-22,FAC0244,0,0,6,5,1,5,12
2024-05-20,FAC0245,2,2,16,28,1,2,24
2024-03-03,FAC0124,33,29,232,28,0,4,24
2024-12-29,FAC0169,2,3,49,38,2,4,14
2023-03-06,FAC0200,2,3,12,17,0,7,20
2023-11-15,FAC0060,10,7,73,55,4,6,9
2023-12-22,FAC0247,0,1,11,1,1,4,14
2023-07-13,FAC0286,1,1,14,4,2,1,7
2024-11-29,FAC0258,7,5,35,21,0,3,15
2023-03-13,FAC0244,0,0,7,4,1,5,13
2023-05-30,FAC0059,0,3,11,25,2,6,11
2023-03-22,FAC0035,1,1,15,7,1,6,13
2024-12-02,FAC0205,9,4,38,44,3,5,10
2023-01-20,FAC0286,2,1,16,2,2,1,8
2023-03-22,FAC0229,2,2,21,2,0,4,14
2024-09-22,FAC0096,5,1,23,11,0,5,11
2023-09-04,FAC0190,3,3,36,45,1,6,8
2023-07-19,FAC0061,2,5,16,28,1,7,16
2023-08-05,FAC0044,2,2,29,7,1,3,23
2024-10-26,FAC0175,0,1,26,12,3,2,13
2024-11-18,FAC0204,0,1,3,3,1,5,18
2024-01-08,FAC0283,4,4,31,8,0,4,11
2023-12-09,FAC0187,28,0,289,56,3,9,7
2024-08-06,FAC0247,1,0,9,3,0,3,15
2024-06-23,FAC0095,6,1,30,10,3,6,14
2024-06-26,FAC0086,21,10,236,79,2,2,10
2024-12-14,FAC0223,4,1,23,9,0,3,16
2024-12-16,FAC0083,2,1,13,8,0,5,7
2023-02-03,FAC0179,3,2,16,27,2,10,7
2023-01-07,FAC0205,1,3,48,34,4,7,13
2024-03-09,FAC0010,1,0,5,8,0,3,12
2023-03-08,FAC0130,2,0,10,14,0,8,20
2023-11-09,FAC0102,0,0,6,7,1,4,21
2023-09-12,FAC0026,1,1,7,6,1,6,15
2023-02-04,FAC0034,1,0,6,4,1,3,13
2024-11-24,FAC0014,1,4,29,15,0,2,12
2023-02-13,FAC0176,3,2,15,10,1,10,8
2023-07-10,FAC0160,5,3,22,14,1,4,9
2024-04-24,FAC0261,4,4,19,16,2,5,16
2023-03-19,FAC0256,3,3,24,4,1,5,14
2023-07-23,FAC0227,61,34,185,267,4,8,9
2024-08-07,FAC0148,1,1,8,3,0,6,12
2023-12-01,FAC0234,0,0,8,3,0,2,5
2023-02-01,FAC0036,0,0,13,3,1,4,9
2023-04-13,FAC0237,2,3,10,19,0,2,15
2023-03-02,FAC0154,3,2,24,26,1,4,13
2023-04-07,FAC0141,0,0,25,24,1,6,13
2023-02-13,FAC0150,4,2,17,13,0,3,13
2024-02-27,FAC0284,29,10,153,62,7,2,10
2023-03-09,FAC0286,1,0,16,2,1,3,9
2023-12-03,FAC0142,29,38,128,231,2,3,19
2024-06-02,FAC0006,24,18,90,154,6,7,9
2023-04-23,FAC0026,1,1,6,7,0,8,11
2024-12-14,FAC0121,2,1,27,18,1,3,12
2023-09-26,FAC0107,5,3,24,52,1,7,19
2024-12-30,FAC0232,0,0,59,41,0,1,10
2024-06-14,FAC0220,28,21,132,113,1,2,10
2024-06-20,FAC0266,6,8,30,66,0,7,10
2023-04-30,FAC0217,0,1,58,37,1,6,11
2024-05-12,FAC0231,1,1,5,6,1,2,16
2023-11-30,FAC0164,2,0,13,1,0,5,8
2024-05-20,FAC0297,3,0,7,14,0,6,11
2023-05-26,FAC0029,2,2,8,11,1,5,17
2023-11-15,FAC0200,0,2,15,14,0,8,20
2024-05-06,FAC0168,3,9,71,31,3,3,16
2023-08-05,FAC0022,1,1,14,4,0,4,17
2024-08-17,FAC0107,2,0,70,6,3,7,15
2024-09-03,FAC0205,6,9,42,40,4,7,8
2023-10-14,FAC0200,1,1,18,11,2,5,20
2023-10-24,FAC0186,1,1,13,3,1,8,12
2024-11-25,FAC0139,8,8,22,49,2,3,24
2024-05-11,FAC0192,38,24,175,135,9,8,14
2024-03-23,FAC0069,1,1,9,5,0,5,8
2023-04-04,FAC0201,0,2,50,15,0,3,13
2024-07-08,FAC0252,1,0,38,58,1,6,15
2023-01-13,FAC0258,0,5,39,17,0,7,8
2023-02-05,FAC0258,7,3,37,19,1,3,17
2024-12-07,FAC0277,2,1,9,5,0,6,15
2024-09-15,FAC0296,41,31,197,202,9,6,20
2023-05-18,FAC0264,4,6,60,13,2,2,10
2023-07-06,FAC0011,0,1,8,11,1,7,7
2023-04-22,FAC0261,1,4,19,16,3,5,15
2024-04-19,FAC0043,4,2,22,27,0,10,13
2024-08-17,FAC0244,0,0,8,3,0,8,11
2023-04-02,FAC0204,1,1,5,1,0,4,18
2024-04-05,FAC0140,4,0,19,13,0,6,17
2023-09-17,FAC0211,0,0,8,4,0,5,16
2023-06-23,FAC0153,4,2,15,21,2,3,14
2024-10-16,FAC0272,1,0,20,2,0,6,18
2024-01-23,FAC0040,1,1,11,5,0,6,9
2023-02-05,FAC0262,2,1,20,2,0,5,10
2024-12-26,FAC0132,4,3,22,7,0,7,10
2024-09-17,FAC0221,31,37,169,151,5,4,9
2024-03-03,FAC0165,38,22,156,136,0,1,8
2024-10-13,FAC0150,4,3,26,4,0,3,14
2023-08-09,FAC0066,24,39,273,89,1,6,14
2024-11-28,FAC0055,55,26,286,146,3,9,12
2024-02-22,FAC0212,1,1,32,23,2,3,15
2023-08-09,FAC0069,0,0,12,2,0,4,10
2023-09-02,FAC0275,0,1,27,2,0,7,10
2023-07-15,FAC0053,1,1,5,10,0,5,17
2024-02-13,FAC0214,0,0,11,8,2,6,6
2024-11-16,FAC0078,0,0,15,13,1,3,15
2024-08-22,FAC0176,2,0,22,3,0,8,14
2023-09-13,FAC0166,1,1,9,8,1,3,12
2023-02-05,FAC0118,4,2,30,8,1,4,14
2023-05-18,FAC0090,0,0,24,6,0,8,15
2024-12-07,FAC0297,0,1,16,5,1,6,8
2023-10-28,FAC0110,3,4,26,15,1,6,15
2024-11-23,FAC0040,0,1,6,10,1,3,9
2023-01-15,FAC0112,3,1,21,2,2,4,13
2023-11-16,FAC0113,0,0,10,3,0,5,13
2024-01-10,FAC0211,1,0,5,7,1,7,16
2024-01-01,FAC0142,20,18,125,234,8,1,18
2023-05-16,FAC0075,1,1,5,7,1,5,12
2023-10-05,FAC0139,6,2,59,12,3,3,17
2024-05-19,FAC0241,2,1,11,4,1,3,23
2023-06-11,FAC0255,3,3,21,16,1,5,16
2023-06-08,FAC0236,3,1,12,16,1,1,15
2023-05-22,FAC0251,3,0,7,17,1,9,9
2024-05-11,FAC0208,3,3,18,21,1,3,13
2023-09-24,FAC0031,31,14,348,43,5,1,13
2023-03-24,FAC0225,0,1,21,9,2,5,13
2024-12-09,FAC0026,1,1,6,7,0,6,12
2023-09-06,FAC0251,3,1,9,15,1,5,7
2023-07-24,FAC0113,1,1,11,2,1,5,16
2024-09-29,FAC0067,2,3,9,18,1,5,14
2023-07-18,FAC0222,4,3,29,30,4,5,15
2023-03-16,FAC0015,2,9,60,112,4,10,8
2024-12-25,FAC0254,0,0,10,6,0,4,6
2024-01-22,FAC0054,12,41,401,87,8,6,14
2023-10-20,FAC0231,1,0,7,4,1,1,10
2023-06-16,FAC0205,5,0,54,28,3,8,14
2024-04-18,FAC0063,0,2,22,10,0,5,10
2023-01-25,FAC0242,0,1,5,10,2,5,15
2024-09-26,FAC0048,4,0,30,11,1,4,14
2024-08-14,FAC0124,23,15,202,58,3,4,15
2023-04-12,FAC0009,2,2,20,10,2,2,11
2023-07-05,FAC0231,0,0,8,3,1,2,14
2023-05-18,FAC0053,2,0,9,6,0,2,14
2024-08-16,FAC0271,2,2,8,13,0,3,17
2023-09-20,FAC0083,3,0,13,8,1,4,10
2023-04-22,FAC0163,3,2,17,12,1,8,14
2023-01-03,FAC0235,0,3,22,9,2,4,9
2023-09-20,FAC0236,1,1,11,17,1,2,10
2023-05-15,FAC0226,1,0,23,22,1,4,8
2024-01-12,FAC0195,1,1,4,10,0,3,6
2023-11-19,FAC0251,3,1,16,8,0,8,14
2023-09-08,FAC0097,8,9,51,35,0,5,11
2023-12-05,FAC0048,3,0,24,17,0,7,19
2023-03-02,FAC0259,0,2,8,11,2,3,13
2023-05-07,FAC0070,9,8,64,124,3,1,17
2023-02-03,FAC0167,1,6,22,42,0,3,10
2023-05-01,FAC0041,1,0,3,5,1,4,7
2024-02-22,FAC0004,3,1,13,11,1,6,16
2023-11-05,FAC0128,2,2,20,37,2,12,11
2023-01-12,FAC0103,3,3,23,36,2,4,6
2023-05-21,FAC0020,0,1,9,11,0,4,10
2023-12-03,FAC0058,0,0,14,1,0,2,10
2024-09-26,FAC0141,0,5,44,5,0,6,14
2023-07-26,FAC0275,4,2,9,20,1,11,8
2024-12-16,FAC0248,8,8,47,20,0,8,5
2024-01-12,FAC0211,0,0,8,4,1,7,17
2024-12-01,FAC0288,1,1,17,6,0,6,10
2023-07-17,FAC0113,1,1,6,7,1,4,18
2023-06-14,FAC0172,4,3,29,14,1,3,11
2023-05-08,FAC0114,0,4,22,14,3,6,10
2023-06-26,FAC0030,0,1,11,3,1,2,9
2023-06-08,FAC0125,1,1,11,12,0,7,14
2024-08-20,FAC0294,4,1,8,20,1,7,9
2023-11-01,FAC0085,0,1,2,6,1,2,8
2023-01-06,FAC0133,2,7,38,21,2,2,7
2023-01-09,FAC0221,33,6,276,44,0,3,5
2024-07-29,FAC0216,1,0,4,7,0,5,12
2024-03-11,FAC0056,0,3,10,18,0,7,9
2023-10-23,FAC0133,4,7,41,18,3,2,7
2023-08-20,FAC0062,3,1,20,2,0,5,8
2024-05-25,FAC0015,23,7,67,105,5,6,12
2023-12-11,FAC0228,2,0,14,10,1,7,15
2023-08-17,FAC0226,5,1,34,11,0,3,7
2023-02-17,FAC0060,5,8,82,46,2,8,9
2024-02-10,FAC0223,2,0,22,10,2,6,16
2024-09-02,FAC0256,0,2,16,12,0,6,11
2024-06-04,FAC0187,45,1,285,60,3,7,11
2024-09-27,FAC0098,4,2,17,19,0,10,9
2024-08-26,FAC0168,10,10,39,63,1,4,13
2023-04-20,FAC0170,29,22,129,107,0,10,8
2023-09-02,FAC0059,3,2,23,13,2,3,9
2024-12-16,FAC0240,0,0,5,11,1,5,12
2024-02-20,FAC0258,0,3,25,31,0,7,17
2023-06-28,FAC0170,33,27,204,32,1,7,10
2023-01-29,FAC0185,33,24,189,65,0,10,18
2023-04-27,FAC0209,0,1,20,5,0,5,14
2024-03-24,FAC0194,2,5,29,18,1,5,19
2024-06-29,FAC0092,18,22,283,59,4,6,11
2023-11-06,FAC0137,0,2,12,9,1,5,7
2024-05-23,FAC0047,1,0,3,3,1,3,13
2023-02-20,FAC0300,3,0,17,7,1,3,13
2024-11-29,FAC0157,3,2,13,17,0,4,7
2023-12-26,FAC0254,2,0,11,5,2,6,9
2024-08-28,FAC0080,2,1,9,5,0,7,15
2024-01-05,FAC0028,5,2,40,6,2,11,14
2024-05-21,FAC0117,1,0,14,4,0,5,16
2023-03-05,FAC0283,0,2,31,8,2,4,10
2024-03-01,FAC0203,7,0,72,26,2,8,20
2024-07-10,FAC0072,1,5,29,39,0,13,11
2024-08-01,FAC0207,2,2,13,22,1,9,12
2024-11-06,FAC0012,1,1,6,4,1,4,22
2023-05-24,FAC0172,2,4,31,12,0,3,9
2024-07-28,FAC0060,1,3,85,43,4,8,10
2023-10-05,FAC0087,2,1,7,10,1,3,8
2024-07-10,FAC0246,4,6,25,34,0,4,16
2024-12-18,FAC0112,0,1,8,15,1,5,12
2023-01-01,FAC0098,2,1,13,23,1,8,7
2024-06-02,FAC0047,0,1,4,2,1,5,14
2024-08-15,FAC0198,2,1,12,6,0,3,8
2023-02-01,FAC0074,0,1,5,3,1,3,7
2024-02-14,FAC0166,2,2,11,6,0,3,14
2024-06-10,FAC0109,2,0,15,9,1,4,7
2023-07-26,FAC0008,0,2,16,8,0,4,10
2024-10-20,FAC0238,8,5,60,17,4,5,13
2024-07-13,FAC0028,0,2,39,7,1,12,15
2024-08-14,FAC0178,2,1,9,10,1,2,8
2024-04-15,FAC0087,2,0,10,7,0,4,15
2023-05-16,FAC0230,3,4,20,15,0,4,20
2023-09-01,FAC0091,1,2,16,22,0,4,13
2024-05-02,FAC0032,0,1,10,3,0,7,6
2023-02-15,FAC0184,2,0,28,8,2,6,15
2023-07-21,FAC0063,2,0,29,3,1,6,12
2024-04-10,FAC0046,0,0,8,7,0,2,13
2024-11-27,FAC0258,8,0,48,8,1,7,13
2023-05-06,FAC0048,4,1,32,9,1,6,23
2023-08-09,FAC0045,4,2,27,10,1,7,8
2023-05-02,FAC0205,0,9,59,23,1,9,12
2024-05-14,FAC0149,0,0,7,5,1,6,15
2023-04-06,FAC0074,0,0,5,3,0,4,14
2024-07-30,FAC0083,3,2,9,12,0,4,9
2023-05-18,FAC0141,7,4,20,29,0,5,12
2024-09-10,FAC0267,4,6,59,21,1,7,13
2023-03-07,FAC0131,5,3,29,12,1,4,9
2023-11-02,FAC0299,3,2,18,11,1,5,15
2024-03-16,FAC0089,6,1,45,16,1,5,8
2024-12-20,FAC0095,4,3,12,28,3,6,11
2024-06-29,FAC0140,0,1,16,16,1,5,16
2024-07-09,FAC0298,0,0,17,2,0,2,19
2024-08-25,FAC0035,0,1,10,12,1,8,11
2024-11-29,FAC0165,16,5,192,100,1,1,12
2023-10-07,FAC0017,43,1,273,142,1,2,19
2023-02-19,FAC0036,1,1,11,5,1,5,10
2024-08-14,FAC0292,2,0,19,4,1,5,12
2024-11-16,FAC0278,10,6,66,91,8,7,9
2024-03-05,FAC0059,5,1,29,7,1,3,7
2023-03-19,FAC0149,1,1,4,8,2,3,15
2024-10-28,FAC0211,1,1,4,8,1,8,15
2023-04-14,FAC0108,5,3,28,6,2,2,9
2024-10-06,FAC0149,1,0,11,1,2,5,19
2024-11-14,FAC0158,23,3,184,263,5,2,4
2023-05-30,FAC0185,15,21,232,22,7,8,17
2023-03-18,FAC0149,0,1,9,3,0,5,20
2023-07-13,FAC0230,3,2,14,21,0,3,20
2024-10-04,FAC0259,1,2,13,6,1,3,26
2024-03-07,FAC0284,22,25,160,55,4,3,18
2023-11-16,FAC0280,34,33,270,164,1,4,12
2024-11-07,FAC0261,4,1,26,9,2,2,11
2024-07-14,FAC0041,1,1,3,5,0,5,7
2024-08-13,FAC0280,19,4,279,155,2,4,21
2024-10-03,FAC0023,4,0,60,39,0,4,10
2023-03-23,FAC0175,4,0,23,15,1,4,12
2023-11-10,FAC0156,2,6,49,51,1,8,5
2024-07-28,FAC0010,1,0,8,5,0,2,12
2023-11-09,FAC0002,4,3,24,18,1,4,6
2023-08-10,FAC0242,0,0,6,9,1,3,14
2023-01-06,FAC0197,0,3,15,23,2,6,14
2024-05-15,FAC0250,1,1,10,11,0,9,12
2024-05-04,FAC0130,2,1,8,16,1,8,10
2023-11-14,FAC0077,1,0,4,6,0,7,15
2024-10-31,FAC0023,12,5,33,66,0,6,10
2024-01-01,FAC0123,6,2,32,9,1,3,7
2024-05-10,FAC0070,14,15,68,120,2,1,18
2023-10-10,FAC0026,1,0,7,6,2,6,12
2023-09-25,FAC0103,0,0,37,22,2,3,5
2023-02-12,FAC0277,0,0,12,2,0,3,13
2024-04-21,FAC0169,0,1,31,56,3,4,18
2023-05-13,FAC0149,0,0,9,3,2,5,18
2024-02-15,FAC0141,1,0,43,6,0,8,16
2023-08-19,FAC0026,1,0,4,9,1,7,12
2024-12-19,FAC0281,3,52,242,232,0,4,9
2024-02-22,FAC0235,3,3,22,9,2,6,11
2024-04-21,FAC0086,16,37,146,169,4,3,10
2023-03-27,FAC0060,9,11,109,19,4,9,15
2023-05-17,FAC0033,0,5,43,19,1,3,13
2023-04-21,FAC0290,0,3,19,10,0,7,10
2024-05-08,FAC0199,1,0,16,15,2,2,16
2023-05-28,FAC0204,0,1,3,3,0,7,24
2024-06-26,FAC0005,2,1,13,3,0,10,13
2024-10-18,FAC0112,2,2,9,14,0,3,13
2023-07-10,FAC0205,11,2,70,12,1,8,13
2024-11-07,FAC0245,2,1,26,18,2,1,12
2023-04-07,FAC0237,1,1,26,3,0,3,7
2024-02-03,FAC0050,6,4,45,4,1,5,6
2024-11-27,FAC0255,5,1,16,21,0,5,13
2023-03-07,FAC0123,1,2,35,6,0,2,6
2024-08-04,FAC0121,4,0,26,19,1,3,11
2024-07-03,FAC0083,1,1,6,15,2,8,7
2024-11-26,FAC0176,1,3,12,13,1,11,7
2024-05-16,FAC0229,2,2,10,13,1,7,9
2023-09-22,FAC0026,0,0,6,7,1,5,14
2023-01-01,FAC0180,11,15,125,53,9,4,9
2024-01-10,FAC0138,0,1,6,3,0,3,9
2023-04-26,FAC0123,3,4,15,26,1,4,5
2023-02-26,FAC0273,0,0,27,4,0,4,4
2024-07-19,FAC0211,0,1,4,8,1,5,17
2024-12-14,FAC0029,1,0,11,8,0,2,15
2023-07-31,FAC0224,1,0,8,4,1,7,8
2024-10-31,FAC0121,0,2,41,4,0,2,6
2023-05-28,FAC0131,3,3,16,25,1,2,15
2024-08-05,FAC0236,4,0,13,15,0,1,11
2024-05-16,FAC0019,1,3,13,18,0,9,10
2023-10-18,FAC0113,0,0,9,4,1,4,18
2023-03-17,FAC0050,0,5,34,15,0,4,7
2023-09-07,FAC0155,6,2,40,23,2,5,13
2023-02-10,FAC0200,3,3,24,5,1,8,19
2023-06-01,FAC0280,40,6,284,150,0,4,16
2023-06-06,FAC0193,1,2,8,16,1,5,11
2023-12-02,FAC0187,16,7,281,64,1,7,8
2024-05-21,FAC0143,6,11,78,16,2,4,19
2023-05-03,FAC0291,3,4,19,19,1,5,11
2023-03-08,FAC0035,3,0,15,7,1,7,10
2023-02-23,FAC0207,4,0,13,22,0,9,10
2023-10-14,FAC0229,0,2,10,13,1,4,12
2023-11-14,FAC0235,1,3,19,12,2,7,7
2023-04-01,FAC0009,2,0,18,12,2,4,19
2024-05-11,FAC0243,3,19,205,88,2,5,20
2024-12-10,FAC0207,5,0,21,14,1,5,12
2023-01-26,FAC0016,0,0,15,3,2,5,19
2023-11-16,FAC0140,0,3,19,13,1,6,9
2023-02-12,FAC0014,0,3,37,7,1,2,15
2023-05-04,FAC0298,1,0,11,8,0,2,12
2024-07-15,FAC0114,1,4,19,17,2,3,13
2023-03-06,FAC0273,4,0,28,3,2,3,8
2024-09-20,FAC0019,3,1,27,4,0,8,9
2023-01-22,FAC0177,0,2,20,18,2,2,11
2023-02-22,FAC0145,2,2,12,22,0,10,10
2024-11-15,FAC0110,1,3,24,17,1,7,19
2024-08-13,FAC0084,1,1,15,16,1,5,4
2023-03-04,FAC0178,0,0,10,9,0,2,7
2023-02-28,FAC0175,1,1,24,14,2,3,12
2024-09-26,FAC0270,2,5,34,15,1,2,15
2024-07-24,FAC0201,6,6,43,22,0,4,9
2023-12-14,FAC0053,1,1,11,4,0,5,9
2023-04-18,FAC0022,1,2,14,4,1,3,12
2023-04-14,FAC0228,0,0,20,4,1,7,17
2023-10-12,FAC0248,3,8,46,21,2,11,3
2024-06-13,FAC0138,1,1,4,5,1,3,13
2024-04-18,FAC0222,3,0,55,4,4,6,16
2024-02-22,FAC0121,3,5,17,28,1,3,9
2023-10-17,FAC0046,1,1,6,9,1,2,13
2023-07-26,FAC0232,5,10,58,42,1,2,11
2024-09-21,FAC0020,2,0,10,10,0,2,5
2023-07-04,FAC0089,9,6,50,11,1,4,12
2023-06-30,FAC0237,0,2,16,13,1,4,14
2024-08-02,FAC0110,0,0,28,13,0,5,14
2024-02-10,FAC0139,1,6,30,41,3,4,23
2024-03-31,FAC0287,0,2,22,14,2,2,12
2024-06-15,FAC0025,2,3,8,18,1,3,14
2024-07-09,FAC0169,3,10,29,58,1,4,18
2024-02-08,FAC0154,7,0,36,14,1,2,11
2023-10-31,FAC0292,1,1,15,8,1,7,9
2023-06-29,FAC0122,0,0,14,1,0,2,17
2024-02-04,FAC0021,1,1,15,4,0,3,17
2023-01-06,FAC0203,6,11,49,49,3,5,16
2023-01-17,FAC0101,0,0,22,21,4,2,12
2024-03-31,FAC0267,1,5,52,28,1,3,12
2023-07-01,FAC0076,0,3,27,10,0,10,12
2023-06-07,FAC0167,8,3,52,12,1,1,5
2024-12-02,FAC0296,36,27,200,199,3,5,14
2024-04-29,FAC0267,6,6,32,48,1,6,12
2023-03-31,FAC0300,1,2,22,2,1,2,9
2023-08-16,FAC0085,1,1,5,3,1,4,6
2023-11-30,FAC0204,1,1,3,3,1,4,24
2023-11-26,FAC0291,2,0,34,4,0,5,10
2023-12-27,FAC0108,4,3,27,7,2,3,13
2024-12-21,FAC0046,0,1,7,8,1,4,13
2023-04-28,FAC0128,5,4,40,17,0,8,13
2024-03-26,FAC0106,2,2,32,8,2,4,10
2024-03-30,FAC0155,8,1,47,16,2,6,16
2023-07-05,FAC0291,4,2,11,27,1,4,10
2023-08-12,FAC0182,2,2,20,5,0,5,14
2023-03-04,FAC0083,1,2,8,13,1,5,13
2023-03-04,FAC0271,2,0,6,15,1,6,13
2024-06-14,FAC0079,2,2,14,3,0,7,15
2024-04-20,FAC0143,12,1,36,58,2,7,16
2023-09-25,FAC0295,1,0,7,7,1,9,11
2023-09-23,FAC0112,0,1,18,5,1,5,15
2024-11-21,FAC0119,1,4,22,15,0,1,11
2023-09-19,FAC0153,0,1,18,18,2,3,11
2024-05-05,FAC0267,4,5,54,26,0,4,12
2023-06-08,FAC0213,3,3,24,3,1,4,13
2024-12-07,FAC0229,1,0,18,5,1,7,13
2024-03-26,FAC0027,19,28,257,97,5,4,8
2023-10-28,FAC0089,6,0,19,42,2,6,14
2024-01-27,FAC0186,2,1,6,10,2,8,14
2023-11-16,FAC0185,0,28,100,154,2,8,20
2023-11-14,FAC0290,1,1,26,3,1,12,13
2024-12-28,FAC0005,1,0,12,4,0,8,15
2024-12-01,FAC0016,1,0,6,12,0,6,9
2023-02-04,FAC0007,0,5,41,7,1,7,10
2023-03-14,FAC0299,0,3,20,9,0,4,14
2024-09-05,FAC0261,3,2,25,10,0,2,13
2023-06-06,FAC0168,11,3,88,14,5,3,17
2024-05-02,FAC0083,0,1,6,15,2,4,9
2024-03-27,FAC0084,2,3,16,15,2,2,8
2023-09-27,FAC0276,2,2,21,12,1,4,13
2023-06-18,FAC0093,42,29,252,51,2,8,15
2024-02-16,FAC0188,43,15,235,73,4,1,11
2024-06-08,FAC0218,0,0,9,2,0,6,10
2024-10-31,FAC0140,1,2,22,10,0,7,12
2023-09-11,FAC0100,20,33,222,54,6,6,27
2023-12-02,FAC0226,2,2,35,10,1,5,12
2023-10-05,FAC0138,1,1,4,5,0,6,16
2024-01-07,FAC0192,3,7,100,210,4,4,8
2023-01-01,FAC0213,3,0,9,18,0,6,15
2023-02-10,FAC0237,4,3,12,17,1,5,11
2024-04-03,FAC0166,1,1,12,5,0,6,11
2024-10-22,FAC0114,3,3,13,23,0,5,16
2023-09-03,FAC0073,0,1,3,5,0,4,17
2024-10-14,FAC0022,2,1,7,11,0,4,10
2023-11-22,FAC0289,2,4,24,22,1,2,12
2023-01-05,FAC0005,2,1,5,11,0,6,9
2023-01-09,FAC0046,2,0,7,8,1,3,13
2024-09-09,FAC0148,0,1,6,5,0,5,11
2024-07-14,FAC0118,4,1,20,18,0,2,13
2023-11-22,FAC0080,1,1,12,2,0,5,7
2024-06-13,FAC0150,0,2,12,18,0,1,18
2023-05-31,FAC0024,0,1,5,8,0,4,21
2023-12-22,FAC0027,48,7,238,116,5,4,11
2024-11-09,FAC0145,3,4,23,11,0,8,5
2024-06-14,FAC0228,0,2,10,14,0,7,13
2024-10-07,FAC0219,1,0,12,2,0,3,18
2024-06-28,FAC0267,2,5,74,6,2,4,10
2024-03-06,FAC0252,1,6,90,6,3,4,12
2023-11-01,FAC0232,0,5,41,59,0,2,10
2023-02-09,FAC0180,12,12,61,117,7,3,10
2023-02-28,FAC0066,36,26,300,62,6,6,10
2023-12-13,FAC0143,0,4,73,21,1,8,12
2024-07-01,FAC0120,3,3,40,74,3,4,9
2024-09-11,FAC0195,0,1,4,10,0,3,6
2024-02-25,FAC0088,1,1,20,19,1,10,6
2024-05-25,FAC0104,0,3,29,13,0,12,7
2024-04-30,FAC0282,2,1,21,14,1,1,9
2023-06-02,FAC0168,0,1,66,36,1,3,20
2023-07-13,FAC0089,0,6,51,10,2,5,11
2023-06-05,FAC0058,1,0,10,5,1,2,5
2023-12-08,FAC0245,1,1,32,12,2,2,14
2023-10-10,FAC0090,3,3,20,10,0,6,12
2023-06-04,FAC0285,4,7,258,112,2,5,12
2024-03-23,FAC0275,2,3,19,10,1,7,12
2023-09-06,FAC0295,2,0,5,9,0,4,9
2024-08-25,FAC0108,4,2,10,24,1,3,8
2023-01-13,FAC0045,3,2,16,21,0,6,16
2023-07-09,FAC0257,0,0,13,10,1,2,14
2023-07-11,FAC0284,6,23,147,68,4,3,17
2024-12-05,FAC0024,1,1,7,6,0,3,20
2023-08-14,FAC0237,0,2,9,20,1,2,9
2024-03-22,FAC0104,4,4,28,14,0,13,6
2023-12-17,FAC0252,10,2,63,33,3,7,12
2023-04-03,FAC0229,3,2,21,2,0,9,14
2023-12-23,FAC0257,3,1,15,8,0,3,13
2024-10-15,FAC0147,5,2,25,16,0,3,13
2023-08-19,FAC0270,0,3,33,16,0,2,11
2024-11-23,FAC0061,4,4,27,17,2,6,16
2023-06-11,FAC0118,0,0,18,20,0,2,10
2023-04-12,FAC0032,1,0,9,4,1,10,10
2024-08-27,FAC0225,0,0,24,6,2,5,9
2023-02-23,FAC0078,0,1,12,16,1,2,12
2024-04-24,FAC0025,0,3,19,7,0,1,18
2023-08-20,FAC0100,41,5,227,49,5,4,25
2024-08-02,FAC0220,6,20,227,18,3,1,12
2024-07-10,FAC0270,6,3,46,3,0,4,12
2024-04-06,FAC0167,8,2,30,34,1,3,6
2024-09-24,FAC0131,3,2,13,28,2,2,11
2024-10-01,FAC0282,0,1,31,4,0,1,14
2024-05-08,FAC0067,4,0,22,5,0,5,17
2024-12-23,FAC0204,1,0,5,1,1,7,17
2023-10-10,FAC0019,4,1,25,6,0,7,11
2023-05-11,FAC0286,0,0,6,12,0,2,6
2023-11-02,FAC0066,47,5,284,78,2,7,10
2024-12-02,FAC0004,0,2,17,7,0,6,16
2023-01-17,FAC0178,0,0,15,4,1,4,6
2024-02-02,FAC0215,0,3,20,20,4,3,10
2024-06-29,FAC0235,4,3,10,21,2,4,9
2024-08-28,FAC0033,1,5,47,15,1,5,15
2023-06-22,FAC0027,46,15,177,177,2,3,7
2023-12-29,FAC0089,7,6,36,25,2,4,10
2024-05-18,FAC0097,3,5,57,29,1,8,14
2023-12-05,FAC0194,3,2,18,29,1,5,21
2023-12-15,FAC0094,8,5,44,13,1,2,11
2024-01-05,FAC0020,2,2,17,3,1,5,11
2023-04-17,FAC0295,2,1,6,8,1,5,13
2023-01-15,FAC0118,2,2,14,24,0,4,12
2023-11-15,FAC0283,5,3,12,27,2,6,15
2024-02-18,FAC0030,0,1,10,4,0,5,13
2023-05-06,FAC0048,1,1,28,13,0,7,12
2024-11-08,FAC0043,3,1,29,20,1,6,15
2024-09-15,FAC0257,2,1,16,7,1,2,11
2024-03-07,FAC0071,1,1,9,2,1,5,14
2023-01-19,FAC0074,1,0,2,6,1,2,13
2024-05-26,FAC0075,0,0,10,2,0,9,16
2023-01-04,FAC0184,3,1,15,21,2,4,11
2023-02-25,FAC0180,4,14,149,29,6,2,10
2023-08-25,FAC0124,23,16,202,58,4,2,22
2024-05-21,FAC0292,1,0,11,12,0,7,7
2024-06-25,FAC0156,11,10,76,24,3,4,9
2023-10-08,FAC0102,1,0,6,7,1,4,22
2024-12-01,FAC0088,1,2,18,21,0,6,8
2024-11-06,FAC0095,2,1,34,6,3,5,12
2023-09-09,FAC0053,2,1,9,6,1,4,17
2024-08-24,FAC0283,0,2,13,26,2,6,7
2024-12-28,FAC0032,0,1,7,6,1,7,9
2023-11-21,FAC0248,1,7,53,14,2,7,4
2024-02-19,FAC0102,0,1,7,6,1,4,20
2023-08-28,FAC0028,3,1,38,8,1,9,21
2023-02-05,FAC0118,3,1,32,6,0,4,17
2024-02-16,FAC0209,3,1,14,11,0,5,20
2024-12-17,FAC0266,6,7,86,10,1,8,17
2024-01-14,FAC0138,0,0,3,6,1,3,14
2024-03-26,FAC0137,1,0,18,3,0,4,12
2024-03-13,FAC0086,15,28,297,18,5,1,14
2024-01-04,FAC0294,1,0,19,9,1,9,13
2024-12-20,FAC0143,13,4,86,8,0,4,14
2023-03-20,FAC0019,2,2,20,11,1,5,7
2023-04-26,FAC0175,1,1,12,26,2,5,15
2024-08-28,FAC0245,0,2,21,23,0,1,23
2023-02-06,FAC0226,2,4,39,6,0,4,9
2024-05-12,FAC0237,1,2,12,17,1,5,11
2024-04-18,FAC0127,1,5,27,26,0,6,12
2024-06-07,FAC0054,41,25,266,222,0,3,13
2023-07-25,FAC0102,0,1,12,1,1,2,21
2024-10-18,FAC0012,1,1,3,7,0,3,17
2024-09-03,FAC0235,0,0,14,17,1,4,5
2023-03-26,FAC0295,0,0,6,8,1,9,15
2024-05-03,FAC0113,0,1,8,5,1,7,13
2023-07-26,FAC0157,4,2,14,16,1,7,11
2023-06-12,FAC0209,0,1,11,14,0,5,15
2023-10-13,FAC0278,23,11,131,26,0,4,10
2024-10-15,FAC0284,16,14,159,56,0,1,15
2023-03-20,FAC0191,5,1,24,25,0,4,9
2024-08-15,FAC0247,0,0,6,6,1,4,13
2024-03-10,FAC0006,29,15,156,88,0,5,12
2024-09-27,FAC0170,21,8,101,135,0,9,8
2024-05-11,FAC0210,1,6,15,35,2,2,8
2023-03-28,FAC0292,0,1,21,2,0,6,10
2024-10-03,FAC0127,1,6,17,36,1,9,9
2024-01-02,FAC0297,2,0,7,14,0,5,8
2024-09-27,FAC0057,1,0,8,3,0,5,11
2024-12-31,FAC0134,3,1,17,6,1,1,9
2023-08-26,FAC0130,3,1,9,15,1,7,12
2024-09-26,FAC0043,0,1,28,21,1,6,9
2023-03-03,FAC0149,1,1,5,7,2,3,25
2024-08-30,FAC0165,21,34,112,180,0,1,17
2023-06-18,FAC0132,2,3,26,3,0,6,10
2024-12-11,FAC0129,2,3,37,3,1,3,18
2024-07-14,FAC0017,0,14,360,55,0,2,20
2024-01-23,FAC0264,10,0,62,11,0,4,16
2023-08-31,FAC0033,3,1,55,7,0,2,10
2024-02-04,FAC0046,2,1,5,10,2,3,6
2024-05-31,FAC0256,4,2,11,17,0,6,10
2023-08-20,FAC0237,1,2,24,5,0,5,11
2024-04-02,FAC0026,0,1,10,3,0,7,8
2023-07-23,FAC0213,2,3,17,10,1,5,9
2023-01-23,FAC0037,16,11,110,61,2,5,18
2024-11-10,FAC0030,0,0,8,6,1,3,11
2024-02-18,FAC0107,9,6,53,23,4,6,12
2023-09-22,FAC0085,1,1,4,4,1,4,6
2023-10-31,FAC0224,1,0,5,7,1,7,12
2023-04-27,FAC0078,2,1,11,17,1,2,11
2024-11-09,FAC0028,1,4,25,21,0,7,18
2023-09-20,FAC0115,6,1,46,13,1,3,11
2024-04-03,FAC0194,1,3,24,23,1,6,12
2024-03-18,FAC0092,43,11,159,183,2,4,11
2024-06-13,FAC0154,3,3,31,19,3,5,16
2024-12-29,FAC0231,1,0,5,6,1,2,10
2024-02-07,FAC0061,0,4,23,21,1,6,12
2023-11-10,FAC0168,6,8,95,7,0,4,15
2023-11-10,FAC0265,3,0,19,10,0,5,7
2023-12-31,FAC0021,2,0,11,8,1,5,14
2023-10-09,FAC0260,6,2,34,10,1,2,13
2023-10-20,FAC0016,0,0,5,13,2,4,15
2024-06-14,FAC0274,1,8,83,9,1,3,19
2023-05-07,FAC0293,1,2,17,7,1,8,19
2023-02-24,FAC0110,1,1,35,6,0,8,20
2023-11-08,FAC0041,1,0,5,3,1,2,7
2024-06-18,FAC0087,1,2,5,12,1,7,15
2024-02-22,FAC0280,9,6,280,154,0,2,12
2024-06-19,FAC0064,10,9,36,40,3,5,17
2024-09-14,FAC0253,3,3,15,21,1,3,17
2023-03-20,FAC0165,41,8,111,181,2,1,16
2024-04-27,FAC0158,10,35,313,134,0,1,6
2024-12-02,FAC0207,1,2,32,3,1,4,6
2024-10-18,FAC0124,27,21,98,162,4,4,24
2024-09-22,FAC0266,4,0,85,11,0,8,17
2023-06-21,FAC0051,60,39,182,298,9,9,11
2024-04-01,FAC0144,2,3,24,4,0,3,14
2023-09-19,FAC0028,1,2,14,32,0,6,18
2024-09-10,FAC0205,5,1,26,56,4,7,12
2024-10-19,FAC0130,3,2,7,17,0,7,17
2023-07-30,FAC0132,3,2,12,17,1,3,10
2023-02-01,FAC0293,2,0,15,9,0,6,27
2024-08-14,FAC0029,2,0,7,12,1,5,19
2023-09-05,FAC0135,3,1,26,4,0,10,16
2024-04-14,FAC0291,4,1,30,8,1,5,11
2023-05-26,FAC0159,5,4,20,21,0,4,16
2024-01-15,FAC0030,1,0,8,6,0,4,9
2024-06-16,FAC0058,2,0,5,10,1,4,9
2024-04-01,FAC0221,37,20,151,169,5,4,8
2024-02-02,FAC0166,2,0,5,12,1,6,13
2023-11-12,FAC0134,0,2,15,8,0,3,7
2024-03-12,FAC0235,0,0,10,21,1,8,6
2023-10-07,FAC0130,0,1,14,10,1,5,18
2024-04-23,FAC0062,3,2,7,15,0,4,7
2024-01-02,FAC0190,1,0,67,14,0,9,16
2024-11-03,FAC0279,4,4,61,37,3,3,14
2024-01-23,FAC0243,32,20,98,195,0,8,22
2023-01-04,FAC0145,5,0,12,22,2,10,8
2023-11-23,FAC0195,1,0,9,5,0,3,10
2023-01-19,FAC0160,4,0,32,4,0,2,6
2024-05-10,FAC0124,29,17,127,133,6,2,20
2024-03-25,FAC0119,1,2,33,4,0,1,18
2024-09-30,FAC0044,5,0,13,23,2,4,19
2023-06-18,FAC0005,1,1,11,5,1,6,17
2024-05-25,FAC0225,2,2,25,5,1,4,12
2023-09-16,FAC0166,1,2,7,10,1,5,18
2024-05-28,FAC0089,3,5,19,42,0,3,12
2024-12-31,FAC0183,1,2,18,10,1,1,7
2023-09-26,FAC0087,2,0,6,11,0,4,17
2024-05-09,FAC0013,2,0,11,10,0,2,11
2024-01-01,FAC0285,50,39,122,248,2,3,14
2023-02-25,FAC0236,0,2,14,14,1,3,15
2023-02-09,FAC0247,0,1,5,7,0,2,8
2024-04-08,FAC0205,8,9,59,23,2,5,13
2023-04-10,FAC0074,0,1,2,6,0,3,10
2024-03-15,FAC0129,1,4,37,3,2,3,16
2024-10-14,FAC0232,14,5,71,29,1,2,14
2024-11-29,FAC0089,2,3,46,15,0,5,9
2024-04-02,FAC0105,2,1,25,5,2,3,20
2023-12-01,FAC0142,28,36,140,219,7,1,15
2024-01-13,FAC0285,29,25,147,223,0,4,18
2024-06-26,FAC0227,53,8,339,113,5,6,16
2023-08-16,FAC0270,3,0,24,25,0,2,17
2024-04-26,FAC0113,1,0,10,3,2,5,13
2023-03-26,FAC0242,2,0,5,10,1,4,14
2023-02-08,FAC0078,1,3,25,3,2,2,12
2023-05-14,FAC0051,21,57,163,317,10,5,8
2024-05-29,FAC0023,14,9,38,61,1,6,8
2024-12-11,FAC0258,2,2,26,30,3,4,11
2023-06-19,FAC0049,9,5,51,38,1,7,7
2023-03-28,FAC0276,2,0,20,13,1,4,15
2023-04-21,FAC0276,3,0,20,13,1,3,11
2023-07-30,FAC0220,11,0,226,19,3,1,12
2023-07-03,FAC0300,0,0,20,4,1,2,12
2024-11-11,FAC0079,1,2,7,10,1,8,15
2023-04-27,FAC0134,3,1,20,3,0,3,10
2024-10-13,FAC0197,2,3,34,4,0,7,9
2024-09-23,FAC0186,0,0,14,2,1,4,10
2024-10-06,FAC0246,2,0,44,15,0,4,11
2024-03-07,FAC0233,1,0,7,1,0,9,9
2023-07-06,FAC0017,30,2,254,161,3,3,12
2023-12-27,FAC0256,3,2,12,16,0,4,17
2024-10-06,FAC0202,4,5,33,34,0,7,10
2024-01-06,FAC0042,1,2,8,14,1,2,13
2023-04-05,FAC0137,2,2,7,14,0,2,12
2023-03-25,FAC0219,0,0,6,8,1,3,11
2024-06-15,FAC0062,0,0,13,9,0,5,7
2023-09-14,FAC0274,0,5,43,49,0,6,15
2024-02-04,FAC0057,1,0,5,6,2,5,10
2024-05-03,FAC0108,4,4,11,23,0,2,14
2023-10-20,FAC0054,63,12,458,30,3,5,13
2024-05-15,FAC0250,0,2,6,15,0,8,12
2024-08-20,FAC0261,1,2,32,3,1,2,15
2023-01-28,FAC0292,2,1,13,10,1,7,13
2023-06-23,FAC0078,1,3,8,20,0,5,12
2024-04-01,FAC0294,3,0,21,7,1,10,16
2024-01-15,FAC0235,2,0,16,15,0,5,8
2024-11-15,FAC0090,3,0,19,11,1,5,11
2023-11-19,FAC0063,3,2,11,21,0,3,11
2024-03-06,FAC0216,1,1,5,6,1,7,7
2024-06-01,FAC0234,1,1,8,3,1,2,6
2024-08-07,FAC0071,1,0,9,2,1,5,11
2023-09-09,FAC0147,0,2,20,21,0,6,10
2023-12-07,FAC0270,4,3,39,10,0,4,16
2024-11-10,FAC0128,6,1,34,23,2,12,9
2024-11-03,FAC0090,2,3,27,3,0,7,13
2023-09-11,FAC0126,2,2,30,7,0,3,23
2023-10-21,FAC0271,3,2,12,9,0,3,14
2023-11-16,FAC0182,1,0,17,8,0,5,15
2024-10-27,FAC0061,2,2,18,26,0,11,11
2024-03-08,FAC0200,3,2,18,11,0,7,11
2024-11-28,FAC0276,0,0,12,21,1,6,8
2023-02-02,FAC0245,5,3,34,10,0,1,20
2023-11-20,FAC0126,2,0,35,2,1,6,19
2024-02-21,FAC0054,34,23,354,134,7,4,15
2023-02-25,FAC0108,0,2,26,8,2,2,9
2023-06-21,FAC0286,2,0,14,4,0,1,6
2024-12-14,FAC0119,5,3,24,13,1,1,12
2023-11-13,FAC0007,0,4,36,12,1,10,8
2023-06-06,FAC0046,1,1,6,9,0,5,12
2023-05-30,FAC0094,4,2,27,30,6,2,9
2023-06-13,FAC0135,3,3,23,7,0,11,24
2023-12-19,FAC0180,10,18,80,98,1,3,10
2023-01-28,FAC0215,0,3,31,9,0,5,14
2023-03-11,FAC0261,2,0,13,22,2,5,18
2023-12-24,FAC0178,0,0,15,4,1,5,6
2023-09-12,FAC0110,4,0,34,7,0,6,20
2024-01-12,FAC0128,4,5,43,14,1,6,8
2023-06-15,FAC0210,7,4,38,12,0,3,11
2023-01-08,FAC0292,3,2,11,12,0,4,11
2023-08-05,FAC0100,14,17,94,182,0,8,14
2023-08-22,FAC0282,0,1,21,14,1,1,9
2024-02-17,FAC0141,2,3,16,33,2,8,16
2024-12-03,FAC0174,11,16,105,47,1,1,10
2024-08-30,FAC0051,58,38,450,30,7,8,7
2023-10-27,FAC0279,4,2,92,6,0,5,8
2023-04-28,FAC0222,8,4,53,6,2,6,17
2024-06-18,FAC0066,23,28,246,116,5,5,12
2023-10-08,FAC0017,24,13,205,210,6,4,12
2024-01-15,FAC0287,1,2,19,17,0,2,8
2023-05-31,FAC0141,6,5,24,25,1,5,11
2024-08-02,FAC0205,8,2,76,6,0,8,14
2024-02-14,FAC0172,2,5,30,13,2,2,14
2024-01-23,FAC0058,0,0,13,2,0,2,6
2024-01-11,FAC0079,0,1,7,10,0,7,14
2024-11-16,FAC0023,1,10,57,42,0,5,6
2023-03-06,FAC0058,1,1,8,7,1,2,6
2024-08-23,FAC0198,1,1,15,3,1,5,10
2023-07-16,FAC0282,5,4,31,4,1,2,16
2024-02-16,FAC0278,7,1,59,98,6,4,16
2024-11-08,FAC0093,35,36,172,131,4,6,11
2023-05-26,FAC0073,1,1,5,3,1,2,10
2024-07-08,FAC0288,2,2,18,5,1,3,10
2024-08-10,FAC0293,1,2,22,2,0,7,18
2023-07-19,FAC0127,6,1,31,22,2,7,7
2024-07-05,FAC0134,1,1,11,12,0,2,10
2024-12-20,FAC0068,0,1,17,10,0,7,8
2023-10-12,FAC0055,42,8,299,133,5,10,7
2023-08-10,FAC0092,49,18,158,184,5,5,7
2024-01-01,FAC0192,32,19,225,85,2,8,10
2023-08-24,FAC0227,15,42,388,64,1,6,17
2023-12-17,FAC0030,1,1,5,9,2,3,8
2023-01-25,FAC0114,4,0,21,15,2,3,11
2024-10-24,FAC0072,8,5,55,13,1,12,16
2023-03-08,FAC0273,4,2,11,20,0,6,7
2024-09-20,FAC0090,3,0,16,14,1,5,11
2024-03-25,FAC0101,5,2,26,17,0,3,12
2024-06-12,FAC0196,4,2,17,12,0,5,15
2023-07-19,FAC0120,17,4,58,56,7,2,10
2023-12-08,FAC0202,2,5,31,36,1,6,7
2023-10-08,FAC0110,0,4,29,12,1,6,20
2024-12-11,FAC0218,1,0,8,3,0,9,16
2024-12-08,FAC0160,1,3,16,20,1,3,5
2024-10-04,FAC0287,2,0,13,23,0,2,10
2023-02-12,FAC0018,0,1,6,5,0,7,17
2024-11-28,FAC0104,6,2,20,22,0,9,7
2024-11-06,FAC0273,2,2,11,20,2,3,5
2024-06-16,FAC0249,2,3,28,2,0,4,14
2024-12-22,FAC0157,3,1,18,12,1,5,12
2023-09-22,FAC0160,5,2,21,15,1,2,10
2023-06-18,FAC0038,0,1,58,6,0,5,13
2024-01-02,FAC0179,5,4,39,4,2,10,9
2023-01-02,FAC0201,4,1,23,42,1,4,12
2024-10-12,FAC0161,0,1,8,3,2,6,9
2024-06-17,FAC0005,0,0,9,7,1,6,12
2024-01-22,FAC0209,0,2,22,3,0,6,17
2024-10-24,FAC0243,22,20,255,38,1,9,11
2023-12-06,FAC0268,2,1,26,17,1,2,12
2024-08-17,FAC0139,9,7,58,13,3,2,21
2023-10-10,FAC0015,8,11,133,39,4,8,8
2024-05-08,FAC0008,0,0,10,14,0,3,6
2024-11-23,FAC0290,3,2,25,4,0,7,11
2023-12-14,FAC0124,37,15,82,178,6,4,18
2023-07-25,FAC0220,0,26,160,85,2,2,12
2024-11-21,FAC0039,2,1,9,21,0,3,11
2023-02-19,FAC0159,2,3,26,15,0,6,15
2023-10-06,FAC0028,1,4,32,14,2,11,19
2024-11-12,FAC0024,1,0,7,6,1,5,12
2024-05-06,FAC0272,2,1,17,5,0,7,17
2024-04-10,FAC0034,1,0,5,5,0,6,16
2023-08-04,FAC0017,53,43,238,177,8,3,22
2023-11-22,FAC0291,2,3,12,26,1,4,19
2024-11-09,FAC0184,1,2,29,7,0,7,10
2024-10-17,FAC0055,34,37,381,51,4,7,10
2023-08-03,FAC0262,1,2,15,7,0,4,13
2023-05-23,FAC0149,0,0,6,6,1,4,18
2023-10-22,FAC0251,2,2,20,4,0,10,9
2023-11-15,FAC0118,5,1,32,6,1,2,14
2023-08-31,FAC0070,18,3,56,132,3,1,24
2024-12-08,FAC0288,2,2,19,4,0,7,7
2024-09-30,FAC0197,3,1,20,18,2,7,9
2024-03-25,FAC0030,1,1,6,8,0,5,12
2023-10-21,FAC0071,1,1,5,6,0,6,10
2024-11-24,FAC0244,1,0,7,4,0,5,9
2024-03-12,FAC0257,2,1,14,9,0,3,17
2023-08-10,FAC0242,0,1,9,6,2,6,8
2023-10-09,FAC0188,34,1,150,158,1,1,16
2024-12-14,FAC0263,2,2,36,4,2,3,14
2024-05-30,FAC0203,6,5,71,27,1,7,21
2024-01-02,FAC0277,2,0,8,6,0,5,24
2024-01-04,FAC0076,2,2,23,14,0,5,14
2023-05-09,FAC0274,12,7,79,13,1,7,11
2023-07-02,FAC0200,1,3,15,14,2,8,11
2024-07-12,FAC0096,3,1,25,9,0,5,11
2023-10-27,FAC0108,2,1,10,24,0,2,12
2023-11-01,FAC0107,7,2,62,14,2,4,17
2023-11-19,FAC0088,2,1,33,6,1,7,12
2024-06-25,FAC0218,0,0,10,1,1,7,12
2023-10-09,FAC0014,3,5,33,11,0,2,12
2024-03-15,FAC0216,0,1,10,1,1,5,7
2024-12-12,FAC0199,2,3,18,13,0,2,14
2024-08-08,FAC0106,2,4,23,17,0,5,11
2024-11-04,FAC0043,4,0,42,7,1,9,10
2023-10-26,FAC0241,2,0,12,3,0,4,23
2023-07-10,FAC0103,7,2,53,6,0,2,6
2024-08-21,FAC0139,7,1,43,28,0,4,24
2023-05-15,FAC0132,4,2,18,11,1,5,9
2024-11-05,FAC0101,1,4,35,8,4,3,15
2024-04-20,FAC0210,7,4,37,13,2,4,10
2024-07-29,FAC0210,3,5,27,23,2,5,8
2023-05-02,FAC0030,1,1,12,2,2,5,7
2023-11-29,FAC0200,3,3,13,16,0,6,14
2024-03-19,FAC0263,6,3,29,11,0,4,14
2023-10-15,FAC0088,1,2,28,11,0,9,11
2024-11-13,FAC0016,0,1,8,10,0,3,18
2023-04-27,FAC0255,5,2,32,5,0,5,11
2023-12-16,FAC0223,1,1,29,3,0,6,13
2023-05-02,FAC0216,0,0,9,2,1,7,8
2024-05-27,FAC0034,1,1,9,1,1,5,14
2024-04-07,FAC0064,11,9,27,49,4,6,13
2023-03-23,FAC0298,1,0,16,3,0,2,12
2024-11-22,FAC0210,0,6,32,18,0,5,10
2024-03-06,FAC0090,0,0,13,17,0,5,14
2024-09-11,FAC0218,1,0,6,5,0,6,16
2024-04-04,FAC0123,2,4,24,17,0,4,5
2024-11-07,FAC0123,4,0,31,10,1,4,8
2023-11-05,FAC0214,2,2,10,9,2,7,8
2024-08-23,FAC0147,6,3,12,29,2,7,13
2023-05-13,FAC0088,5,4,36,3,1,6,11
2024-11-03,FAC0134,1,0,7,16,1,3,9
2023-01-23,FAC0055,64,47,299,133,2,8,11
2023-05-04,FAC0293,3,1,21,3,0,9,18
2023-04-28,FAC0067,2,1,17,10,2,5,16
2024-04-20,FAC0121,2,2,42,3,1,2,7
2023-05-08,FAC0063,2,1,25,7,0,6,8
2024-11-05,FAC0278,16,16,65,92,5,4,16
2024-08-20,FAC0056,0,1,18,10,0,8,8
2023-08-04,FAC0079,2,0,5,12,1,6,13
2024-10-22,FAC0225,1,3,21,9,1,6,14
2024-03-20,FAC0133,2,7,29,30,3,4,9
2023-11-18,FAC0044,0,0,28,8,2,6,13
2024-07-25,FAC0153,5,3,18,18,2,2,8
2024-10-24,FAC0053,1,0,8,7,0,3,12
2023-06-27,FAC0116,26,4,70,108,2,8,15
2024-05-12,FAC0011,0,1,17,2,1,6,8
2024-02-05,FAC0122,0,0,11,4,1,3,13
2023-12-21,FAC0043,1,2,26,23,1,5,11
2024-08-21,FAC0220,19,11,173,72,3,2,11
2024-10-05,FAC0056,2,0,16,12,1,6,9
2024-07-24,FAC0276,3,3,27,6,1,6,15
2024-09-01,FAC0122,1,0,12,3,0,2,16
2023-02-04,FAC0010,0,1,5,8,1,5,12
2024-01-28,FAC0116,13,5,128,50,0,9,12
2023-08-01,FAC0156,14,1,83,17,3,4,9
2023-05-23,FAC0129,2,2,14,26,1,4,15
2023-08-09,FAC0107,6,4,28,48,4,4,12
2024-04-21,FAC0089,0,3,20,41,0,3,12
2024-06-14,FAC0216,0,1,7,4,1,7,11
2023-08-06,FAC0181,3,2,40,7,0,5,10
2023-05-17,FAC0119,3,3,28,9,1,2,9
2024-03-23,FAC0148,1,1,10,1,0,4,9
2023-07-22,FAC0295,2,1,8,6,1,7,12
2023-02-22,FAC0040,0,0,13,3,1,3,10
2024-01-20,FAC0188,35,16,263,45,3,1,10
2024-10-10,FAC0081,4,1,13,25,1,4,11
2024-07-31,FAC0221,18,34,192,128,3,5,11
2024-10-25,FAC0253,4,2,33,3,2,3,12
2023-07-12,FAC0043,5,1,44,5,0,10,9
2023-06-20,FAC0021,1,1,14,5,1,6,15
2024-07-03,FAC0174,11,18,85,67,4,1,9
2024-02-08,FAC0119,0,2,25,12,0,2,12
2024-08-22,FAC0158,24,28,241,206,2,2,6
2024-03-18,FAC0019,4,3,10,21,1,5,15
2023-10-04,FAC0272,1,1,7,15,0,7,20
2024-07-31,FAC0063,1,3,25,7,0,5,11
2023-09-09,FAC0145,4,4,27,7,1,8,5
2024-08-14,FAC0138,0,0,2,7,0,3,10
2024-09-07,FAC0108,5,2,10,24,2,2,10
2024-10-15,FAC0200,1,2,22,7,1,7,14
2024-10-11,FAC0241,0,1,7,8,1,3,22
2023-12-12,FAC0201,8,7,20,45,1,2,10
2024-03-28,FAC0245,5,0,40,4,0,1,24
2024-12-17,FAC0026,1,1,7,6,1,8,12
2024-12-12,FAC0255,2,2,22,15,1,5,8
2023-02-05,FAC0059,3,3,24,12,2,3,7
2023-01-16,FAC0213,3,2,10,17,0,6,17
2024-01-07,FAC0201,1,0,50,15,0,4,9
2023-09-05,FAC0243,15,22,127,166,2,8,14
2024-01-16,FAC0239,0,1,3,2,0,6,5
2023-09-20,FAC0207,0,2,28,7,0,5,8
2023-09-24,FAC0239,1,0,3,2,0,3,7
2024-10-25,FAC0276,2,3,28,5,0,4,15
2023-01-24,FAC0108,4,3,11,23,0,3,11
2024-08-12,FAC0074,1,0,4,4,1,2,12
2023-05-23,FAC0136,0,4,24,11,1,6,16
2023-03-19,FAC0116,11,14,163,15,2,5,16
2023-07-27,FAC0186,0,1,13,3,2,6,10
2024-02-22,FAC0174,22,11,60,92,0,1,8
2023-01-23,FAC0116,24,6,154,24,1,9,13
2023-07-01,FAC0265,1,2,14,15,0,5,6
2024-05-18,FAC0040,2,1,13,3,1,7,14
2024-06-15,FAC0178,2,1,9,10,1,4,7
2023-08-18,FAC0050,5,5,24,25,2,9,8
2024-10-10,FAC0071,0,0,7,4,0,4,17
2023-09-04,FAC0227,39,0,213,239,6,5,12
2023-05-16,FAC0091,4,0,16,22,2,5,11
2023-11-04,FAC0101,5,3,22,21,4,4,11
2024-01-25,FAC0033,6,7,21,41,1,4,11
2024-10-05,FAC0189,2,0,12,2,0,4,14
2024-08-27,FAC0012,0,1,7,3,0,5,20
2023-10-15,FAC0184,1,3,27,9,0,6,13
2024-10-14,FAC0117,2,0,8,10,0,5,14
2023-07-04,FAC0130,3,0,21,3,0,4,13
2023-10-10,FAC0137,2,0,7,14,1,3,6
2024-09-14,FAC0194,3,2,40,7,2,6,19
2023-11-15,FAC0240,0,1,9,7,1,9,11
2024-06-09,FAC0260,1,4,37,7,1,3,17
2023-11-14,FAC0101,2,5,19,24,1,4,11
2023-01-14,FAC0185,6,28,98,156,2,12,10
2023-08-11,FAC0077,0,0,5,5,0,5,10
2023-06-07,FAC0245,1,4,25,19,2,1,19
2024-05-09,FAC0255,0,1,20,17,1,4,10
2024-09-24,FAC0223,4,3,19,13,2,5,13
2024-08-14,FAC0205,10,1,31,51,2,9,11
2023-12-06,FAC0187,49,34,164,181,4,9,9
2023-05-16,FAC0043,2,1,30,19,1,9,12
2023-04-08,FAC0138,0,1,3,6,0,5,17
2024-02-24,FAC0257,3,2,7,16,0,3,14
2023-04-13,FAC0083,2,1,18,3,2,4,7
2024-03-22,FAC0207,0,2,18,17,1,4,9
2024-05-23,FAC0087,0,0,13,4,1,6,13
2023-06-19,FAC0277,2,0,12,2,0,6,20
2023-01-28,FAC0209,2,3,17,8,1,5,14
2023-03-31,FAC0299,4,2,13,16,0,8,9
2024-03-16,FAC0074,0,1,2,6,0,3,12
2023-04-15,FAC0030,2,0,10,4,0,4,10
2023-09-25,FAC0243,19,4,220,73,0,7,20
2023-06-23,FAC0185,9,24,159,95,3,12,18
2023-05-23,FAC0233,1,0,6,2,0,5,9
2024-11-13,FAC0264,8,1,48,25,1,2,18
2024-05-14,FAC0186,2,1,5,11,1,8,8
2024-11-11,FAC0120,3,11,55,59,3,4,7
2024-04-17,FAC0263,6,1,30,10,1,6,8
2023-11-06,FAC0225,1,3,20,10,0,3,12
2024-10-25,FAC0243,22,10,142,151,2,8,19
2023-02-28,FAC0079,2,1,7,10,0,10,21
2023-07-28,FAC0054,58,45,190,298,4,5,12
2023-11-15,FAC0210,7,6,43,7,0,4,13
2023-04-09,FAC0101,3,1,37,6,4,3,8
2024-06-16,FAC0151,3,6,21,45,2,2,10
2023-12-08,FAC0124,14,12,100,160,6,2,20
2024-05-22,FAC0218,1,0,9,2,1,5,13
2024-10-13,FAC0118,4,3,20,18,0,4,15
2023-05-04,FAC0164,1,0,12,2,0,3,17
2023-02-10,FAC0064,3,6,37,39,1,4,15
2024-02-14,FAC0229,3,2,21,2,0,9,8
2024-08-20,FAC0299,4,1,10,19,0,4,12
2023-06-17,FAC0017,23,5,380,35,5,2,20
2024-09-24,FAC0242,0,0,7,8,0,6,10
2024-04-28,FAC0256,0,3,17,11,0,4,15
2023-04-27,FAC0202,5,4,35,32,1,6,13
2023-03-19,FAC0005,1,1,13,3,1,10,17
2023-05-22,FAC0042,3,2,6,16,1,4,9
2023-05-13,FAC0157,3,1,24,6,1,7,12
2023-11-26,FAC0271,2,2,11,10,0,3,15
2023-11-11,FAC0087,0,1,10,7,0,5,14
2023-07-23,FAC0094,1,1,24,33,2,5,8
2024-08-13,FAC0242,1,0,5,10,2,4,11
2023-04-14,FAC0099,5,0,25,34,1,6,8
2024-06-27,FAC0206,0,0,11,14,0,6,10
2023-11-21,FAC0044,2,1,18,18,1,5,19
2023-06-07,FAC0237,0,0,12,17,0,2,8
2024-03-10,FAC0113,1,0,10,3,1,9,12
2023-10-30,FAC0212,5,5,24,31,7,6,19
2023-01-18,FAC0054,42,21,353,135,9,4,11
2023-07-07,FAC0002,2,1,26,16,1,5,9
2024-07-22,FAC0230,2,0,27,8,1,5,16
2023-01-03,FAC0283,2,1,18,21,2,8,13
2023-04-26,FAC0257,2,2,21,2,1,3,12
2023-02-03,FAC0201,6,2,23,42,1,3,11
2023-06-10,FAC0168,11,2,53,49,5,5,13
2024-11-06,FAC0191,7,4,43,6,1,3,10
2024-07-29,FAC0081,4,1,12,26,0,7,10
2024-08-10,FAC0274,4,5,71,21,1,5,18
2023-10-11,FAC0232,2,12,66,34,1,1,12
2024-02-03,FAC0257,3,1,19,4,0,2,13
2023-09-24,FAC0015,13,3,72,100,4,8,8
2024-01-02,FAC0071,1,1,10,1,1,6,13
2024-11-25,FAC0122,1,0,6,9,0,3,16
2023-08-09,FAC0011,0,2,14,5,0,7,7
2024-12-25,FAC0023,13,4,92,7,1,5,8
2024-10-22,FAC0083,1,0,8,13,1,6,7
2024-06-10,FAC0200,1,2,26,3,2,4,17
2024-10-28,FAC0034,0,1,5,5,1,3,17
2023-06-27,FAC0052,2,1,10,5,1,13,18
2023-04-09,FAC0122,0,1,4,11,0,2,14
2024-05-20,FAC0197,0,1,23,15,2,6,7
2023-08-23,FAC0005,0,1,11,5,0,5,8
2024-01-03,FAC0126,5,4,11,26,1,5,22
2023-06-05,FAC0141,6,2,20,29,1,8,9
2023-08-30,FAC0122,0,0,7,8,0,3,16
2024-08-31,FAC0106,6,1,34,6,0,3,10
2024-02-24,FAC0082,3,0,18,5,1,3,13
2023-06-20,FAC0058,2,1,12,3,0,2,10
2023-01-16,FAC0099,6,6,55,4,2,5,6
2023-06-08,FAC0166,2,2,13,4,1,3,9
2024-09-22,FAC0102,0,1,10,3,1,3,13
2024-12-31,FAC0038,5,5,39,25,1,8,16
2024-12-30,FAC0122,1,0,13,2,0,3,13
2023-07-19,FAC0092,1,13,252,90,0,5,5
2023-08-22,FAC0170,3,16,126,110,4,9,9
2023-07-06,FAC0281,23,46,387,87,8,2,10
2024-11-20,FAC0216,0,0,8,3,0,5,10
2024-03-17,FAC0216,0,1,3,8,0,8,8
2024-06-20,FAC0010,1,1,5,8,0,3,13
2024-08-19,FAC0011,0,2,14,5,0,5,5
2024-12-18,FAC0038,5,1,36,28,0,9,9
2023-10-05,FAC0192,40,24,159,151,0,8,12
2023-11-01,FAC0070,28,10,176,12,2,2,15
2024-10-09,FAC0060,0,14,54,74,2,7,13
2023-09-18,FAC0185,20,29,96,158,6,9,18
2023-04-29,FAC0016,1,2,5,13,1,6,10
2023-09-29,FAC0153,4,0,32,4,0,3,8
2024-11-20,FAC0078,4,2,18,10,2,4,13
2024-03-14,FAC0268,3,3,24,19,0,1,13
2024-02-12,FAC0051,36,52,217,263,4,7,9
2023-09-27,FAC0245,0,3,25,19,2,2,19
2024-10-11,FAC0064,3,5,37,39,0,6,9
2023-05-19,FAC0207,0,2,21,14,0,7,9
2024-04-30,FAC0292,3,0,8,15,1,3,11
2023-09-05,FAC0127,0,5,49,4,1,7,10
2024-11-02,FAC0197,5,2,17,21,1,4,10
2024-01-28,FAC0104,4,4,37,5,1,14,11
2024-08-05,FAC0018,0,0,3,8,0,5,18
2023-12-25,FAC0074,1,0,5,3,0,4,8
2023-07-25,FAC0118,4,1,24,14,1,4,12
2024-06-10,FAC0270,6,4,16,33,0,4,15
2023-04-17,FAC0150,2,2,26,4,1,2,10
2024-05-09,FAC0105,2,0,19,11,0,5,16
2024-05-20,FAC0010,0,1,8,5,1,3,8
2023-02-17,FAC0081,2,3,11,27,1,3,10
2024-03-28,FAC0196,3,3,27,2,0,6,14
2024-10-10,FAC0098,1,1,32,4,0,9,4
2023-11-30,FAC0265,4,0,24,5,1,4,8
2023-06-19,FAC0267,2,6,28,52,1,3,6
2024-10-20,FAC0283,5,4,26,13,1,7,14
2024-10-20,FAC0234,0,1,10,1,0,2,8
2024-08-24,FAC0115,3,3,55,4,0,3,15
2024-08-12,FAC0113,0,0,10,3,1,8,12
2024-06-26,FAC0180,15,19,70,108,0,4,11
2024-06-03,FAC0296,5,31,332,67,6,3,20
2023-09-08,FAC0030,1,1,11,3,0,4,8
2024-05-18,FAC0214,1,0,11,8,2,4,10
2024-01-16,FAC0209,1,1,19,6,1,7,11
2023-10-13,FAC0215,2,0,37,3,0,4,15
2023-09-12,FAC0246,2,4,18,41,1,3,13
2024-06-03,FAC0125,3,0,19,4,1,7,9
2024-01-28,FAC0064,11,6,27,49,1,4,19
2023-10-08,FAC0136,0,2,23,12,0,5,15
2023-09-05,FAC0116,5,2,87,91,1,9,8
2024-12-23,FAC0062,1,0,20,2,0,5,7
2023-11-03,FAC0265,4,3,8,21,1,7,5
2023-11-23,FAC0212,7,3,25,30,5,7,19
2024-07-24,FAC0035,3,1,12,10,1,8,9
2023-03-11,FAC0135,3,3,10,20,1,11,14
2024-06-02,FAC0165,38,30,172,120,2,1,9
2024-04-25,FAC0226,5,4,32,13,1,4,11
2023-01-10,FAC0009,1,3,12,18,2,2,19
2024-05-26,FAC0025,0,3,9,17,1,3,20
2023-10-19,FAC0054,72,9,355,133,5,5,16
2023-08-24,FAC0210,7,0,39,11,0,3,11
2024-07-24,FAC0209,3,2,14,11,0,3,10
2023-04-15,FAC0025,0,2,23,3,0,2,19
2024-03-31,FAC0246,4,3,23,36,0,2,16
2024-10-23,FAC0284,13,19,120,95,0,2,20
2024-09-21,FAC0185,9,26,174,80,4,10,12
2023-08-04,FAC0079,1,0,9,8,0,6,25
2023-02-21,FAC0137,1,1,9,12,0,4,7
2024-11-05,FAC0246,8,0,41,18,0,4,14
2023-11-09,FAC0279,14,11,73,25,3,4,15
2024-05-11,FAC0134,0,1,18,5,0,1,11
2023-04-18,FAC0079,1,0,5,12,0,8,25
2023-04-03,FAC0226,5,4,32,13,1,3,10
2024-08-06,FAC0157,3,2,15,15,0,7,13
2023-08-07,FAC0048,3,0,17,24,0,9,23
2023-11-19,FAC0126,4,2,16,21,0,5,22
2023-10-13,FAC0211,1,0,6,6,0,7,16
2023-02-09,FAC0196,3,2,8,21,1,4,13
2023-02-16,FAC0186,0,1,10,6,1,8,11
2023-05-16,FAC0196,1,1,9,20,0,6,18
2023-02-27,FAC0155,9,4,34,29,1,6,8
2023-11-05,FAC0192,17,27,276,34,8,4,10
2024-03-11,FAC0193,1,2,16,8,1,6,11
2024-10-19,FAC0116,4,7,71,107,3,10,9
2023-06-15,FAC0122,2,1,6,9,1,3,11
2023-12-23,FAC0154,0,6,21,29,0,2,15
2023-05-15,FAC0110,0,4,37,4,1,6,17
2024-11-30,FAC0247,0,1,8,4,1,3,8
2023-01-06,FAC0261,2,4,33,2,3,4,16
2024-05-05,FAC0106,3,4,25,15,0,5,8
2024-01-05,FAC0234,1,1,6,5,0,2,6
2023-06-27,FAC0204,0,1,4,2,1,4,15
2023-07-26,FAC0114,2,0,11,25,1,4,17
2024-06-25,FAC0258,7,0,37,19,1,7,10
2023-02-15,FAC0005,0,0,14,2,1,10,15
2024-05-17,FAC0296,7,10,297,102,4,4,14
2023-07-27,FAC0122,2,1,6,9,0,3,13
2023-06-26,FAC0259,1,2,6,13,2,6,19
2024-03-17,FAC0083,0,0,17,4,2,8,14
2023-09-07,FAC0040,2,0,13,3,0,5,12
2024-03-30,FAC0246,3,6,25,34,0,2,16
2023-09-08,FAC0249,0,0,16,14,0,3,18
2023-07-02,FAC0299,4,2,19,10,2,9,8
2023-12-20,FAC0083,2,2,8,13,0,8,10
2024-05-05,FAC0194,7,0,24,23,0,6,19
2023-09-19,FAC0088,5,0,26,13,1,5,6
2024-01-06,FAC0100,1,14,188,88,0,8,19
2024-12-03,FAC0244,1,1,4,7,1,8,15
2024-10-14,FAC0075,0,0,8,4,0,9,17
2023-07-03,FAC0124,14,12,243,17,4,2,16
2023-01-09,FAC0145,2,0,27,7,1,6,11
2023-07-03,FAC0266,9,6,68,28,1,7,13
2023-10-17,FAC0102,1,1,5,8,0,2,16
2023-09-10,FAC0232,6,4,59,41,2,1,7
2023-05-08,FAC0197,1,3,16,22,2,6,14
2024-08-13,FAC0136,1,3,14,21,1,6,16
2023-08-02,FAC0016,2,2,15,3,1,4,12
2024-06-03,FAC0121,2,1,14,31,1,2,6
2024-06-21,FAC0233,0,1,4,4,0,5,18
2024-05-16,FAC0053,2,0,10,5,1,3,13
2024-03-08,FAC0248,5,1,57,10,0,10,3
2024-03-11,FAC0239,0,1,2,3,1,5,8
2023-01-03,FAC0222,8,4,52,7,3,6,14
2023-09-05,FAC0239,0,0,2,3,1,4,7
2024-08-31,FAC0112,0,0,17,6,0,4,14
2024-11-12,FAC0296,16,13,215,184,8,7,15
2023-08-31,FAC0120,6,3,53,61,2,4,7
2024-01-18,FAC0245,2,0,29,15,1,1,23
2024-02-23,FAC0050,4,1,21,28,1,5,10
2023-04-12,FAC0047,1,0,2,4,1,5,9
2023-09-20,FAC0296,21,30,130,269,1,4,13
2023-08-10,FAC0198,1,0,10,8,1,3,10
2023-02-12,FAC0129,0,4,34,6,2,3,10
2023-02-22,FAC0277,0,1,12,2,1,5,22
2023-09-06,FAC0210,0,6,21,29,2,3,8
2024-06-07,FAC0194,2,1,33,14,2,8,12
2024-09-16,FAC0083,0,0,13,8,2,8,12
2023-02-15,FAC0125,2,1,14,9,1,7,9
2023-11-11,FAC0219,0,1,4,10,0,2,21
2024-05-11,FAC0107,5,4,44,32,3,6,16
2024-09-01,FAC0185,34,30,192,62,3,9,14
2024-04-11,FAC0280,38,27,135,299,0,4,20
2023-11-06,FAC0188,4,26,285,23,5,1,17
2024-09-06,FAC0250,0,0,10,11,1,5,10
2024-09-16,FAC0101,0,0,40,3,1,4,15
2023-10-03,FAC0221,7,23,196,124,3,5,9
2023-07-31,FAC0242,1,1,6,9,2,3,17
2024-01-31,FAC0202,9,0,23,44,2,4,11
2023-01-01,FAC0194,7,0,16,31,2,4,20
2023-06-11,FAC0184,1,2,26,10,1,7,13
2024-09-18,FAC0113,1,0,4,9,2,7,11
2024-03-29,FAC0275,1,2,18,11,1,9,12
2023-09-22,FAC0235,1,1,15,16,2,8,8
2023-01-06,FAC0286,2,1,6,12,2,2,7
2023-03-18,FAC0027,26,24,255,99,2,4,10
2023-07-11,FAC0255,3,3,33,4,1,8,10
2024-09-18,FAC0297,2,0,10,11,1,5,7
2023-01-10,FAC0218,0,1,8,3,2,7,12
2024-02-27,FAC0014,3,1,22,22,1,4,20
2024-03-09,FAC0063,1,2,11,21,1,3,13
2024-09-15,FAC0190,8,4,59,22,0,10,12
2024-10-27,FAC0254,0,0,13,3,2,5,10
2023-09-27,FAC0213,3,1,17,10,1,8,9
2024-09-03,FAC0127,3,3,19,34,1,8,8
2023-10-12,FAC0134,3,2,13,10,0,3,11
2023-08-07,FAC0147,4,0,14,27,1,7,9
2023-10-16,FAC0245,3,2,41,3,2,2,18
2024-12-03,FAC0079,1,0,8,9,1,10,20
2024-03-29,FAC0152,17,16,231,44,2,8,14
2023-10-12,FAC0040,1,1,8,8,0,4,11
2024-01-04,FAC0264,0,5,53,20,1,4,10
2023-01-13,FAC0128,2,2,27,30,2,11,12
2023-03-03,FAC0148,0,0,6,5,0,4,11
2024-09-14,FAC0043,4,0,46,3,1,7,16
2024-11-10,FAC0174,14,7,55,97,0,1,10
2024-07-28,FAC0060,13,0,115,13,1,5,10
2024-08-21,FAC0022,0,1,10,8,1,4,12
2023-10-13,FAC0074,1,1,4,4,0,4,7
2023-10-31,FAC0010,1,1,10,3,0,5,12
2024-12-22,FAC0248,5,2,25,42,0,6,3
2024-07-28,FAC0116,12,6,91,87,1,6,12
2024-10-12,FAC0064,8,5,40,36,0,9,13
2023-06-07,FAC0088,1,4,26,13,1,10,8
2024-10-15,FAC0085,1,1,6,2,1,2,6
2024-03-22,FAC0189,1,0,6,8,0,3,16
2023-08-12,FAC0048,3,3,30,11,0,4,15
2023-03-24,FAC0127,0,0,34,19,0,7,8
2024-02-25,FAC0208,1,0,15,24,2,3,13
2023-05-05,FAC0116,8,10,125,53,3,5,9
2024-06-16,FAC0027,11,21,215,139,2,6,11
2023-02-15,FAC0035,2,1,18,4,1,7,14
2024-07-29,FAC0015,17,12,129,43,3,5,6
2024-04-29,FAC0279,14,4,65,33,3,2,16
2024-07-21,FAC0217,3,10,84,11,1,9,11
2024-10-05,FAC0157,2,0,26,4,1,5,11
2024-12-01,FAC0057,0,1,6,5,0,8,13
2024-05-01,FAC0093,22,10,145,158,1,8,9
2024-08-28,FAC0224,1,1,10,2,0,6,11
2023-11-24,FAC0004,0,1,11,13,1,4,26
2024-06-17,FAC0039,2,2,19,11,1,2,9
2024-03-29,FAC0235,4,0,10,21,0,7,9
2023-01-17,FAC0187,12,5,163,182,3,11,11
2024-02-07,FAC0132,2,1,22,7,1,6,6
2023-06-13,FAC0179,0,5,29,14,1,10,8
2023-03-03,FAC0143,4,0,29,65,2,4,19
2023-06-24,FAC0202,7,2,21,46,2,4,9
2023-01-03,FAC0216,1,0,3,8,1,7,10
2024-12-05,FAC0136,1,3,19,16,0,5,18
2023-11-26,FAC0296,1,28,184,215,4,4,15
2024-09-16,FAC0235,2,2,23,8,0,6,9
2023-05-16,FAC0014,0,0,24,20,0,2,11
2024-06-11,FAC0050,1,2,18,31,1,4,9
2023-04-14,FAC0292,2,2,20,3,0,5,11
2024-04-01,FAC0211,1,0,3,9,0,8,14
2023-12-05,FAC0084,4,0,23,8,1,2,9
2023-06-21,FAC0109,3,0,20,4,0,3,8
2023-02-06,FAC0189,2,0,12,2,0,5,19
2023-07-30,FAC0257,2,0,10,13,1,2,12
2024-08-21,FAC0103,4,4,34,25,1,4,6
2023-03-11,FAC0082,3,1,16,7,0,4,9
2023-09-05,FAC0285,36,21,221,149,1,5,14
2023-01-07,FAC0288,0,0,11,12,1,3,9
2024-12-02,FAC0194,4,0,35,12,2,4,14
2023-02-23,FAC0083,1,2,11,10,2,5,13
2023-09-26,FAC0286,0,2,9,9,1,3,12
2023-12-07,FAC0153,5,3,23,13,1,3,13
2023-05-27,FAC0279,7,11,57,41,1,4,13
2023-12-17,FAC0183,2,3,18,10,0,2,13
2024-02-27,FAC0118,1,2,26,12,1,4,15
2024-05-13,FAC0037,6,14,53,118,0,5,10
2023-01-12,FAC0110,2,3,27,14,1,10,19
2024-08-20,FAC0226,0,0,28,17,1,4,11
2023-04-29,FAC0164,1,0,11,3,1,6,16
2023-10-31,FAC0204,0,1,2,4,0,4,23
2024-07-21,FAC0291,1,2,17,21,1,6,16
2024-05-13,FAC0163,0,2,17,12,1,7,15
2023-06-21,FAC0147,5,4,25,16,4,5,8
2024-01-09,FAC0056,4,3,9,19,1,8,14
2024-01-07,FAC0185,13,3,124,130,1,9,13
2023-11-11,FAC0070,22,8,106,82,2,2,21
2024-03-17,FAC0119,4,3,24,13,1,2,19
2023-08-22,FAC0163,3,0,23,6,1,8,16
2023-01-04,FAC0083,1,2,6,15,2,5,8
2023-08-04,FAC0031,49,14,348,43,6,3,14
2023-07-30,FAC0248,3,6,36,31,0,10,4
2024-02-19,FAC0079,1,2,11,6,0,7,19
2023-01-11,FAC0149,1,0,8,4,0,6,20
2023-05-02,FAC0254,0,0,11,5,0,3,8
2024-08-25,FAC0270,3,2,41,8,1,5,20
2024-08-25,FAC0197,2,1,13,25,0,8,8
2024-12-04,FAC0216,1,0,3,8,1,8,13
2023-07-18,FAC0097,12,0,78,8,0,9,8
2023-05-25,FAC0159,3,2,37,4,0,3,9
2024-10-26,FAC0138,0,0,6,3,0,3,16
2024-05-10,FAC0125,3,1,9,14,1,8,8
2023-06-02,FAC0265,1,3,19,10,1,5,8
2024-03-27,FAC0059,3,3,20,16,2,6,12
2024-10-03,FAC0078,1,2,12,16,1,2,15
2024-10-06,FAC0219,0,1,5,9,0,3,15
2023-12-01,FAC0112,0,0,7,16,2,5,15
2024-12-24,FAC0098,1,1,14,22,0,9,4
2024-07-09,FAC0142,11,31,145,214,10,3,16
2024-08-01,FAC0030,1,1,12,2,1,4,8
2023-05-21,FAC0095,1,2,12,28,0,4,15
2024-09-17,FAC0276,1,1,27,6,1,4,11
2024-03-13,FAC0298,0,2,13,6,1,1,17
2023-04-10,FAC0156,3,10,71,29,1,6,6
2024-05-12,FAC0096,0,3,13,21,0,5,6
2023-09-06,FAC0039,3,3,23,7,0,2,10
2024-01-04,FAC0296,55,1,270,129,3,4,19
2023-07-21,FAC0022,0,1,10,8,1,4,8
2024-08-16,FAC0014,4,4,39,5,0,4,18
2023-06-28,FAC0283,4,1,19,20,2,6,7
2023-03-27,FAC0237,2,0,23,6,0,2,13
2024-11-30,FAC0193,0,2,13,11,1,10,9
2024-04-14,FAC0299,0,1,27,2,2,4,9
2023-08-09,FAC0087,0,0,6,11,1,3,12
2024-10-18,FAC0189,0,1,6,8,0,6,11
2024-01-11,FAC0060,12,6,103,25,0,8,11
2023-10-28,FAC0085,1,1,5,3,0,3,11
2023-09-08,FAC0258,0,0,19,37,3,7,10
2023-10-30,FAC0255,2,1,12,25,0,6,9
2023-07-27,FAC0207,2,4,14,21,0,9,8
2023-12-02,FAC0282,4,2,24,11,0,3,16
2023-10-14,FAC0284,17,16,141,74,3,3,16
2023-02-13,FAC0234,0,1,7,4,0,1,4
2023-05-12,FAC0167,9,3,60,4,1,1,6
2023-06-12,FAC0112,1,2,16,7,0,5,15
2023-06-06,FAC0195,0,1,5,9,1,5,5
2024-05-02,FAC0257,2,2,11,12,1,4,16
2023-01-19,FAC0016,0,1,10,8,0,5,19
2023-08-11,FAC0153,2,3,24,12,0,1,9
2023-10-12,FAC0234,0,0,10,1,2,1,4
2023-12-14,FAC0294,4,3,12,16,1,7,16
2024-10-04,FAC0034,0,1,3,7,1,6,12
2024-12-04,FAC0065,2,4,27,58,1,4,9
2024-04-16,FAC0216,1,0,7,4,0,7,8
2024-11-07,FAC0131,4,3,13,28,0,4,14
2023-01-22,FAC0089,3,0,49,12,2,6,11
2023-07-08,FAC0068,2,0,24,3,0,6,6
2024-04-26,FAC0114,5,4,13,23,1,5,11
2023-10-25,FAC0184,0,1,14,22,2,6,11
2023-08-14,FAC0212,2,1,52,3,2,7,14
2024-01-30,FAC0175,5,4,18,20,1,3,8
2024-02-23,FAC0120,0,9,39,75,2,2,10
2023-03-21,FAC0159,3,2,31,10,1,6,12
2023-01-13,FAC0038,7,3,21,43,1,9,10
2024-11-15,FAC0020,1,2,18,2,0,2,11
2023-08-26,FAC0223,1,0,11,21,1,4,15
2023-12-15,FAC0268,6,1,32,11,2,1,14
2023-06-16,FAC0150,0,3,28,2,1,2,16
2023-03-03,FAC0150,0,0,24,6,1,1,10
2024-08-08,FAC0214,0,1,8,11,0,3,7
2024-02-06,FAC0230,0,2,31,4,0,2,16
2024-10-27,FAC0297,1,0,18,3,0,3,9
2023-03-22,FAC0115,7,1,35,24,2,3,16
2024-01-28,FAC0143,14,5,63,31,0,5,10
2024-12-14,FAC0107,6,7,71,5,1,7,13
2024-09-04,FAC0254,0,1,9,7,2,4,7
2023-09-06,FAC0045,5,0,19,18,2,4,10
2024-07-31,FAC0086,17,37,110,205,2,3,12
2023-05-10,FAC0294,2,1,19,9,1,6,11
2023-12-09,FAC0242,1,1,6,9,2,5,10
2023-01-25,FAC0243,9,0,178,115,0,8,13
2024-08-11,FAC0142,8,0,173,186,4,3,14
2023-03-21,FAC0298,0,1,7,12,0,1,12
2024-04-19,FAC0189,1,1,4,10,0,4,19
2023-05-19,FAC0116,19,17,165,13,2,11,9
2023-07-14,FAC0097,3,7,56,30,1,6,9
2023-06-02,FAC0117,0,1,7,11,2,4,15
2023-10-26,FAC0288,1,0,13,10,1,7,7
2024-11-26,FAC0025,1,1,23,3,0,2,16
2024-07-10,FAC0191,0,2,19,30,0,6,11
2024-04-22,FAC0058,2,1,5,10,0,2,7
2023-07-25,FAC0299,0,0,17,12,1,8,13
2024-07-11,FAC0142,49,0,245,114,3,2,10
2024-11-27,FAC0194,1,1,21,26,0,6,17
2023-01-09,FAC0076,4,3,15,22,1,7,8
2024-12-06,FAC0264,9,7,43,30,2,3,11
2023-01-10,FAC0244,0,1,3,8,0,7,12
2023-08-28,FAC0200,1,0,24,5,0,6,19
2024-10-22,FAC0110,4,2,18,23,0,5,15
2023-07-17,FAC0169,9,0,55,32,1,2,17
2024-08-10,FAC0082,2,2,20,3,0,6,12
2023-09-25,FAC0082,0,1,13,10,1,3,13
2023-09-22,FAC0283,3,1,17,22,1,6,7
2023-07-21,FAC0157,4,3,18,12,0,6,8
2024-02-11,FAC0243,40,20,221,72,1,7,18
2023-04-05,FAC0151,3,5,22,44,4,3,11
2023-06-13,FAC0197,1,0,32,6,1,8,14
2024-06-24,FAC0078,0,3,16,12,1,3,9
2024-10-24,FAC0047,0,1,3,3,0,4,15
2024-04-12,FAC0051,47,47,451,29,8,5,8
2024-01-11,FAC0016,2,0,10,8,1,6,9
2024-07-17,FAC0298,1,2,6,13,0,1,14
2023-10-08,FAC0260,4,3,27,17,0,2,18
2023-12-25,FAC0178,0,0,10,9,1,4,4
2023-05-02,FAC0208,0,4,27,12,2,4,20
2023-07-29,FAC0272,3,2,14,8,1,5,10
2024-02-29,FAC0259,2,1,17,2,1,7,25
2024-10-15,FAC0076,1,2,20,17,1,9,7
2023-08-03,FAC0164,1,0,8,6,1,3,15
2023-02-08,FAC0087,2,1,9,8,1,4,10
2024-01-03,FAC0030,2,1,7,7,2,2,12
2023-04-21,FAC0261,1,1,11,24,0,2,17
2024-04-03,FAC0203,9,6,59,39,0,8,11
2024-08-12,FAC0236,0,0,20,8,0,2,9
2023-05-06,FAC0159,3,2,27,14,1,3,16
2023-01-29,FAC0056,1,1,20,8,1,8,13
2024-01-24,FAC0150,3,0,26,4,1,3,13
2023-08-27,FAC0293,3,2,14,10,0,4,23
2024-07-06,FAC0068,1,0,24,3,0,6,9
2024-09-11,FAC0288,3,0,12,11,0,5,11
2024-09-17,FAC0022,2,0,6,12,1,2,9
2024-06-25,FAC0133,4,0,25,34,2,2,8
2023-09-18,FAC0014,6,0,40,4,1,2,19
2024-11-20,FAC0140,4,1,10,22,1,7,13
2023-07-23,FAC0207,0,1,12,23,1,8,7
2024-07-14,FAC0155,1,7,22,41,0,6,9
2024-02-02,FAC0166,0,2,5,12,0,3,10
2024-02-13,FAC0055,13,12,163,269,0,6,11
2023-10-29,FAC0151,2,2,58,8,3,2,7
2024-01-29,FAC0192,4,37,272,38,9,5,12
2024-04-11,FAC0288,0,2,9,14,1,7,9
2024-12-22,FAC0173,1,1,17,5,1,3,16
2024-05-19,FAC0174,21,3,112,40,3,1,5
2023-03-06,FAC0048,5,3,12,29,1,6,21
2024-08-09,FAC0051,51,8,265,215,5,10,8
2023-07-04,FAC0119,2,3,20,17,1,2,17
2023-07-16,FAC0103,5,6,22,37,1,4,8
2024-11-12,FAC0125,1,1,18,5,1,6,12
2023-03-25,FAC0208,0,1,17,22,2,4,19
2024-09-08,FAC0146,1,1,3,6,0,1,13
2024-03-15,FAC0101,2,2,13,30,3,2,7
2023-08-09,FAC0237,3,2,19,10,0,5,7
2024-08-01,FAC0056,1,3,9,19,0,6,12
2024-09-09,FAC0160,2,1,13,23,1,3,5
2024-02-22,FAC0228,2,1,16,8,0,8,19
2024-09-07,FAC0245,0,1,33,11,0,1,13
2023-01-03,FAC0044,5,2,20,16,2,4,20
2023-09-19,FAC0096,0,4,21,13,0,5,8
2024-08-19,FAC0113,0,1,11,2,0,6,13
2023-06-13,FAC0274,11,10,38,54,1,7,10
2024-05-31,FAC0134,3,0,17,6,0,2,10
2023-04-17,FAC0216,0,1,10,1,1,7,8
2024-05-06,FAC0202,4,6,61,6,2,4,12
2023-10-12,FAC0176,0,1,9,16,1,10,9
2023-02-11,FAC0300,0,2,17,7,1,3,18
2024-12-13,FAC0091,4,2,15,23,0,8,12
2023-03-13,FAC0195,1,1,6,8,1,4,10
2024-08-15,FAC0082,3,0,16,7,1,6,18
2024-01-14,FAC0230,4,3,14,21,0,4,14
2024-01-27,FAC0084,4,1,28,3,2,5,4
2024-04-25,FAC0118,1,4,32,6,1,2,13
2023-07-08,FAC0209,3,1,14,11,0,6,10
2023-07-11,FAC0237,1,1,27,2,1,5,13
2024-05-05,FAC0123,5,0,17,24,0,3,6
2023-02-09,FAC0132,3,2,17,12,0,7,6
2023-09-12,FAC0293,0,2,21,3,1,6,26
2023-10-16,FAC0034,0,1,3,7,0,3,14
2023-09-18,FAC0194,6,2,30,17,1,6,17
2024-10-18,FAC0176,3,3,13,12,0,7,15
2023-03-04,FAC0245,4,3,19,25,0,2,23
2024-06-17,FAC0031,7,3,235,156,4,2,12
2024-02-21,FAC0263,4,2,29,11,1,7,11
2023-06-05,FAC0198,2,0,16,2,0,5,8
2023-11-17,FAC0110,0,2,34,7,0,9,16
2023-01-23,FAC0046,0,1,9,6,2,4,13
2024-08-06,FAC0261,0,2,25,10,0,2,15
2024-06-14,FAC0267,1,7,41,39,2,7,7
2024-10-31,FAC0191,3,5,39,10,0,4,10
2023-11-04,FAC0191,7,4,32,17,1,4,12
2024-04-20,FAC0270,6,0,15,34,0,2,14
2024-12-04,FAC0087,1,2,13,4,0,5,11
2023-10-06,FAC0194,5,0,17,30,0,4,16
2023-07-27,FAC0054,18,52,428,60,8,3,14
2024-02-06,FAC0062,2,0,16,6,0,2,11
2023-05-13,FAC0086,20,27,124,191,7,2,14
2024-05-21,FAC0054,53,7,337,151,9,5,14
2023-04-27,FAC0053,2,1,5,10,1,3,9
2024-09-24,FAC0089,4,0,21,40,0,7,13
2024-11-30,FAC0179,3,5,33,10,1,7,13
2023-08-21,FAC0039,2,0,26,4,0,3,12
2024-07-08,FAC0040,1,1,14,2,0,3,10
2024-03-29,FAC0253,2,1,13,23,0,2,14
2024-03-02,FAC0036,1,0,5,11,0,5,5
2024-08-22,FAC0080,0,0,5,9,0,7,15
2023-12-16,FAC0014,6,1,28,16,0,3,13
2024-01-15,FAC0292,0,2,11,12,0,3,15
2023-04-30,FAC0296,35,12,301,98,2,6,20
2023-08-25,FAC0138,0,1,6,3,1,6,10
2023-01-11,FAC0077,1,1,8,2,1,7,18
2023-12-03,FAC0031,45,27,193,198,3,1,12
2024-11-30,FAC0096,0,2,28,6,0,4,7
2023-04-04,FAC0116,0,3,73,105,0,6,11
2023-07-04,FAC0170,8,11,88,148,3,5,16
2024-01-24,FAC0194,4,1,16,31,0,6,20
2024-09-03,FAC0063,0,0,15,17,0,6,16
2023-01-15,FAC0002,3,1,19,23,0,3,12
2024-09-14,FAC0023,13,4,42,57,1,8,10
2023-11-07,FAC0182,0,0,12,13,0,5,14
2024-10-06,FAC0097,1,5,53,33,2,5,10
2024-04-06,FAC0267,10,4,50,30,1,4,12
2024-07-26,FAC0258,6,6,50,6,1,4,15
2024-01-02,FAC0119,5,4,15,22,1,1,16
2023-05-22,FAC0008,0,1,13,11,2,3,11
2024-11-09,FAC0091,0,2,20,18,2,7,10
2023-04-15,FAC0065,9,6,61,24,0,5,12
2023-10-16,FAC0085,0,0,7,1,1,4,7
2023-12-19,FAC0197,5,3,13,25,1,4,9
2024-09-05,FAC0011,2,0,11,8,1,3,9
2023-10-10,FAC0033,8,0,23,39,0,5,20
2023-12-07,FAC0197,1,0,23,15,1,5,13
2023-06-19,FAC0223,4,0,23,9,1,7,9
2024-08-10,FAC0024,0,0,7,6,1,5,22
2024-06-25,FAC0119,3,4,16,21,1,1,13
2023-10-06,FAC0014,2,1,39,5,0,2,23
2024-02-06,FAC0012,1,0,4,6,0,6,21
2024-09-21,FAC0276,3,3,18,15,0,7,14
2023-04-16,FAC0255,0,2,25,12,0,4,15
2023-07-21,FAC0204,1,1,2,4,0,4,19
2024-09-16,FAC0278,18,17,50,107,6,7,10
2024-03-15,FAC0163,2,2,22,7,1,8,16
2024-12-31,FAC0086,15,7,157,158,4,2,12
2023-07-06,FAC0273,4,1,21,10,1,4,6
2023-06-05,FAC0215,4,1,19,21,3,6,11
2023-09-25,FAC0166,1,1,15,2,0,4,16
2023-06-03,FAC0051,21,43,228,252,10,9,14
2024-04-19,FAC0167,8,1,21,43,0,2,8
2023-12-02,FAC0083,0,2,18,3,1,5,11
2024-06-27,FAC0292,3,1,13,10,0,5,10
2023-04-08,FAC0274,8,0,76,16,0,6,14
2024-01-18,FAC0270,1,5,16,33,0,3,20
2023-04-03,FAC0096,3,2,24,10,1,3,12
2024-01-07,FAC0299,4,0,18,11,1,7,9
2023-05-10,FAC0006,5,21,143,101,5,7,8
2024-08-02,FAC0043,2,4,46,3,1,7,16
2024-09-18,FAC0240,2,0,14,2,0,9,16
2024-05-24,FAC0223,2,0,22,10,2,5,12
2024-04-02,FAC0038,8,5,21,43,0,6,12
2023-07-25,FAC0246,4,4,45,14,0,4,16
2023-04-15,FAC0146,0,0,4,5,0,1,16
2024-11-30,FAC0085,1,0,3,5,0,3,9
2023-07-13,FAC0011,1,2,10,9,1,5,5
2023-06-20,FAC0164,1,0,9,5,1,6,15
2024-11-28,FAC0016,2,1,14,4,2,5,16
2023-05-18,FAC0239,1,1,3,2,0,6,8
2024-11-28,FAC0023,5,9,69,30,0,8,9
2023-06-18,FAC0236,0,3,10,18,0,1,17
2023-08-13,FAC0017,2,4,199,216,6,2,17
2024-02-10,FAC0040,2,1,4,12,1,5,9
2024-11-09,FAC0009,2,3,20,10,2,3,22
2024-12-19,FAC0182,0,0,22,3,1,4,14
2024-05-16,FAC0239,1,1,3,2,0,6,4
2024-10-31,FAC0132,4,2,11,18,1,3,11
2023-07-20,FAC0048,2,0,14,27,0,7,17
2024-04-21,FAC0288,0,0,18,5,1,4,9
2024-05-03,FAC0033,9,5,35,27,1,2,13
2024-12-11,FAC0185,29,17,165,89,3,8,18
2023-04-23,FAC0067,2,0,24,3,1,6,17
2023-11-08,FAC0104,6,3,24,18,1,10,7
2024-01-11,FAC0099,0,5,27,32,2,4,4
2024-03-03,FAC0155,1,0,40,23,2,5,13
2023-05-21,FAC0087,1,1,12,5,1,3,8
2023-05-01,FAC0221,20,31,105,215,0,4,7
2024-07-10,FAC0286,0,1,9,9,2,2,11
2023-07-03,FAC0014,4,2,40,4,1,3,13
2023-02-12,FAC0145,5,4,16,18,2,6,8
2024-01-09,FAC0074,0,1,7,1,1,3,7
2023-07-10,FAC0062,0,2,8,14,0,5,6
2024-09-08,FAC0258,4,3,29,27,1,4,17
2023-04-30,FAC0200,0,3,19,10,2,5,13
2024-03-07,FAC0269,0,1,9,15,0,6,11
2024-08-16,FAC0202,1,4,27,40,1,4,10
2023-08-29,FAC0170,0,19,77,159,1,8,8
2024-09-24,FAC0215,3,2,18,22,4,4,18
2024-10-28,FAC0009,1,2,22,8,0,3,22
2023-05-09,FAC0076,0,4,22,15,0,7,13
2023-01-22,FAC0254,2,1,7,9,0,3,6
2023-07-17,FAC0051,22,30,332,148,5,10,7
2024-12-06,FAC0091,0,2,13,25,1,6,8
2023-11-20,FAC0260,6,2,16,28,0,3,19
2023-04-27,FAC0010,0,1,5,8,1,3,7
2024-03-27,FAC0231,1,1,3,8,1,2,8
2023-08-07,FAC0148,1,1,3,8,1,3,7
2024-12-17,FAC0048,3,1,38,3,1,5,20
2023-02-09,FAC0223,2,2,28,4,1,4,11
2024-11-22,FAC0265,4,1,20,9,1,6,5
2023-04-15,FAC0016,2,1,8,10,1,6,16
2024-04-24,FAC0104,2,3,31,11,0,10,8
2023-06-29,FAC0143,6,5,56,38,0,4,19
2024-01-29,FAC0174,17,1,95,57,4,1,9
2024-11-17,FAC0139,9,2,42,29,3,4,24
2024-08-26,FAC0055,13,49,373,59,5,5,15
2024-04-09,FAC0151,8,1,31,35,0,3,12
2023-11-08,FAC0188,3,24,153,155,0,1,10
2024-02-25,FAC0119,5,0,31,6,1,2,10
2023-08-02,FAC0227,56,44,278,174,1,5,16
2024-08-07,FAC0233,0,0,6,2,1,7,19
2024-04-29,FAC0157,0,1,14,16,1,6,11
2023-11-23,FAC0229,3,2,14,9,0,6,13
2024-02-08,FAC0259,0,1,15,4,0,4,21
2024-06-11,FAC0209,1,3,22,3,1,4,14
2023-10-14,FAC0225,2,2,13,17,1,6,9
2023-02-03,FAC0062,2,2,17,5,0,4,10
2023-06-23,FAC0156,11,6,30,70,3,6,7
2023-01-05,FAC0033,2,6,26,36,1,5,17
2023-11-24,FAC0200,1,1,23,6,2,8,19
2024-03-26,FAC0225,0,0,9,21,1,5,11
2024-09-04,FAC0275,0,0,18,11,0,9,9
2023-06-14,FAC0249,1,2,28,2,0,4,10
2024-02-14,FAC0108,2,0,19,15,2,3,9
2023-08-01,FAC0051,19,29,435,45,4,8,8
2024-05-01,FAC0186,2,1,15,1,1,7,14
2023-05-14,FAC0250,1,0,11,10,2,8,10
2024-04-09,FAC0067,3,1,11,16,2,6,16
2023-10-24,FAC0186,1,1,6,10,2,4,7
2024-06-05,FAC0110,3,1,32,9,1,9,20
2023-01-14,FAC0146,0,1,4,5,0,3,9
2023-10-03,FAC0064,7,6,29,47,2,4,18
2023-03-24,FAC0126,0,3,18,19,0,3,14
2023-11-20,FAC0237,2,1,9,20,1,2,9
2024-11-17,FAC0038,1,5,44,20,1,4,14
2023-09-05,FAC0221,15,17,155,165,2,5,10
2023-09-22,FAC0009,4,0,9,21,1,4,20
2024-10-12,FAC0289,5,3,15,31,1,2,15
2023-10-26,FAC0239,1,0,2,3,0,7,6
2024-09-27,FAC0215,0,1,23,17,4,5,16
2024-03-11,FAC0074,1,1,7,1,0,2,13
2024-11-17,FAC0262,3,2,16,6,0,6,10
2023-06-04,FAC0156,9,9,52,48,4,5,9
2023-10-28,FAC0298,2,2,6,13,1,2,20
2023-10-10,FAC0180,0,10,97,81,10,2,8
2023-07-01,FAC0196,3,1,18,11,0,7,13
2024-12-31,FAC0035,0,1,14,8,1,8,11
2024-03-12,FAC0275,3,0,23,6,0,6,9
2024-11-24,FAC0272,1,0,18,4,0,8,20
2024-07-12,FAC0088,5,0,11,28,0,10,9
2024-09-18,FAC0223,3,2,25,7,0,4,14
2023-11-16,FAC0259,0,0,12,7,0,6,19
2023-06-02,FAC0133,8,7,32,27,3,3,10
2023-02-21,FAC0045,1,3,11,26,0,5,16
2023-10-06,FAC0046,1,1,5,10,0,2,13
2023-06-27,FAC0160,4,1,31,5,1,5,6
2023-04-04,FAC0260,3,5,40,4,1,5,11
2024-09-05,FAC0101,5,3,17,26,3,4,10
2024-02-02,FAC0089,7,5,45,16,2,5,12
2024-08-31,FAC0277,0,1,7,7,1,3,13
2024-11-29,FAC0265,0,3,15,14,1,7,10
2023-11-12,FAC0093,3,10,268,35,0,8,17
2024-12-08,FAC0266,6,3,40,56,0,8,8
2023-05-25,FAC0113,0,0,10,3,2,6,16
2024-11-30,FAC0143,1,0,83,11,2,8,19
2024-11-27,FAC0269,3,0,13,11,0,6,9
2024-05-13,FAC0099,5,4,37,22,1,6,5
2023-03-26,FAC0119,4,3,33,4,0,2,15
2024-03-07,FAC0079,0,0,10,7,1,10,16
2023-04-17,FAC0043,7,0,18,31,1,10,16
2024-01-27,FAC0206,3,0,16,9,0,8,10
2023-04-11,FAC0263,2,0,26,14,0,5,11
2023-05-23,FAC0240,2,0,13,3,0,4,15
2023-03-30,FAC0049,13,7,48,41,2,4,6
2024-03-20,FAC0059,1,2,20,16,0,3,8
2024-04-26,FAC0122,1,0,11,4,1,2,8
2024-09-16,FAC0145,0,1,27,7,2,11,8
2024-12-31,FAC0117,0,1,12,6,2,3,14
2024-12-05,FAC0212,8,1,35,20,3,7,12
2023-12-11,FAC0184,3,2,19,17,2,4,9
2023-07-27,FAC0035,0,2,10,12,0,5,11
2023-09-16,FAC0226,5,4,19,26,1,5,10
2024-09-15,FAC0251,3,2,10,14,1,6,12
2023-02-21,FAC0249,2,3,21,9,1,4,17
2024-04-17,FAC0037,2,15,95,76,4,5,20
2023-08-02,FAC0014,3,4,37,7,0,3,22
2023-10-10,FAC0173,0,0,14,8,1,4,11
2023-01-12,FAC0014,5,3,34,10,1,2,11
2023-10-27,FAC0029,1,2,6,13,0,3,19
2024-07-30,FAC0004,2,2,20,4,1,4,17
2024-08-25,FAC0003,2,1,8,12,2,6,13
2023-09-14,FAC0171,0,1,12,4,1,4,16
2023-12-11,FAC0044,1,2,27,9,2,3,17
2023-06-15,FAC0174,21,6,47,105,3,1,10
2024-04-06,FAC0128,7,6,44,13,0,6,10
2023-09-22,FAC0025,3,1,18,8,0,1,17
2023-02-14,FAC0030,2,1,7,7,1,2,11
2023-10-17,FAC0118,5,3,29,9,0,2,15
2024-10-22,FAC0114,0,2,12,24,1,4,13
2024-01-16,FAC0186,0,0,11,5,0,8,11
2023-01-28,FAC0250,3,0,10,11,2,5,10
2023-07-09,FAC0166,2,1,8,9,1,4,12
2023-03-23,FAC0161,0,0,10,1,0,3,9
2024-08-23,FAC0274,3,2,73,19,1,6,11
2024-08-24,FAC0242,1,1,11,4,0,3,14
2023-05-01,FAC0078,4,1,16,12,2,3,9
2024-02-18,FAC0168,12,2,73,29,2,3,12
2023-01-01,FAC0093,32,12,228,75,0,4,19
2023-11-17,FAC0021,0,2,12,7,0,5,17
2023-11-02,FAC0058,2,0,10,5,0,3,5
2024-11-26,FAC0248,3,3,48,19,1,7,4
2023-06-07,FAC0167,3,0,43,21,1,2,6
2023-11-07,FAC0268,3,5,24,19,2,2,12
2024-06-22,FAC0219,2,0,7,7,1,2,20
2024-05-10,FAC0063,4,3,23,9,1,3,16
2023-03-12,FAC0055,0,36,399,33,1,8,15
2024-07-12,FAC0102,0,1,7,6,0,4,14
2023-10-27,FAC0195,2,1,7,7,0,6,6
2024-07-15,FAC0006,7,2,139,105,4,7,10
2023-06-02,FAC0069,1,1,13,1,0,2,11
2024-04-03,FAC0122,1,1,6,9,1,4,9
2023-04-08,FAC0101,1,4,40,3,1,2,14
2023-05-23,FAC0099,8,6,37,22,3,7,6
2023-09-22,FAC0225,1,3,25,5,2,5,12
2024-09-28,FAC0089,6,7,41,20,0,5,11
2023-10-03,FAC0082,3,1,19,4,1,4,12
2024-10-29,FAC0123,5,1,33,8,1,3,8
2023-08-19,FAC0196,4,3,27,2,0,8,18
2023-11-22,FAC0071,1,0,7,4,0,6,17
2024-08-01,FAC0078,2,3,12,16,0,5,9
2024-01-12,FAC0021,0,0,9,10,1,4,18
2024-03-11,FAC0109,0,1,16,8,0,4,5
2023-10-24,FAC0086,40,3,221,94,3,3,15
2024-08-31,FAC0162,4,0,35,25,1,5,10
2024-12-03,FAC0063,0,2,9,23,1,6,9
2023-07-29,FAC0267,10,0,58,22,2,6,10
2024-09-13,FAC0187,32,25,310,35,1,10,8
2024-11-22,FAC0211,0,0,6,6,0,7,14
2023-01-06,FAC0059,2,0,20,16,0,4,9
2024-05-26,FAC0261,4,2,30,5,3,4,12
2024-03-13,FAC0118,5,4,29,9,1,2,12
2024-11-03,FAC0100,29,30,144,132,5,6,24
2024-10-17,FAC0033,9,1,46,16,1,2,11
2024-09-05,FAC0194,0,1,14,33,2,8,20
2024-02-14,FAC0283,1,4,18,21,2,7,15
2023-12-15,FAC0248,0,1,27,40,1,10,3
2023-03-11,FAC0137,3,0,16,5,0,5,8
2024-09-11,FAC0087,2,1,15,2,1,6,14
2024-08-28,FAC0131,5,1,14,27,2,3,12
2023-06-12,FAC0216,0,1,3,8,1,4,13
2023-02-13,FAC0022,2,1,11,7,1,2,17
2024-05-11,FAC0238,9,9,70,7,0,3,8
2024-04-21,FAC0112,2,1,7,16,2,5,17
2023-01-24,FAC0112,0,0,10,13,2,4,15
2024-11-02,FAC0230,2,0,23,12,0,4,19
2023-06-18,FAC0095,1,3,17,23,0,4,8
2023-07-11,FAC0040,2,0,12,4,1,5,10
2023-08-01,FAC0164,1,0,6,8,0,4,11
2023-09-25,FAC0008,2,1,9,15,1,2,8
2023-08-16,FAC0109,3,2,10,14,1,4,11
2024-12-11,FAC0269,0,0,8,16,1,6,14
2023-09-13,FAC0095,3,1,16,24,3,4,14
2024-11-14,FAC0181,5,0,24,23,1,6,11
2023-05-17,FAC0263,3,4,27,13,0,7,11
2023-07-05,FAC0147,0,4,16,25,1,6,9
2023-01-16,FAC0187,34,27,250,95,5,9,15
2024-10-28,FAC0245,6,3,20,24,2,1,12
2023-01-27,FAC0287,0,4,18,18,1,1,9
2023-11-13,FAC0187,5,0,149,196,4,5,9
2024-05-17,FAC0066,20,14,135,227,1,8,13
2023-06-06,FAC0147,1,4,32,9,0,3,13
2024-11-18,FAC0152,24,33,144,131,1,7,16
2024-12-18,FAC0023,7,0,63,36,1,8,9
2024-10-24,FAC0025,0,0,8,18,0,3,22
2024-12-20,FAC0078,0,0,13,15,0,5,7
2024-06-25,FAC0131,5,4,28,13,1,4,12
2023-04-27,FAC0289,0,0,36,10,1,3,14
2023-02-11,FAC0148,1,1,9,2,0,5,7
2023-07-04,FAC0061,5,0,36,8,1,10,22
2023-12-15,FAC0147,0,2,35,6,2,3,13
2024-08-29,FAC0135,2,1,22,8,1,11,19
2024-06-29,FAC0238,3,2,34,43,0,4,16
2024-03-03,FAC0165,12,19,213,79,0,1,8
2023-05-13,FAC0246,7,1,49,10,1,3,16
2024-02-05,FAC0294,2,1,12,16,1,10,14
2024-04-09,FAC0264,1,1,40,33,0,2,10
2023-01-30,FAC0165,26,9,209,83,0,1,9
2024-01-27,FAC0147,5,0,31,10,3,6,12
2023-05-09,FAC0248,6,3,58,9,2,10,4
2023-07-19,FAC0077,0,1,3,7,1,5,15
2023-03-27,FAC0285,11,36,149,221,2,5,22
2024-08-20,FAC0275,3,1,8,21,0,7,13
2023-12-26,FAC0046,2,1,8,7,2,2,11
2024-11-20,FAC0121,2,4,28,17,0,1,10
2024-03-01,FAC0016,2,2,5,13,1,5,18
2024-04-01,FAC0263,4,2,35,5,2,4,9
2024-11-13,FAC0023,5,0,33,66,1,9,5
2024-07-11,FAC0277,2,0,5,9,0,5,24
2023-08-29,FAC0212,4,0,40,15,0,6,16
2024-11-28,FAC0298,1,0,8,11,1,1,19
2023-10-31,FAC0277,1,0,11,3,0,5,15
2023-09-12,FAC0170,4,22,108,128,2,10,16
2023-10-24,FAC0077,0,1,6,4,1,5,12
2024-01-02,FAC0253,3,0,17,19,1,1,13
2023-03-11,FAC0110,5,0,22,19,1,9,20
2024-04-07,FAC0298,2,1,15,4,1,2,20
2023-03-19,FAC0047,1,1,5,1,1,3,15
2024-10-21,FAC0184,1,1,29,7,0,8,12
2024-05-27,FAC0270,3,1,29,20,0,5,18
2023-01-21,FAC0213,2,3,12,15,0,7,14
2023-11-27,FAC0132,4,2,25,4,1,6,9
2023-12-23,FAC0227,66,29,285,167,3,7,14
2023-11-05,FAC0208,0,1,28,11,2,3,20
2023-01-03,FAC0146,1,1,6,3,0,1,14
2024-08-19,FAC0201,8,6,31,34,1,2,7
2024-03-13,FAC0269,2,0,7,17,1,4,10
2024-04-07,FAC0170,4,23,112,124,1,5,8
2023-03-28,FAC0070,4,15,139,49,4,3,20
2023-10-04,FAC0283,3,1,20,19,2,7,11
2023-08-12,FAC0191,4,5,34,15,0,5,9
2023-12-23,FAC0194,6,2,42,5,2,6,16
2023-12-08,FAC0190,9,5,42,39,1,7,9
2023-10-22,FAC0012,0,1,6,4,1,6,18
2024-08-16,FAC0060,14,4,91,37,4,9,15
2024-07-04,FAC0096,5,0,28,6,0,5,6
2023-07-22,FAC0187,26,12,214,131,4,8,13
2024-12-02,FAC0268,4,4,19,24,1,1,13
2024-06-01,FAC0039,1,0,20,10,1,4,13
2024-03-04,FAC0011,1,0,8,11,0,6,8
2023-03-21,FAC0144,3,2,17,11,2,6,12
2024-05-23,FAC0094,2,0,30,27,6,4,9
2024-02-27,FAC0058,0,1,12,3,0,3,7
2024-10-13,FAC0110,5,1,21,20,0,7,14
2024-01-28,FAC0081,0,4,25,13,1,7,10
2024-12-10,FAC0250,3,0,8,13,1,7,7
2023-07-08,FAC0050,3,1,27,22,1,4,7
2024-04-25,FAC0038,6,6,28,36,0,5,14
2023-05-16,FAC0011,2,0,10,9,0,7,5
2023-03-03,FAC0041,1,0,2,6,0,5,7
2024-12-02,FAC0207,3,0,17,18,1,7,8
2023-08-28,FAC0219,0,0,8,6,1,3,20
2024-08-08,FAC0247,1,0,7,5,0,2,15
2023-01-14,FAC0169,7,0,35,52,3,3,14
2023-03-22,FAC0048,4,4,17,24,1,9,20
2023-12-11,FAC0201,0,3,20,45,0,4,14
2024-01-14,FAC0227,16,8,162,290,1,9,8
2023-03-20,FAC0142,39,39,308,51,7,1,14
2024-06-24,FAC0290,1,0,23,6,1,10,12
2024-10-21,FAC0190,10,2,46,35,1,6,17
2023-07-27,FAC0147,5,4,16,25,0,3,12
2023-07-15,FAC0110,5,2,37,4,1,5,22
2023-03-30,FAC0283,3,4,29,10,2,8,10
2023-03-27,FAC0126,0,2,19,18,1,4,14
2024-12-08,FAC0232,13,2,37,63,2,2,11
2024-01-06,FAC0057,1,1,8,3,2,5,14
2024-01-28,FAC0217,3,4,35,60,0,7,12
2024-11-23,FAC0164,1,1,10,4,0,7,8
2023-06-20,FAC0012,0,1,3,7,0,6,12
2023-09-27,FAC0245,6,4,41,3,2,2,25
2024-11-13,FAC0072,9,4,59,9,2,9,15
2024-11-26,FAC0254,1,1,12,4,0,5,5
2023-07-14,FAC0117,2,1,9,9,2,3,11
2024-09-29,FAC0195,2,0,4,10,1,5,5
2023-12-09,FAC0125,3,0,21,2,1,7,10
2024-01-21,FAC0020,3,0,9,11,1,3,11
2024-11-10,FAC0132,3,1,16,13,1,3,11
2024-03-28,FAC0233,1,0,4,4,0,7,15
2023-12-13,FAC0295,1,1,4,10,1,4,17
2024-10-18,FAC0043,2,1,25,24,1,6,16
2023-07-01,FAC0084,4,2,24,7,0,3,8
2024-12-01,FAC0148,1,0,3,8,1,4,11
2024-07-05,FAC0239,0,0,4,1,0,7,7
2023-02-02,FAC0015,23,7,123,49,4,7,10
2024-05-19,FAC0140,3,3,17,15,1,9,10
2024-09-09,FAC0172,6,0,27,16,0,2,11
2023-04-29,FAC0037,18,15,124,47,1,5,21
2023-09-02,FAC0261,3,4,28,7,0,5,14
2024-11-07,FAC0211,1,1,10,2,0,8,18
2024-10-24,FAC0277,1,0,10,4,1,6,16
2024-08-10,FAC0188,28,31,251,57,0,1,11
2023-07-30,FAC0230,1,3,10,25,1,3,18
2023-01-09,FAC0147,0,3,18,23,2,6,8
2024-05-06,FAC0262,3,2,10,12,0,5,9
2024-04-12,FAC0288,1,2,15,8,0,3,6
2023-06-11,FAC0219,2,0,10,4,0,3,23
2024-06-11,FAC0217,14,3,50,45,1,8,13
2023-08-04,FAC0136,4,4,10,25,1,4,13
2024-10-24,FAC0039,3,1,13,17,0,3,13
2023-06-23,FAC0066,33,14,274,88,5,5,10
2024-08-22,FAC0048,2,3,33,8,1,8,24
2024-01-13,FAC0060,7,9,76,52,1,6,12
2023-04-19,FAC0299,0,3,10,19,0,8,12
2023-10-02,FAC0241,0,1,10,5,0,4,18
2024-08-16,FAC0232,2,11,53,47,3,1,10
2023-03-14,FAC0122,0,1,5,10,0,2,9
2023-10-04,FAC0121,5,0,30,15,0,2,12
2023-04-02,FAC0246,6,6,20,39,0,4,10
2024-06-24,FAC0095,5,1,18,22,3,3,13
2024-04-06,FAC0238,8,2,53,24,1,3,11
2023-05-26,FAC0294,3,1,18,10,0,8,17
2024-01-10,FAC0263,4,4,18,22,1,4,9
2024-05-18,FAC0160,1,4,13,23,1,2,7
2023-04-27,FAC0102,1,1,8,5,0,2,21
2024-09-01,FAC0084,3,3,9,22,2,3,5
2024-06-02,FAC0116,9,10,75,103,3,6,17
2024-03-01,FAC0229,0,1,21,2,1,6,15
2023-01-22,FAC0101,3,1,19,24,1,2,14
2024-12-03,FAC0196,0,3,19,10,0,7,14
2023-05-03,FAC0231,0,0,5,6,0,1,15
2024-06-04,FAC0261,4,4,27,8,1,4,13
2024-04-24,FAC0257,0,0,21,2,1,4,18
2023-09-19,FAC0111,3,3,13,23,0,4,15
2023-02-27,FAC0183,4,2,17,11,0,1,11
2023-04-11,FAC0292,2,2,17,6,1,7,14
2024-11-19,FAC0191,1,0,42,7,0,3,9
2023-10-12,FAC0029,1,0,15,4,1,4,16
2023-06-28,FAC0298,1,1,17,2,1,2,18
2024-06-24,FAC0072,8,1,37,31,2,12,16
2023-02-04,FAC0003,1,2,6,14,0,5,9
2024-08-01,FAC0161,0,1,9,2,0,5,8
2024-12-09,FAC0189,1,1,8,6,1,5,12
2023-08-14,FAC0039,3,1,23,7,0,3,15
2024-06-03,FAC0298,0,0,17,2,1,1,20
2024-09-07,FAC0070,17,15,134,54,1,1,24
2023-01-07,FAC0224,1,1,10,2,2,8,12
2023-09-04,FAC0059,1,3,31,5,1,4,11
2024-02-22,FAC0279,9,8,88,10,1,2,16
2024-01-22,FAC0009,0,2,21,9,0,3,18
2023-10-04,FAC0239,0,0,3,2,0,7,6
2023-05-01,FAC0229,0,1,21,2,0,8,11
2023-02-18,FAC0180,9,19,77,101,1,2,8
2024-07-31,FAC0165,27,4,144,148,1,1,12
2024-07-09,FAC0206,2,0,12,13,0,8,16
2023-02-06,FAC0279,8,8,48,50,2,2,12
2024-08-22,FAC0179,5,2,36,7,2,7,7
2024-11-09,FAC0173,3,1,11,11,0,3,18
2023-02-18,FAC0241,2,0,4,11,1,6,19
2023-08-07,FAC0063,3,3,21,11,1,3,16
2024-12-30,FAC0072,3,7,54,14,0,10,15
2024-03-19,FAC0065,12,7,55,30,2,6,11
2024-07-17,FAC0123,6,2,34,7,0,3,10
2024-01-25,FAC0148,1,0,7,4,0,5,8
2023-09-06,FAC0142,23,22,321,38,9,3,12
2023-09-04,FAC0043,7,2,17,32,1,5,12
2023-05-08,FAC0260,4,4,37,7,0,5,10
2023-02-22,FAC0152,32,10,83,192,4,5,13
2023-07-10,FAC0066,46,27,157,205,5,4,12
2024-03-24,FAC0073,1,1,3,5,1,4,14
2023-04-03,FAC0141,3,0,31,18,2,4,13
2023-10-21,FAC0294,2,1,15,13,1,7,13
2024-09-10,FAC0066,6,5,138,224,7,4,13
2024-07-07,FAC0170,17,11,112,124,0,10,10
2024-09-24,FAC0234,1,1,9,2,1,1,5
2024-08-14,FAC0145,1,4,29,5,2,9,8
2024-07-15,FAC0296,41,42,372,27,0,7,21
2023-04-10,FAC0242,0,1,7,8,2,4,13
2024-05-24,FAC0091,4,2,32,6,0,4,16
2024-11-12,FAC0276,0,2,29,4,1,5,7
2023-12-01,FAC0285,31,32,231,139,0,4,14
2024-07-26,FAC0057,1,0,5,6,2,9,12
2024-08-04,FAC0040,1,1,13,3,0,6,8
2023-06-15,FAC0167,6,0,51,13,0,2,7
2024-03-19,FAC0154,6,5,26,24,4,4,16
2024-10-22,FAC0018,0,0,8,3,0,6,16
2023-08-26,FAC0071,1,1,8,3,1,5,9
2024-11-12,FAC0018,0,0,9,2,1,7,18
2023-09-17,FAC0215,3,2,30,10,2,4,12
2024-03-02,FAC0031,31,44,225,166,0,3,15
2023-09-15,FAC0077,1,0,3,7,0,8,15
2024-07-20,FAC0153,0,4,21,15,3,1,14
2024-04-10,FAC0149,1,1,7,5,2,6,23
2023-07-11,FAC0022,2,1,13,5,0,3,9
2023-07-01,FAC0119,3,3,34,3,0,2,9
2023-04-23,FAC0217,0,9,29,66,1,7,19
2024-02-06,FAC0076,4,3,32,5,0,8,14
2024-10-29,FAC0129,3,3,36,4,1,4,10
2024-05-31,FAC0291,5,2,32,6,1,6,16
2023-08-26,FAC0010,1,1,11,2,1,2,12
2023-02-28,FAC0183,3,2,11,17,1,1,11
2024-10-25,FAC0103,1,3,26,33,1,3,10
2023-02-03,FAC0173,0,2,20,2,0,3,10
2024-05-15,FAC0183,1,3,19,9,0,3,9
2024-04-28,FAC0296,8,3,161,238,0,6,15
2024-02-24,FAC0262,1,0,11,11,0,7,15
2024-09-04,FAC0193,0,2,12,12,0,8,9
2023-09-07,FAC0044,1,0,31,5,0,5,22
2024-08-16,FAC0007,6,0,16,32,0,6,13
2023-05-25,FAC0204,0,0,3,3,0,5,13
2023-02-06,FAC0283,3,2,14,25,2,5,11
2024-02-15,FAC0027,16,41,139,215,1,4,13
2023-11-14,FAC0151,7,2,33,33,2,2,12
2024-11-09,FAC0246,1,0,41,18,0,3,9
2024-06-01,FAC0208,1,0,23,16,0,2,19
2024-12-29,FAC0107,2,1,46,30,2,4,16
2024-04-14,FAC0051,39,17,185,295,3,5,14
2023-01-28,FAC0097,5,4,53,33,2,8,12
2023-09-22,FAC0283,2,2,23,16,1,7,15
2024-05-12,FAC0219,2,1,4,10,0,2,11
2023-10-09,FAC0119,5,0,27,10,1,1,11
2023-07-27,FAC0087,2,0,10,7,0,6,16
2024-10-06,FAC0137,3,0,8,13,1,5,10
2024-02-20,FAC0014,2,0,19,25,1,4,19
2024-11-11,FAC0161,0,0,5,6,0,5,14
2023-06-23,FAC0105,1,0,15,15,2,4,23
2024-07-04,FAC0266,2,10,52,44,2,6,10
2023-09-05,FAC0173,1,2,12,10,1,5,13
2023-02-02,FAC0030,0,0,9,5,0,4,6
2024-10-11,FAC0089,5,2,25,36,1,5,11
2024-03-06,FAC0159,5,3,14,27,0,4,14
2024-01-10,FAC0176,0,0,9,16,1,9,8
2023-06-22,FAC0059,3,0,28,8,1,5,6
2023-03-30,FAC0142,31,35,138,221,0,1,13
2023-12-09,FAC0246,6,0,29,30,1,3,15
2023-12-17,FAC0271,1,2,16,5,0,3,15
2023-07-08,FAC0089,0,4,35,26,0,6,9
2024-03-30,FAC0108,2,0,11,23,2,2,14
2024-12-05,FAC0152,10,17,261,14,6,6,8
2023-02-14,FAC0116,12,1,89,89,3,8,11
2024-09-29,FAC0005,2,1,9,7,1,5,16
2024-12-12,FAC0001,2,2,22,2,1,5,9
2024-03-23,FAC0247,1,0,9,3,0,2,12
2023-12-07,FAC0107,4,6,27,49,0,4,11
2023-01-08,FAC0292,3,2,7,16,1,3,7
2024-11-09,FAC0220,11,26,209,36,4,1,17
2023-02-09,FAC0191,3,4,33,16,1,3,9
2023-08-25,FAC0299,3,2,11,18,1,7,12
2024-01-06,FAC0012,1,1,9,1,1,7,17
2023-12-01,FAC0287,1,3,20,16,1,2,11
2023-10-11,FAC0119,3,2,34,3,1,1,19
2023-12-16,FAC0194,7,4,41,6,0,8,14
2023-09-18,FAC0069,2,0,7,7,1,2,9
2024-07-28,FAC0144,4,0,15,13,2,6,15
2024-12-17,FAC0298,0,0,8,11,1,2,17
2024-06-12,FAC0094,5,4,21,36,6,3,15
2024-06-01,FAC0300,3,0,14,10,0,2,13
2024-06-12,FAC0072,8,3,46,22,0,12,11
2024-09-21,FAC0129,0,0,32,8,0,3,15
2024-06-27,FAC0030,0,1,7,7,1,4,7
2024-07-01,FAC0281,69,32,229,245,0,5,8
2024-04-24,FAC0285,36,33,324,46,0,4,12
2023-03-08,FAC0039,4,2,12,18,1,3,18
2024-07-17,FAC0153,3,0,24,12,2,1,13
2023-02-10,FAC0138,0,1,4,5,1,5,9
2023-08-18,FAC0071,0,0,5,6,1,6,16
2023-04-19,FAC0268,0,5,17,26,2,1,8
2023-02-27,FAC0265,1,2,23,6,0,3,7
2023-10-18,FAC0110,0,3,38,3,1,9,14
2023-02-23,FAC0090,0,0,24,6,0,7,17
2023-09-11,FAC0018,0,0,7,4,1,6,17
2023-06-13,FAC0296,58,20,272,127,4,6,18
2024-12-05,FAC0002,0,3,15,27,0,5,13
2023-01-15,FAC0097,9,9,41,45,3,8,10
2023-10-09,FAC0149,0,0,6,6,0,6,15
2024-08-18,FAC0163,4,3,20,9,0,6,12
2023-09-09,FAC0170,35,5,133,103,3,10,13
2024-05-15,FAC0191,5,2,35,14,1,3,6
2023-01-21,FAC0250,1,2,15,6,2,4,8
2023-01-27,FAC0251,3,1,20,4,1,6,14
2023-10-27,FAC0130,3,0,21,3,0,4,14
2023-04-05,FAC0241,0,1,11,4,0,4,18
2024-07-20,FAC0129,0,4,13,27,1,6,15
2023-04-06,FAC0015,25,9,153,19,2,11,6
2024-04-27,FAC0053,2,0,4,11,1,3,17
2023-08-25,FAC0023,11,9,36,63,1,6,8
2024-11-17,FAC0067,2,1,23,4,1,6,12
2024-12-21,FAC0114,5,0,30,6,3,3,19
2024-05-02,FAC0273,3,3,12,19,2,4,7
2023-04-01,FAC0146,0,0,5,4,1,1,10
2023-02-25,FAC0098,4,0,21,15,0,7,8
2023-03-04,FAC0158,13,52,216,231,3,1,5
2023-11-30,FAC0251,3,2,8,16,0,9,11
2023-10-31,FAC0071,0,0,8,3,1,3,13
2023-12-12,FAC0110,4,0,24,17,0,5,13
2023-04-17,FAC0241,0,1,7,8,1,5,19
2023-07-31,FAC0171,1,0,13,3,0,5,11
2024-10-06,FAC0007,4,1,40,8,0,6,15
2024-02-26,FAC0281,42,42,421,53,4,5,13
2024-01-10,FAC0240,0,0,11,5,1,5,11
2024-07-28,FAC0187,7,22,239,106,3,9,11
2023-03-08,FAC0004,0,0,14,10,0,6,28
2023-01-21,FAC0084,4,0,16,15,0,5,5
2024-10-02,FAC0177,3,1,13,25,0,4,12
2024-03-31,FAC0126,0,1,19,18,1,3,13
2023-01-02,FAC0147,0,2,16,25,2,5,9
2024-07-16,FAC0080,2,0,5,9,1,5,9
2023-06-12,FAC0132,2,2,25,4,1,6,5
2024-11-15,FAC0035,2,2,15,7,0,4,7
2023-11-05,FAC0131,6,1,22,19,1,2,15
2024-05-31,FAC0269,3,2,13,11,1,5,13
2023-03-31,FAC0218,1,1,5,6,0,8,20
2023-05-18,FAC0258,1,6,17,39,2,3,12
2023-02-08,FAC0119,2,3,22,15,0,1,17
2024-02-13,FAC0108,5,4,19,15,1,4,10
2024-05-02,FAC0237,2,1,24,5,0,4,13
2024-10-02,FAC0197,4,2,18,20,0,6,7
2023-10-04,FAC0176,0,0,21,4,1,10,15
2023-05-14,FAC0178,1,1,9,10,0,4,7
2024-12-04,FAC0029,0,2,17,2,0,5,12
2023-11-02,FAC0128,4,6,32,25,0,11,14
2024-02-15,FAC0145,5,4,30,4,2,10,11
2023-06-21,FAC0294,2,1,19,9,0,6,13
2023-06-09,FAC0272,3,2,17,5,1,8,19
2024-10-14,FAC0041,0,0,7,1,0,2,10
2023-10-29,FAC0064,7,1,48,28,3,4,10
2023-05-12,FAC0231,0,0,4,7,0,2,9
2024-04-11,FAC0216,0,1,8,3,1,4,12
2023-11-25,FAC0225,0,1,12,18,2,7,13
2023-06-20,FAC0068,3,1,21,6,0,8,6
2024-05-11,FAC0286,1,1,10,8,0,3,13
2023-03-19,FAC0046,0,1,11,4,1,3,7
2024-05-25,FAC0279,5,6,85,13,3,2,14
2024-10-02,FAC0267,6,6,52,28,2,3,13
2023-06-01,FAC0285,48,8,315,55,1,4,11
2023-06-18,FAC0157,2,3,18,12,0,8,9
2023-09-09,FAC0173,3,1,18,4,0,5,12
2024-08-26,FAC0075,0,1,3,9,0,10,20
2024-05-18,FAC0065,10,8,76,9,0,3,12
2023-12-18,FAC0033,6,4,31,31,0,4,11
2023-12-19,FAC0207,5,3,31,4,1,5,6
2024-12-14,FAC0152,21,2,180,95,0,8,15
2023-05-23,FAC0218,1,1,5,6,2,8,17
2024-01-22,FAC0195,0,1,10,4,1,6,5
2023-02-25,FAC0233,1,0,7,1,1,9,13
2023-05-21,FAC0215,5,0,22,18,2,6,17
2023-08-18,FAC0254,2,1,14,2,0,4,10
2023-12-28,FAC0102,1,0,9,4,1,4,22
2024-03-11,FAC0296,51,40,360,39,3,3,21
2023-06-18,FAC0261,5,4,25,10,1,5,11
2023-09-29,FAC0145,3,2,28,6,2,11,10
2024-02-11,FAC0198,2,1,7,11,1,7,9
2024-09-17,FAC0139,8,7,42,29,0,3,12
2024-03-17,FAC0021,1,0,17,2,0,7,14
2023-01-14,FAC0091,3,2,19,19,0,7,11
2023-05-08,FAC0214,1,0,6,13,1,4,6
2024-05-29,FAC0254,1,1,4,12,2,5,10
2024-05-02,FAC0070,11,13,89,99,3,1,20
2024-09-26,FAC0186,2,1,14,2,1,7,13
2024-11-25,FAC0209,3,3,10,15,1,6,14
2023-07-03,FAC0227,13,43,143,309,6,6,12
2023-02-03,FAC0240,0,0,5,11,0,5,16
2023-07-02,FAC0033,2,1,56,6,0,3,13
2023-07-13,FAC0277,0,1,10,4,0,4,16
2023-05-14,FAC0056,1,2,13,15,0,5,13
2024-05-10,FAC0095,4,0,36,4,0,4,11
2024-12-14,FAC0257,3,0,11,12,0,3,18
2024-07-04,FAC0193,0,1,17,7,1,8,6
2024-08-14,FAC0110,3,4,28,13,1,10,19
2024-02-01,FAC0250,1,2,16,5,1,7,10
2024-02-02,FAC0137,0,1,10,11,1,4,11
2023-07-15,FAC0159,6,4,38,3,1,5,14
2023-08-06,FAC0007,6,1,38,10,0,9,14
2023-04-09,FAC0096,3,0,13,21,0,4,7
2024-04-06,FAC0184,0,0,22,14,2,5,14
2024-09-11,FAC0189,1,0,8,6,0,3,15
2024-10-22,FAC0164,2,1,5,9,0,5,11
2023-10-14,FAC0028,0,3,36,10,2,8,12
2023-06-28,FAC0290,2,1,23,6,1,7,14
2024-06-30,FAC0003,0,2,18,2,0,6,6
2023-12-20,FAC0201,0,7,30,35,1,2,7
2024-04-14,FAC0168,1,6,37,65,5,5,17
2023-09-20,FAC0064,2,3,25,51,4,9,16
2024-11-26,FAC0252,11,10,68,28,4,6,13
2023-06-30,FAC0103,2,3,29,30,2,3,6
2024-11-30,FAC0166,2,2,14,3,1,5,15
2024-12-12,FAC0146,1,0,5,4,0,2,8
2024-03-12,FAC0138,1,1,5,4,1,4,11
2023-04-08,FAC0288,2,0,15,8,1,6,12
2023-08-17,FAC0013,1,1,13,8,0,2,11
2023-12-31,FAC0117,1,2,12,6,2,3,14
2024-11-28,FAC0188,9,34,239,69,3,1,12
2024-05-09,FAC0143,8,10,50,44,2,5,12
2024-11-11,FAC0084,0,2,21,10,1,4,9
2023-08-12,FAC0047,0,1,3,3,1,5,11
2024-12-21,FAC0194,0,2,30,17,2,7,11
2024-10-22,FAC0244,0,1,6,5,1,4,9
2023-12-08,FAC0216,1,0,4,7,1,6,11
2023-07-20,FAC0007,0,2,20,28,1,5,16
2023-01-08,FAC0240,2,1,6,10,1,4,15
2023-11-21,FAC0146,0,1,4,5,0,1,8
2023-08-01,FAC0193,0,1,21,3,0,9,6
2024-02-06,FAC0196,3,1,26,3,1,4,10
2023-10-23,FAC0101,3,3,34,9,1,4,7
2023-03-05,FAC0110,1,0,36,5,1,5,14
2023-11-09,FAC0161,1,1,7,4,2,7,14
2024-10-11,FAC0250,3,0,12,9,0,5,7
2024-02-14,FAC0185,19,1,232,22,6,7,21
2024-02-15,FAC0260,5,0,15,29,1,3,15
2024-09-20,FAC0115,4,5,23,36,0,3,11
2023-08-15,FAC0181,6,0,23,24,0,5,10
2023-01-19,FAC0250,2,0,7,14,0,6,12
2023-06-30,FAC0062,1,0,9,13,0,5,8
2023-06-07,FAC0216,0,1,9,2,1,5,11
2023-02-18,FAC0066,10,43,218,144,4,6,12
2024-10-01,FAC0178,2,2,8,11,0,4,5
2024-03-13,FAC0129,2,2,28,12,2,6,19
2023-06-27,FAC0200,4,2,10,19,1,4,12
2023-01-07,FAC0010,1,0,7,6,1,2,14
2023-04-03,FAC0026,0,0,10,3,2,8,13
2024-11-29,FAC0007,1,3,33,15,1,7,14
2024-03-22,FAC0062,3,1,18,4,0,3,9
2023-09-05,FAC0135,4,2,14,16,1,11,12
2023-02-01,FAC0262,0,2,11,11,1,7,13
2023-08-20,FAC0299,1,0,17,12,1,9,9
2024-12-25,FAC0207,1,0,31,4,1,9,6
2023-06-28,FAC0165,26,22,270,22,0,1,12
2024-02-24,FAC0255,3,2,34,3,1,5,9
2024-01-12,FAC0014,1,1,27,17,1,3,16
2023-07-01,FAC0277,2,0,8,6,1,6,13
2023-06-24,FAC0251,2,1,13,11,1,8,8
2024-12-18,FAC0058,1,0,7,8,0,3,7
2023-04-20,FAC0002,5,4,26,16,0,5,11
2023-11-06,FAC0054,40,7,200,288,5,5,11
2023-11-07,FAC0222,7,1,43,16,0,5,14
2023-06-21,FAC0274,8,9,78,14,1,6,10
2023-09-15,FAC0065,7,2,50,35,1,6,15
2023-01-13,FAC0293,1,1,12,12,1,9,22
2024-04-26,FAC0095,5,3,23,17,0,6,16
2023-07-22,FAC0285,15,7,126,244,1,5,13
2023-10-29,FAC0007,3,4,44,4,1,6,8
2024-07-15,FAC0250,3,0,16,5,1,4,6
2024-01-13,FAC0053,0,0,12,3,0,5,12
2024-04-03,FAC0222,8,5,52,7,0,7,21
2023-12-03,FAC0218,0,0,9,2,2,10,15
2023-03-04,FAC0111,0,3,27,9,0,2,12
2023-07-16,FAC0113,0,0,7,6,2,9,12
2024-12-25,FAC0276,0,3,24,9,1,7,13
2023-09-13,FAC0197,3,1,20,18,1,5,8
2023-09-28,FAC0182,1,2,18,7,0,7,13
2023-03-17,FAC0015,7,17,104,68,0,6,6
2024-08-17,FAC0191,0,4,32,17,1,4,11
2023-09-26,FAC0218,0,0,6,5,1,8,15
2024-08-23,FAC0143,7,8,45,49,1,5,11
2024-12-30,FAC0084,0,0,22,9,1,5,6
2023-07-08,FAC0120,16,5,87,27,9,2,7
2024-01-01,FAC0151,2,6,54,12,2,3,13
2024-10-23,FAC0035,3,1,11,11,0,4,7
2024-07-16,FAC0209,1,1,8,17,1,7,20
2023-12-05,FAC0033,8,4,33,29,0,3,13
2024-03-31,FAC0140,2,3,18,14,1,9,15
2023-09-07,FAC0172,4,3,24,19,0,5,9
2024-08-07,FAC0124,13,10,206,54,7,2,20
2024-03-03,FAC0018,1,0,5,6,1,8,19
2024-06-20,FAC0145,3,1,13,21,0,7,9
2023-11-23,FAC0149,1,0,5,7,0,6,20
2023-12-17,FAC0251,1,2,15,9,0,6,7
2023-07-13,FAC0260,0,5,15,29,0,3,16
2024-06-06,FAC0027,52,39,320,34,1,4,10
2023-10-03,FAC0012,1,1,7,3,1,3,23
2024-06-15,FAC0229,0,0,13,10,1,7,12
2024-12-08,FAC0297,0,2,18,3,1,4,7
2024-01-07,FAC0247,1,1,8,4,0,3,10
2023-09-25,FAC0234,1,1,9,2,1,1,8
2023-04-24,FAC0081,3,1,20,18,1,4,9
2024-08-15,FAC0300,0,0,21,3,1,3,16
2023-06-21,FAC0262,0,0,15,7,0,7,8
2024-09-13,FAC0043,3,2,16,33,1,5,15
2023-05-07,FAC0156,9,0,74,26,4,9,5
2024-12-06,FAC0047,0,1,5,1,1,3,13
2023-04-02,FAC0124,34,27,149,111,1,2,21
2023-08-06,FAC0209,0,2,13,12,0,3,13
2024-03-22,FAC0049,12,6,29,60,1,6,12
2023-04-18,FAC0156,15,6,60,40,0,9,8
2024-04-02,FAC0129,0,4,29,11,0,3,14
2023-11-19,FAC0115,3,7,51,8,0,6,17
2023-12-07,FAC0204,1,0,2,4,0,8,23
2023-07-03,FAC0165,12,20,179,113,0,1,13
2024-06-01,FAC0038,8,1,43,21,0,9,9
2024-04-21,FAC0049,5,2,35,54,2,9,6
2024-06-28,FAC0042,3,0,12,10,1,2,12
2023-04-11,FAC0059,1,0,28,8,2,3,9
2024-10-06,FAC0060,16,7,66,62,1,5,11
2023-10-09,FAC0094,1,2,29,28,4,2,7
2023-01-07,FAC0085,1,1,4,4,1,5,9
2024-07-19,FAC0167,3,5,21,43,0,2,8
2024-04-01,FAC0245,0,5,17,27,1,2,19
2024-04-18,FAC0299,4,3,20,9,0,6,11
2023-01-20,FAC0156,15,1,32,68,2,8,4
2024-04-20,FAC0091,2,0,26,12,2,6,15
2024-05-12,FAC0147,3,2,18,23,2,3,13
2023-12-12,FAC0173,0,0,6,16,1,3,14
2024-11-17,FAC0299,3,2,19,10,1,8,10
2024-01-09,FAC0114,4,2,33,3,3,4,13
2024-01-05,FAC0237,0,0,20,9,0,5,8
2024-03-14,FAC0105,4,3,26,4,1,5,17
2024-11-15,FAC0178,0,0,13,6,1,2,5
2023-06-12,FAC0107,10,5,22,54,4,5,16
2023-09-02,FAC0201,0,1,27,38,1,4,8
2024-11-23,FAC0060,1,4,48,80,0,6,11
2024-03-17,FAC0113,1,0,5,8,2,9,14
2023-02-08,FAC0198,1,1,14,4,0,5,12
2023-02-17,FAC0252,9,5,50,46,2,6,17
2024-01-08,FAC0111,1,1,13,23,0,2,15
2023-01-15,FAC0205,11,1,45,37,4,4,15
2023-05-05,FAC0206,3,2,20,5,1,5,10
2024-05-04,FAC0223,3,1,14,18,0,6,11
2024-07-21,FAC0129,6,4,33,7,0,5,17
2023-01-10,FAC0172,0,3,17,26,2,4,10
2024-09-26,FAC0022,0,1,6,12,1,2,10
2024-07-17,FAC0209,0,2,21,4,0,6,19
2024-01-11,FAC0230,3,1,12,23,0,4,11
2024-02-06,FAC0253,3,4,27,9,1,2,13
2023-12-12,FAC0137,2,0,7,14,0,5,11
2023-02-23,FAC0136,4,0,30,5,0,3,15
2024-02-04,FAC0178,0,2,17,2,0,4,6
2024-10-08,FAC0186,0,0,5,11,0,4,14
2024-01-22,FAC0157,4,1,24,6,1,6,8
2023-05-22,FAC0160,3,4,24,12,0,4,9
2024-09-15,FAC0267,2,7,34,46,1,3,9
2023-06-05,FAC0140,2,3,16,16,1,6,10
2024-07-05,FAC0239,0,1,2,3,1,5,4
2024-10-25,FAC0118,1,0,28,10,0,4,12
2023-11-01,FAC0075,0,1,11,1,1,7,12
2024-09-14,FAC0244,0,1,6,5,1,8,16
2024-05-10,FAC0102,0,0,4,9,0,4,16
2023-05-22,FAC0295,1,1,5,9,1,8,15
2023-03-30,FAC0102,1,1,10,3,0,2,23
2023-11-06,FAC0036,1,0,13,3,1,3,8
2023-07-27,FAC0006,13,17,108,136,9,7,9
2023-06-15,FAC0150,2,2,26,4,0,1,15
2024-05-28,FAC0250,3,0,16,5,2,4,12
2024-10-22,FAC0099,2,1,34,25,0,3,8
2024-04-03,FAC0107,3,9,35,41,3,6,16
2023-12-08,FAC0241,2,0,6,9,1,5,16
2024-08-11,FAC0181,4,4,15,32,0,3,15
2024-12-31,FAC0195,0,0,6,8,1,4,9
2024-07-31,FAC0146,1,0,3,6,0,3,15
2024-02-05,FAC0241,0,0,5,10,1,4,20
2024-02-12,FAC0084,3,2,15,16,2,5,6
2024-09-13,FAC0169,8,8,30,57,1,3,14
2023-03-07,FAC0087,0,0,7,10,0,6,17
2023-10-23,FAC0087,2,1,14,3,1,4,17
2023-08-07,FAC0257,1,2,8,15,1,2,18
2023-03-31,FAC0066,46,2,143,219,2,8,9
2023-01-06,FAC0002,1,3,19,23,0,2,7
2024-08-19,FAC0102,1,0,8,5,1,4,22
2023-01-27,FAC0201,8,7,44,21,0,4,13
2024-04-20,FAC0233,0,0,4,4,1,11,15
2023-11-27,FAC0070,20,11,171,17,5,2,21
2024-02-14,FAC0012,1,1,6,4,1,7,23
2023-06-23,FAC0208,4,3,14,25,0,3,11
2024-08-11,FAC0057,0,0,4,7,2,9,11
2023-06-26,FAC0254,2,1,7,9,0,6,11
2023-05-11,FAC0146,1,1,3,6,0,3,14
2023-01-10,FAC0163,4,0,17,12,0,7,15
2024-05-29,FAC0270,0,5,27,22,1,3,19
2024-10-12,FAC0199,1,1,25,6,2,2,22
2023-08-15,FAC0170,13,28,214,22,3,9,12
2023-05-21,FAC0243,3,17,167,126,0,5,15
2023-11-18,FAC0020,2,1,15,5,1,2,11
2024-02-24,FAC0012,1,0,8,2,1,5,13
2023-10-28,FAC0067,3,2,25,2,0,4,20
2024-08-11,FAC0274,13,6,82,10,1,7,18
2023-04-15,FAC0208,0,1,25,14,0,2,20
2023-08-31,FAC0215,3,2,16,24,1,6,15
2024-08-01,FAC0210,6,4,30,20,0,2,13
2023-05-30,FAC0026,1,0,5,8,2,6,12
2023-02-04,FAC0147,4,2,22,19,3,5,7
2023-05-19,FAC0265,3,0,22,7,1,5,9
2023-03-12,FAC0007,3,1,36,12,0,5,9
2023-12-23,FAC0074,1,0,3,5,0,3,12
2024-10-29,FAC0214,0,0,9,10,0,5,11
2024-03-26,FAC0184,3,1,31,5,2,6,17
2023-07-26,FAC0182,1,1,16,9,0,3,10
2023-10-15,FAC0010,0,1,11,2,0,2,13
2023-05-07,FAC0297,1,2,17,4,0,5,5
2024-02-17,FAC0225,2,1,14,16,1,7,9
2023-12-12,FAC0226,1,5,29,16,1,3,12
2024-01-19,FAC0044,1,0,11,25,0,4,14
2024-07-06,FAC0145,5,1,20,14,2,9,10
2024-10-22,FAC0267,0,9,24,56,1,7,11
2023-06-29,FAC0240,0,1,7,9,1,8,12
2024-08-16,FAC0232,3,2,81,19,1,2,10
2023-03-31,FAC0137,2,0,9,12,1,3,6
2024-07-06,FAC0287,0,4,27,9,3,1,9
2023-12-03,FAC0251,3,1,17,7,0,8,8
2023-09-27,FAC0095,2,0,30,10,1,5,13
2023-02-03,FAC0285,19,11,195,175,2,4,18
2024-11-19,FAC0162,8,6,44,16,1,8,11
2024-04-20,FAC0145,2,4,22,12,1,9,5
2023-03-30,FAC0011,0,1,11,8,0,3,10
2024-07-02,FAC0148,1,1,9,2,0,6,8
2024-01-08,FAC0002,0,3,21,21,1,3,7
2024-11-02,FAC0012,0,0,6,4,1,7,19
2024-09-18,FAC0019,4,3,19,12,0,8,12
2023-09-22,FAC0007,7,4,16,32,0,10,8
2024-02-24,FAC0137,1,1,12,9,1,4,8
2024-09-25,FAC0289,5,2,18,28,0,4,10
2023-09-03,FAC0096,0,3,14,20,1,3,10
2023-10-27,FAC0232,1,6,36,64,0,1,9
2023-03-16,FAC0217,2,4,59,36,1,7,15
2023-06-05,FAC0200,2,2,20,9,2,6,15
2023-03-12,FAC0100,1,25,240,36,1,6,23
2023-10-07,FAC0203,13,2,55,43,1,11,21
2024-09-21,FAC0250,2,2,14,7,2,5,7
2023-03-11,FAC0240,1,1,6,10,1,6,16
2023-05-26,FAC0155,3,3,58,5,2,6,9
2023-08-09,FAC0115,8,6,42,17,0,4,16
2024-08-05,FAC0071,1,1,6,5,1,5,10
2024-05-14,FAC0052,1,0,11,4,1,12,16
2023-08-17,FAC0235,0,2,15,16,1,5,6
2024-04-29,FAC0175,2,3,23,15,3,2,13
2023-01-23,FAC0115,0,3,38,21,1,6,11
2023-10-31,FAC0108,4,3,15,19,1,3,10
2023-08-26,FAC0005,1,1,7,9,0,7,8
2023-07-11,FAC0268,6,4,30,13,2,1,12
2024-03-14,FAC0057,1,1,3,8,2,9,18
2024-06-30,FAC0111,4,2,19,17,0,3,10
2023-04-21,FAC0062,3,1,15,7,1,2,10
2024-05-24,FAC0120,16,3,47,67,1,3,6
2023-09-13,FAC0298,1,0,10,9,1,2,15
2023-09-24,FAC0281,38,16,209,265,5,5,13
2024-12-27,FAC0253,3,0,21,15,0,3,13
2023-08-22,FAC0089,5,6,44,17,2,5,8
2024-01-01,FAC0070,8,22,81,107,4,1,22
2023-08-19,FAC0179,6,4,25,18,0,7,12
2023-07-14,FAC0300,0,2,8,16,1,3,14
2024-06-22,FAC0150,1,2,13,17,1,3,15
2023-12-25,FAC0135,0,3,14,16,1,5,16
2024-07-15,FAC0292,2,0,17,6,0,3,13
2023-06-12,FAC0155,9,4,40,23,0,3,8
2024-12-02,FAC0269,0,0,7,17,0,5,13
2024-05-13,FAC0109,3,1,18,6,0,4,5
2024-11-05,FAC0200,4,3,22,7,2,7,18
2024-08-16,FAC0066,3,34,309,53,2,8,13
2023-02-20,FAC0082,0,1,10,13,0,3,14
2024-12-11,FAC0076,2,4,14,23,0,7,14
2024-12-03,FAC0286,2,0,17,1,1,2,12
2024-10-12,FAC0022,1,0,12,6,0,3,12
2024-01-10,FAC0198,0,2,7,11,0,6,8
2024-06-02,FAC0284,8,23,123,92,5,3,11
2024-11-24,FAC0084,3,0,28,3,2,2,6
2023-04-17,FAC0183,2,0,16,12,1,2,8
2024-02-11,FAC0204,1,1,2,4,0,7,15
2023-08-03,FAC0154,4,2,39,11,0,2,11
2024-08-31,FAC0003,3,2,6,14,1,5,8
2023-07-29,FAC0133,1,6,19,40,0,3,9
2023-07-12,FAC0041,1,0,4,4,0,5,8
2023-04-23,FAC0195,1,1,7,7,1,5,9
2023-01-21,FAC0235,2,3,17,14,1,7,9
2023-02-28,FAC0044,4,4,23,13,2,5,17
2024-07-06,FAC0063,3,3,24,8,1,5,9
2023-12-13,FAC0174,2,14,74,78,4,1,7
2023-07-08,FAC0190,10,6,29,52,2,5,13
2023-09-26,FAC0197,3,2,28,10,0,9,7
2023-07-01,FAC0134,3,2,21,2,1,1,8
2023-04-13,FAC0163,2,1,19,10,0,4,14
2024-09-02,FAC0036,2,1,11,5,0,4,5
2023-09-09,FAC0099,3,5,24,35,3,4,4
2024-09-17,FAC0242,1,1,5,10,1,5,17
2023-05-16,FAC0265,4,1,16,13,1,6,9
2023-06-03,FAC0246,6,3,49,10,1,4,11
2023-02-19,FAC0031,46,6,360,31,4,3,9
2024-02-15,FAC0052,1,0,14,1,0,8,24
2024-01-16,FAC0187,3,39,152,193,4,9,7
2023-05-30,FAC0132,2,1,20,9,0,6,5
2024-07-30,FAC0041,1,1,6,2,1,3,9
2024-07-19,FAC0257,0,1,7,16,0,4,15
2023-05-04,FAC0076,4,0,29,8,1,10,8
2023-05-16,FAC0195,0,1,4,10,1,3,8
2023-07-23,FAC0151,4,7,31,35,0,1,8
2023-05-10,FAC0004,2,2,16,8,0,4,23
2023-05-22,FAC0053,2,1,4,11,0,3,16
2023-09-07,FAC0245,0,3,37,7,2,1,21
2024-08-25,FAC0240,1,0,8,8,0,7,8
2024-04-19,FAC0094,2,5,43,14,1,2,8
2024-04-09,FAC0092,40,20,140,202,2,7,6
2024-11-13,FAC0230,3,0,27,8,1,4,18
2024-10-05,FAC0254,2,0,8,8,2,6,9
2024-05-23,FAC0101,5,0,30,13,3,3,8
2024-01-04,FAC0235,1,1,20,11,2,5,9
2023-07-13,FAC0177,2,0,18,20,0,2,12
2023-06-24,FAC0009,4,1,11,19,2,3,20
2024-09-18,FAC0066,40,27,155,207,0,4,15
2023-03-02,FAC0113,0,0,10,3,2,5,16
2024-03-20,FAC0044,1,3,14,22,2,7,19
2023-04-01,FAC0177,0,3,16,22,3,2,7
2023-09-28,FAC0082,3,2,21,2,1,6,15
2024-11-16,FAC0236,4,0,19,9,0,2,16
2024-05-30,FAC0045,0,2,24,13,2,6,13
2024-03-17,FAC0269,3,1,9,15,1,6,8
2024-08-30,FAC0053,1,0,9,6,0,4,10
2023-08-10,FAC0256,2,1,10,18,0,7,14
2023-07-27,FAC0128,2,5,26,31,1,8,12
2023-11-18,FAC0262,2,2,16,6,1,3,14
2024-12-15,FAC0094,3,5,23,34,7,4,9
2024-03-21,FAC0013,1,0,10,11,1,5,16
2024-07-13,FAC0223,2,1,22,10,0,7,10
2023-10-15,FAC0024,0,1,9,4,2,5,21
2024-08-10,FAC0041,1,1,4,4,1,5,8
2024-04-08,FAC0218,0,0,5,6,2,9,13
2024-07-04,FAC0021,1,2,6,13,0,3,17
2023-05-30,FAC0247,1,1,4,8,0,3,7
2023-01-26,FAC0147,1,1,28,13,3,6,10
2024-10-04,FAC0098,2,4,33,3,0,9,7
2023-06-29,FAC0266,4,3,67,29,0,4,10
2024-03-20,FAC0201,7,7,33,32,0,3,11
2024-01-17,FAC0162,8,7,49,11,1,5,8
2024-12-29,FAC0028,2,4,40,6,0,6,16
2023-11-01,FAC0278,22,6,86,71,6,7,10
2023-11-14,FAC0069,0,1,12,2,0,4,6
2023-05-04,FAC0011,2,0,11,8,1,4,8
2023-03-26,FAC0224,1,1,4,8,1,5,13
2024-03-18,FAC0010,0,0,5,8,1,4,7
2024-01-13,FAC0164,0,1,7,7,1,5,14
2023-08-14,FAC0293,1,2,14,10,0,9,23
2023-08-18,FAC0103,4,6,30,29,0,4,10
2024-05-10,FAC0145,3,1,22,12,1,11,6
2023-04-18,FAC0095,5,2,17,23,3,5,10
2023-09-08,FAC0110,2,4,36,5,1,5,22
2023-08-11,FAC0240,1,0,6,10,1,5,8
2024-09-08,FAC0046,1,0,12,3,2,4,9
2023-10-28,FAC0036,0,1,12,4,1,5,8
2024-03-03,FAC0142,35,18,256,103,7,1,14
2024-03-12,FAC0042,3,2,18,4,1,4,15
2023-09-10,FAC0066,31,39,245,117,4,5,9
2023-09-19,FAC0067,2,3,10,17,1,6,17
2024-04-24,FAC0291,0,1,34,4,0,6,11
2024-12-21,FAC0121,5,4,36,9,0,3,8
2024-01-18,FAC0092,15,4,115,227,3,4,11
2023-02-19,FAC0300,2,1,16,8,1,2,12
2024-04-06,FAC0209,3,3,8,17,1,7,15
2023-07-14,FAC0126,0,4,32,5,1,5,15
2023-05-18,FAC0189,1,0,6,8,0,4,15
2024-06-10,FAC0188,5,25,209,99,1,1,18
2023-07-04,FAC0084,1,1,18,13,1,2,4
2024-07-07,FAC0031,4,36,369,22,1,1,7
2024-12-16,FAC0187,7,29,263,82,3,6,8
2023-12-15,FAC0041,0,0,4,4,0,3,9
2023-02-20,FAC0018,0,1,3,8,1,6,12
2024-11-20,FAC0219,1,1,5,9,1,4,15
2023-01-21,FAC0272,2,2,12,10,0,4,17
2024-12-24,FAC0148,1,0,3,8,1,6,13
2023-01-01,FAC0052,1,0,6,9,0,11,21
2023-09-16,FAC0092,41,19,169,173,5,4,6
2023-10-08,FAC0230,5,3,16,19,0,5,16
2024-11-17,FAC0090,2,2,14,16,0,6,8
2023-05-29,FAC0191,1,3,40,9,1,3,6
2024-11-06,FAC0121,0,1,26,19,1,2,7
2024-10-20,FAC0196,0,2,21,8,0,8,14
2024-12-31,FAC0032,1,1,7,6,0,11,6
2024-11-07,FAC0035,0,1,13,9,0,5,14
2023-07-09,FAC0147,1,4,30,11,2,7,12
2023-06-01,FAC0072,8,3,61,7,0,10,17
2024-05-25,FAC0299,3,0,22,7,1,5,8
2023-10-25,FAC0167,4,0,23,41,0,1,10
2024-10-25,FAC0292,3,1,17,6,1,5,7
2023-09-17,FAC0275,1,0,14,15,0,10,11
2024-05-24,FAC0285,26,2,119,251,1,5,19
2024-05-24,FAC0290,0,2,17,12,0,12,8
2024-11-20,FAC0255,3,2,14,23,0,4,10
2024-03-08,FAC0176,0,3,22,3,0,10,11
2024-12-04,FAC0270,1,3,42,7,1,3,11
2023-02-21,FAC0010,1,1,12,1,0,5,8
2023-03-11,FAC0258,1,0,40,16,3,6,17
2024-06-03,FAC0249,2,1,11,19,0,3,17
2024-07-03,FAC0232,4,7,49,51,3,2,8
2023-04-27,FAC0152,36,33,204,71,1,6,15
2023-11-11,FAC0283,0,3,19,20,0,4,11
2023-10-11,FAC0296,59,0,264,135,3,7,16
2023-08-07,FAC0080,2,0,5,9,0,8,11
2023-03-02,FAC0215,2,3,37,3,0,4,18
2024-02-21,FAC0019,3,0,25,6,0,6,15
2024-04-06,FAC0020,1,2,6,14,0,4,5
2024-03-17,FAC0195,2,1,6,8,1,5,9
2023-09-11,FAC0023,13,7,93,6,1,4,5
2023-06-04,FAC0180,25,9,137,41,1,4,11
2023-04-06,FAC0212,6,2,45,10,6,7,10
2024-02-06,FAC0294,3,3,19,9,1,5,8
2024-07-20,FAC0252,10,1,46,50,2,5,11
2023-12-21,FAC0107,5,4,31,45,2,4,19
2024-11-26,FAC0139,7,1,65,6,3,4,20
2023-09-22,FAC0088,3,4,23,16,0,6,10
2024-09-03,FAC0188,27,35,207,101,2,1,20
2023-04-18,FAC0088,1,1,31,8,0,9,8
2023-01-13,FAC0241,2,0,8,7,0,6,15
2023-10-11,FAC0203,4,2,76,22,2,8,18
2023-01-24,FAC0150,2,1,9,21,1,1,17
2024-05-05,FAC0196,3,1,22,7,1,7,17
2023-07-05,FAC0210,1,2,19,31,1,5,6
2024-01-06,FAC0145,0,3,31,3,1,9,5
2024-10-17,FAC0186,2,0,8,8,2,7,8
2023-06-14,FAC0014,4,0,18,26,0,4,14
2023-08-17,FAC0285,38,36,215,155,0,5,22
2023-08-26,FAC0185,2,19,168,86,5,9,14
2024-04-16,FAC0298,0,0,9,10,0,1,14
2023-06-20,FAC0010,1,1,6,7,1,5,7
2023-05-26,FAC0185,8,13,188,66,4,10,17
2023-10-04,FAC0189,1,0,9,5,1,4,12
2024-04-22,FAC0113,0,0,4,9,0,7,9
2023-09-26,FAC0020,0,1,13,7,0,5,9
2024-11-18,FAC0295,1,0,5,9,1,8,10
2023-03-24,FAC0073,0,0,2,6,1,4,18
2024-04-29,FAC0089,9,6,53,8,0,6,15
2024-05-05,FAC0159,4,2,32,9,0,5,16
2024-02-10,FAC0224,0,0,8,4,0,8,17
2024-08-04,FAC0046,2,0,7,8,0,3,6
2023-08-04,FAC0260,5,2,22,22,1,3,16
2023-05-19,FAC0101,0,4,36,7,4,3,7
2024-09-11,FAC0129,3,1,16,24,2,5,11
2024-12-29,FAC0160,0,4,22,14,1,3,6
2023-02-28,FAC0199,3,1,18,13,2,1,25
2023-04-07,FAC0214,2,1,11,8,0,6,8
2024-10-19,FAC0211,0,1,4,8,0,8,17
2023-11-26,FAC0286,0,2,12,6,2,2,6
2024-01-29,FAC0237,0,3,19,10,0,3,7
2024-04-01,FAC0012,0,1,4,6,1,5,16
2024-02-28,FAC0192,42,25,198,112,2,8,14
2024-01-20,FAC0194,4,2,35,12,1,4,17
2024-05-22,FAC0132,2,0,19,10,0,6,7
2023-03-12,FAC0100,28,11,178,98,1,4,18
2023-06-22,FAC0042,3,2,20,2,0,3,8
2024-06-29,FAC0113,1,0,9,4,1,6,15
2023-05-30,FAC0164,2,0,13,1,1,3,16
2023-12-16,FAC0026,1,0,7,6,2,4,14
2024-10-04,FAC0096,1,4,22,12,0,4,10
2023-11-07,FAC0144,0,2,16,12,2,6,12
2023-05-19,FAC0142,8,11,324,35,6,3,15
2023-03-18,FAC0221,2,1,156,164,4,5,7
2024-03-31,FAC0079,1,1,12,5,0,7,14
2023-06-10,FAC0029,0,1,16,3,0,2,12
2024-01-28,FAC0016,2,2,6,12,2,3,18
2024-07-24,FAC0289,2,2,19,27,1,4,11
2024-04-15,FAC0054,39,46,222,266,7,3,19
2023-07-22,FAC0078,1,1,20,8,0,4,11
2023-11-09,FAC0154,4,2,35,15,1,5,9
2023-01-11,FAC0005,2,1,9,7,0,8,13
2023-01-19,FAC0217,0,10,32,63,1,6,10
2024-08-14,FAC0046,1,0,6,9,0,4,10
2024-03-16,FAC0053,0,0,7,8,1,4,18
2024-11-14,FAC0293,0,2,22,2,1,7,20
2023-04-12,FAC0236,3,2,12,16,1,3,15
2023-03-12,FAC0205,11,3,58,24,3,7,11
2024-07-29,FAC0094,1,0,42,15,1,2,10
2024-10-01,FAC0200,1,3,25,4,1,5,21
2024-04-21,FAC0059,0,0,25,11,1,6,10
2024-09-03,FAC0287,2,2,21,15,3,1,11
2023-07-31,FAC0179,2,0,21,22,0,6,7
2023-10-30,FAC0169,13,4,70,17,1,4,14
2024-11-26,FAC0127,0,1,42,11,1,5,8
2024-10-08,FAC0008,2,0,11,13,0,2,10
2023-05-01,FAC0220,26,4,142,103,5,1,10
2024-03-04,FAC0151,6,2,54,12,4,1,12
2023-07-04,FAC0197,1,0,21,17,2,4,8
2023-06-17,FAC0173,0,0,9,13,0,3,9
2023-02-20,FAC0265,0,0,24,5,1,5,10
2024-07-05,FAC0296,55,24,298,101,8,7,18
2023-04-27,FAC0141,7,0,20,29,0,8,12
2023-07-12,FAC0241,2,1,13,2,1,3,18
2023-11-02,FAC0049,5,2,72,17,2,5,6
2024-08-29,FAC0117,2,2,9,9,2,3,13
2024-10-09,FAC0095,6,1,17,23,1,5,11
2024-10-15,FAC0041,0,0,5,3,1,5,10
2024-06-19,FAC0282,5,2,24,11,1,2,19
2023-04-01,FAC0102,1,0,8,5,1,4,19
2024-02-12,FAC0159,1,0,12,29,1,5,12
2023-09-27,FAC0127,4,3,23,30,1,5,6
2024-03-13,FAC0004,2,1,20,4,1,5,21
2024-01-04,FAC0172,5,4,15,28,0,3,13
2024-02-02,FAC0060,6,0,115,13,4,7,14
2024-10-22,FAC0201,3,5,52,13,1,2,10
2023-08-15,FAC0271,1,2,16,5,0,5,15
2023-05-28,FAC0040,1,1,4,12,0,6,12
2024-09-05,FAC0091,0,2,15,23,0,4,8
2024-02-07,FAC0114,4,1,22,14,3,5,9
2023-09-24,FAC0157,0,0,16,14,1,4,9
2024-12-24,FAC0200,2,2,8,21,2,5,20
2024-08-06,FAC0261,3,3,21,14,0,4,9
2023-11-27,FAC0219,1,1,11,3,1,4,21
2024-08-18,FAC0175,3,4,28,10,1,4,12
2024-03-20,FAC0096,3,4,11,23,0,6,8
2023-11-25,FAC0236,4,1,26,2,1,3,11
2023-03-10,FAC0117,0,0,14,4,0,6,20
2024-12-04,FAC0179,0,3,21,22,2,5,9
2024-05-23,FAC0074,1,0,7,1,1,4,9
2024-09-22,FAC0093,27,28,158,145,0,6,17
2024-12-29,FAC0294,2,0,16,12,1,7,15
2024-05-22,FAC0148,0,0,5,6,1,7,13
2023-09-26,FAC0113,1,0,6,7,0,8,15
2023-01-29,FAC0213,0,0,10,17,0,5,11
2024-02-27,FAC0168,8,12,40,62,1,3,13
2024-01-08,FAC0196,2,1,13,16,1,7,16
2023-09-14,FAC0067,0,3,10,17,2,6,17
2023-01-19,FAC0083,1,0,8,13,1,8,11
2024-11-26,FAC0171,0,0,14,2,1,2,8
2024-10-16,FAC0210,2,1,39,11,1,4,7
2023-04-22,FAC0048,4,1,31,10,1,5,13
2023-02-07,FAC0171,2,0,10,6,1,5,8
2024-07-12,FAC0057,0,1,10,1,1,5,16
2023-03-21,FAC0009,1,2,18,12,2,2,17
2023-06-09,FAC0088,5,2,26,13,1,7,8
2023-01-24,FAC0186,1,0,14,2,1,8,14
2024-05-19,FAC0237,0,0,9,20,1,3,11
2024-01-21,FAC0216,1,0,7,4,1,7,10
2024-10-04,FAC0255,0,1,16,21,0,4,15
2024-10-09,FAC0282,4,2,12,23,2,1,12
2023-10-21,FAC0110,3,3,22,19,1,6,16
2024-06-27,FAC0211,1,1,4,8,0,4,20
2023-10-31,FAC0092,23,11,233,109,2,5,6
2024-06-22,FAC0127,1,4,35,18,1,9,9
2024-11-25,FAC0010,1,0,11,2,0,5,8
2023-02-04,FAC0051,28,52,296,184,5,6,8
2023-09-14,FAC0071,0,0,9,2,1,4,15
2024-05-12,FAC0038,2,0,35,29,1,4,8
2024-06-13,FAC0299,4,0,19,10,1,5,16
2024-12-24,FAC0056,0,3,21,7,1,7,12
2024-09-07,FAC0082,0,1,17,6,1,3,9
2024-05-18,FAC0058,2,1,6,9,0,2,5
2024-08-11,FAC0082,3,2,11,12,1,3,11
2023-09-30,FAC0060,10,13,113,15,3,5,14
2023-07-12,FAC0182,0,1,12,13,0,4,15
2024-05-18,FAC0147,6,0,14,27,0,5,7
2024-12-14,FAC0243,32,20,214,79,0,5,11
2023-06-30,FAC0257,2,2,14,9,1,3,16
2023-11-24,FAC0240,2,1,10,6,1,8,8
2023-01-08,FAC0048,0,0,29,12,1,4,18
2024-10-05,FAC0112,3,0,20,3,1,2,18
2023-05-25,FAC0047,1,1,4,2,1,3,16
2024-01-01,FAC0002,4,3,35,7,0,4,7
2023-04-05,FAC0057,1,0,8,3,1,4,17
2024-04-22,FAC0018,0,1,5,6,1,5,11
2023-08-06,FAC0165,22,9,215,77,2,1,13
2023-07-16,FAC0299,0,2,8,21,1,7,9
2023-08-02,FAC0227,20,47,162,290,6,8,10
2023-12-06,FAC0069,2,0,11,3,0,4,9
2023-11-12,FAC0274,1,11,33,59,1,6,21
2023-07-11,FAC0135,2,3,13,17,1,9,17
2024-07-26,FAC0206,1,2,13,12,1,5,15
2023-02-12,FAC0079,1,1,12,5,1,10,17
2023-03-19,FAC0006,24,1,221,23,4,8,8
2024-10-06,FAC0055,47,12,404,28,2,9,11
2023-06-10,FAC0147,0,1,35,6,2,5,10
2023-11-22,FAC0039,2,2,13,17,0,2,13
2023-07-08,FAC0158,63,45,212,235,0,2,6
2023-02-17,FAC0280,38,16,209,225,1,2,10
2023-04-16,FAC0167,4,5,32,32,1,1,9
2023-12-04,FAC0293,2,1,12,12,1,9,21
2024-06-05,FAC0285,11,42,159,211,2,5,11
2024-09-08,FAC0277,0,0,4,10,0,6,19
2023-05-18,FAC0033,6,3,20,42,1,2,13
2023-04-15,FAC0025,2,1,21,5,1,3,15
2023-09-06,FAC0033,3,0,51,11,0,4,14
2024-07-07,FAC0269,2,0,15,9,0,8,14
2023-06-07,FAC0244,1,1,5,6,1,8,13
2023-07-23,FAC0248,2,0,52,15,1,12,4
2024-11-23,FAC0213,1,0,24,3,1,4,12
2024-07-06,FAC0182,1,3,10,15,1,4,13
2024-09-27,FAC0144,2,0,16,12,2,7,13
2024-12-15,FAC0110,2,0,22,19,1,5,19
2023-03-12,FAC0115,1,0,41,18,0,6,8
2023-09-19,FAC0156,14,8,50,50,0,7,5
2023-08-06,FAC0169,2,7,67,20,0,3,16
2023-06-16,FAC0062,1,0,9,13,0,5,8
2024-11-10,FAC0253,0,4,25,11,2,1,13
2023-04-02,FAC0188,7,31,118,190,5,1,14
2023-03-04,FAC0290,2,2,17,12,0,12,14
2023-04-15,FAC0044,4,2,15,21,0,6,15
2023-09-07,FAC0191,4,1,36,13,1,4,6
2024-04-26,FAC0025,0,0,17,9,0,2,24
2024-04-14,FAC0294,0,2,15,13,1,8,9
2023-01-12,FAC0020,2,2,12,8,0,4,8
2023-11-06,FAC0100,0,3,95,181,5,5,24
2023-09-18,FAC0089,4,6,33,28,1,6,15
2023-07-29,FAC0245,4,2,30,14,1,2,25
2024-10-30,FAC0144,4,0,25,3,2,5,17
2023-01-08,FAC0228,1,1,12,12,1,5,16
2024-12-02,FAC0054,65,2,376,112,2,4,14
2024-04-09,FAC0094,2,5,51,6,3,3,8
2023-06-24,FAC0264,9,8,60,13,2,3,9
2023-10-01,FAC0285,4,42,328,42,0,5,22
2024-10-23,FAC0116,14,3,134,44,0,11,8
2023-01-16,FAC0142,39,3,308,51,6,1,13
2023-06-28,FAC0040,2,0,10,6,0,6,11
2023-02-09,FAC0102,0,1,7,6,1,3,18
2023-01-02,FAC0193,3,0,22,2,0,6,12
2023-12-22,FAC0250,1,0,14,7,1,6,7
2024-08-03,FAC0110,0,3,36,5,0,7,12
2024-01-18,FAC0260,3,2,17,27,0,2,12
2024-02-22,FAC0074,1,0,7,1,0,3,13
2024-11-09,FAC0027,10,3,152,202,0,4,10
2024-02-06,FAC0297,0,0,13,8,0,4,11
2024-01-06,FAC0053,0,0,6,9,1,4,18
2023-11-02,FAC0094,0,0,38,19,7,5,15
2023-09-16,FAC0028,1,5,40,6,0,8,16
2024-05-24,FAC0067,1,0,15,12,1,4,20
2023-10-03,FAC0065,7,6,68,17,1,3,10
2024-02-12,FAC0155,5,0,41,22,1,5,17
2023-09-01,FAC0247,0,1,4,8,1,2,12
2024-01-08,FAC0139,0,7,28,43,0,3,22
2024-03-26,FAC0028,2,3,37,9,2,9,14
2024-03-06,FAC0158,63,20,293,154,3,1,6
2023-07-25,FAC0210,7,4,36,14,2,5,7
2024-06-19,FAC0031,17,14,235,156,1,1,12
2023-12-13,FAC0073,0,0,6,2,1,2,18
2024-12-11,FAC0056,4,2,18,10,0,7,9
2023-08-15,FAC0285,39,5,220,150,2,5,13
2024-10-28,FAC0263,1,0,14,26,1,5,14
2023-10-16,FAC0265,2,2,22,7,1,7,10
2024-09-25,FAC0007,2,3,34,14,0,9,12
2023-02-27,FAC0201,9,2,24,41,0,5,11
2024-03-23,FAC0300,1,1,16,8,0,2,17
2023-04-15,FAC0081,4,3,29,9,1,5,9
2024-08-31,FAC0217,6,5,71,24,1,6,16
2023-03-12,FAC0031,32,16,307,84,6,1,8
2023-08-16,FAC0012,0,0,9,1,0,6,17
2024-05-04,FAC0122,2,1,12,3,0,3,11
2024-06-10,FAC0242,0,1,12,3,1,5,16
2024-06-07,FAC0025,3,3,24,2,1,2,24
2024-10-06,FAC0194,7,3,24,23,2,4,20
2024-11-21,FAC0254,1,1,13,3,2,6,7
2023-08-17,FAC0173,2,1,18,4,0,2,10
2023-02-10,FAC0086,31,22,181,134,2,1,7
2023-07-06,FAC0281,54,15,315,159,1,2,14
2024-07-15,FAC0067,0,0,17,10,0,6,18
2024-01-31,FAC0238,10,4,72,5,4,3,8
2023-05-19,FAC0161,1,0,3,8,0,4,16
2023-08-09,FAC0152,16,23,246,29,0,8,14
2024-07-27,FAC0094,6,3,53,4,7,2,14
2023-03-06,FAC0089,4,5,41,20,2,5,13
2023-07-28,FAC0224,0,1,11,1,0,8,15
2023-07-20,FAC0134,2,2,11,12,1,2,11
2024-04-24,FAC0241,0,0,4,11,0,6,22
2023-12-17,FAC0186,2,0,13,3,0,7,12
2024-08-23,FAC0008,1,0,11,13,2,2,11
2024-03-17,FAC0050,7,0,43,6,1,6,5
2023-01-02,FAC0267,9,9,35,45,0,4,6
2023-03-05,FAC0176,0,2,17,8,1,7,7
2023-09-20,FAC0264,6,0,58,15,0,4,15
2023-05-08,FAC0243,6,12,111,182,0,4,16
2024-12-24,FAC0190,6,2,45,36,0,10,9
2023-01-21,FAC0072,10,2,54,14,1,11,11
2023-05-23,FAC0261,2,3,12,23,4,2,18
2024-09-10,FAC0097,9,6,62,24,2,7,12
2024-12-16,FAC0032,0,1,8,5,1,9,10
2024-11-30,FAC0163,3,1,21,8,1,8,13
2024-05-14,FAC0298,1,2,9,10,1,1,14
2023-05-13,FAC0006,10,11,203,41,7,4,15
2023-08-24,FAC0273,1,3,19,12,2,3,5
2023-04-05,FAC0213,2,2,21,6,1,6,11
2023-06-15,FAC0229,2,1,17,6,1,5,15
2024-07-03,FAC0254,1,0,14,2,0,3,9
2024-05-28,FAC0072,1,8,38,30,0,14,18
2023-02-18,FAC0005,2,0,12,4,1,5,14
2024-04-10,FAC0015,6,7,131,41,1,6,6
2024-08-06,FAC0276,3,2,13,20,1,6,7
2023-12-30,FAC0221,40,23,187,133,0,2,10
2023-05-01,FAC0028,2,4,38,8,0,6,22
2024-11-15,FAC0048,4,4,13,28,1,6,20
2023-07-23,FAC0082,2,2,11,12,0,4,10
2023-02-18,FAC0060,3,5,109,19,4,8,16
2023-04-09,FAC0250,0,1,16,5,2,9,6
2024-11-10,FAC0137,2,1,19,2,0,4,6
2023-08-04,FAC0178,1,2,16,3,1,3,7
2024-08-02,FAC0138,0,0,6,3,0,4,10
2024-10-27,FAC0078,3,1,20,8,2,4,8
2023-03-05,FAC0204,0,0,2,4,1,8,19
2024-02-15,FAC0053,1,0,6,9,0,5,16
2024-10-04,FAC0005,2,1,14,2,0,7,9
2024-07-29,FAC0159,2,0,36,5,1,3,9
2024-08-17,FAC0158,22,38,381,66,3,1,4
2023-02-03,FAC0155,1,5,36,27,2,6,9
2024-09-24,FAC0091,2,1,16,22,2,6,14
2024-11-15,FAC0217,5,10,55,40,1,9,16
2024-02-22,FAC0062,3,2,6,16,1,2,10
2023-03-05,FAC0164,0,0,6,8,0,4,9
2024-10-03,FAC0219,1,0,7,7,1,3,11
2023-05-19,FAC0056,0,0,17,11,1,8,11
2023-02-21,FAC0287,0,3,17,19,3,2,13
2024-09-28,FAC0236,4,2,24,4,1,2,17
2024-12-12,FAC0075,0,1,8,4,1,9,18
2024-01-03,FAC0299,4,1,8,21,0,6,14
2023-10-05,FAC0032,0,0,5,8,0,12,12
2024-09-30,FAC0042,3,0,18,4,0,3,16
2023-10-18,FAC0208,4,3,16,23,1,3,10
2023-05-21,FAC0158,15,8,336,111,4,1,3
2023-08-17,FAC0053,2,1,9,6,0,2,16
2024-06-07,FAC0166,2,1,15,2,1,4,13
2024-09-16,FAC0012,0,1,5,5,1,4,15
2024-10-31,FAC0151,3,5,22,44,2,1,9
2024-12-20,FAC0183,0,0,22,6,2,1,9
2023-07-16,FAC0001,1,0,10,14,1,5,10
2024-10-04,FAC0132,4,0,10,19,1,5,8
2024-12-05,FAC0080,2,0,12,2,0,6,12
2024-05-04,FAC0201,2,7,55,10,0,5,9
2024-07-31,FAC0202,7,6,29,38,3,6,14
2023-10-16,FAC0168,13,9,46,56,3,5,12
2024-07-24,FAC0168,13,2,52,50,4,5,14
2023-01-24,FAC0001,1,1,14,10,1,5,10
2024-07-04,FAC0209,1,1,16,9,1,6,18
2023-06-02,FAC0253,1,2,31,5,1,1,14
2024-10-23,FAC0200,2,3,8,21,1,6,13
2024-04-04,FAC0284,25,23,180,35,0,1,11
2024-09-02,FAC0010,1,0,11,2,1,2,13
2024-10-10,FAC0129,4,0,35,5,2,3,20
2024-12-31,FAC0201,2,7,54,11,1,2,9
2024-05-01,FAC0145,2,1,22,12,2,6,6
2023-06-05,FAC0252,11,1,34,62,0,4,18
2023-05-21,FAC0058,2,1,11,4,0,3,6
2023-09-16,FAC0284,29,0,67,148,3,3,14
2024-03-21,FAC0138,1,1,8,1,1,5,13
2023-10-06,FAC0099,8,1,23,36,2,3,4
2023-01-09,FAC0151,8,3,30,36,2,1,11
2024-10-10,FAC0300,2,1,10,14,1,4,18
2023-05-19,FAC0262,1,1,10,12,1,6,7
2024-12-03,FAC0279,11,0,63,35,1,3,13
2023-09-03,FAC0123,4,3,14,27,1,3,5
2023-06-10,FAC0158,31,22,156,291,2,2,5
2023-05-26,FAC0081,4,2,15,23,1,5,10
2023-12-05,FAC0193,3,2,10,14,1,7,6
2023-01-10,FAC0125,2,0,10,13,2,6,12
2023-01-30,FAC0300,0,0,14,10,0,4,9
2024-06-09,FAC0133,0,2,42,17,1,4,10
2024-01-03,FAC0003,0,0,15,5,1,6,6
2024-01-11,FAC0096,1,2,22,12,0,4,8
2024-03-01,FAC0005,1,1,7,9,1,6,12
2024-12-01,FAC0152,38,9,151,124,6,9,11
2023-02-12,FAC0050,0,4,18,31,2,4,7
2023-07-20,FAC0167,1,6,37,27,0,3,10
2024-12-07,FAC0208,0,4,20,19,1,4,20
2024-12-16,FAC0293,0,0,19,5,0,8,28
2023-06-06,FAC0113,0,0,4,9,0,8,9
2024-06-14,FAC0246,4,1,21,38,0,4,13
2023-08-01,FAC0293,2,0,19,5,0,6,22
2023-11-05,FAC0223,0,2,29,3,0,7,12
2024-03-31,FAC0279,14,2,59,39,1,5,13
2023-12-20,FAC0042,2,1,19,3,1,2,9
2023-07-09,FAC0072,9,0,22,46,0,12,18
2024-01-22,FAC0234,1,0,9,2,0,1,4
2023-02-03,FAC0036,2,0,6,10,1,4,8
2023-08-31,FAC0111,1,1,16,20,1,4,13
2023-09-09,FAC0032,1,0,6,7,1,8,10
2024-06-26,FAC0041,0,1,4,4,1,3,14
2024-07-10,FAC0285,17,15,226,144,0,3,15
2023-03-25,FAC0014,5,3,16,28,0,2,19
2024-12-03,FAC0270,1,4,33,16,1,3,18
2024-12-26,FAC0136,2,2,23,12,1,5,11
2024-04-19,FAC0070,26,11,173,15,6,2,16
2024-05-10,FAC0011,2,2,13,6,0,6,6
2023-05-26,FAC0162,1,0,19,41,0,9,17
2024-03-20,FAC0276,4,0,31,2,0,5,15
2023-10-25,FAC0166,2,1,12,5,0,5,14
2024-02-09,FAC0253,1,3,32,4,1,3,12
2024-12-16,FAC0041,0,1,6,2,1,2,11
2024-08-15,FAC0027,8,36,118,236,4,6,6
2024-06-18,FAC0040,0,0,14,2,1,7,9
2023-10-15,FAC0272,1,0,11,11,1,4,13
2023-06-13,FAC0216,0,0,6,5,1,6,14
2023-03-14,FAC0268,3,0,13,30,2,1,11
2024-07-28,FAC0133,5,7,47,12,3,4,12
2024-10-31,FAC0252,5,6,79,17,1,5,11
2023-03-29,FAC0147,4,3,24,17,1,7,7
2023-12-04,FAC0243,23,12,213,80,0,4,20
2023-05-25,FAC0235,4,2,18,13,1,6,10
2024-02-17,FAC0138,0,0,4,5,0,4,18
2024-03-26,FAC0273,0,2,21,10,1,4,9
2024-04-28,FAC0039,2,0,14,16,0,4,16
2024-07-19,FAC0014,4,4,14,30,1,3,19
2024-09-21,FAC0168,4,6,82,20,5,4,20
2023-01-16,FAC0095,3,2,31,9,0,3,10
2024-11-13,FAC0293,0,2,21,3,1,6,21
2023-08-03,FAC0234,1,0,3,8,1,1,6
2023-06-26,FAC0202,7,7,33,34,0,7,10
2023-10-30,FAC0290,1,1,15,14,0,10,8
2023-08-06,FAC0066,39,24,201,161,6,8,10
2023-07-01,FAC0033,7,7,33,29,1,4,10
2023-12-20,FAC0103,4,4,45,14,1,3,5
2023-01-10,FAC0178,2,1,8,11,1,2,5
2024-05-14,FAC0197,3,2,25,13,1,6,9
2024-10-02,FAC0068,0,3,11,16,1,6,11
2024-06-19,FAC0048,2,3,23,18,1,9,17
2024-10-29,FAC0012,0,1,5,5,1,6,23
2023-04-26,FAC0198,0,0,16,2,1,5,12
2024-08-28,FAC0137,1,1,19,2,0,5,9
2023-01-25,FAC0231,1,1,7,4,1,1,15
2024-03-01,FAC0107,1,9,61,15,3,6,17
2023-10-26,FAC0091,0,0,18,20,2,4,16
2024-10-25,FAC0285,4,13,254,116,0,4,15
2023-10-04,FAC0260,1,1,29,15,0,5,15
2024-04-02,FAC0176,1,0,22,3,0,8,9
2023-07-17,FAC0157,1,2,18,12,0,5,10
2024-01-24,FAC0031,16,39,120,271,0,3,13
2023-05-09,FAC0080,1,1,4,10,0,8,15
2023-08-15,FAC0034,0,0,3,7,0,7,11
2024-02-16,FAC0143,14,7,29,65,2,6,17
2023-10-23,FAC0156,9,6,42,58,1,5,8
2024-09-19,FAC0025,3,0,11,15,0,2,19
2023-10-25,FAC0289,5,4,25,21,1,2,10
2024-11-24,FAC0250,3,0,7,14,1,6,7
2024-09-06,FAC0184,3,1,27,9,0,8,15
2023-10-20,FAC0235,0,1,13,18,0,7,10
2024-12-16,FAC0095,0,0,14,26,0,4,16
2024-10-14,FAC0230,3,2,19,16,0,4,18
2023-10-11,FAC0133,0,4,41,18,0,4,15
2024-12-18,FAC0244,1,1,4,7,1,6,18
2024-02-02,FAC0017,10,14,139,276,6,3,21
2024-11-15,FAC0214,2,0,6,13,0,4,6
2023-05-11,FAC0170,27,28,141,95,0,6,12
2024-04-03,FAC0090,4,2,22,8,1,5,8
2024-07-18,FAC0284,7,16,139,76,0,1,19
2023-03-28,FAC0029,0,2,10,9,1,5,20
2024-10-31,FAC0113,0,0,8,5,0,5,10
2024-09-02,FAC0145,3,3,17,17,2,5,11
2024-09-25,FAC0023,13,0,91,8,1,9,9
2023-03-19,FAC0023,6,7,58,41,1,9,6
2023-11-30,FAC0181,4,4,16,31,1,5,11
2024-02-23,FAC0210,7,3,42,8,2,4,10
2023-10-25,FAC0166,1,1,10,7,1,3,12
2023-04-19,FAC0047,0,0,2,4,0,5,9
2023-04-15,FAC0241,2,1,8,7,1,3,17
2023-11-02,FAC0171,0,1,12,4,1,3,9
2024-05-27,FAC0110,5,3,28,13,0,6,14
2023-09-08,FAC0096,5,1,16,18,0,4,8
2023-07-28,FAC0035,3,0,20,2,0,4,15
2024-03-21,FAC0239,1,1,1,4,0,5,5
2024-03-28,FAC0270,4,5,37,12,0,5,11
2024-06-15,FAC0038,9,4,45,19,1,8,14
2023-03-04,FAC0260,3,3,40,4,0,3,12
2024-07-18,FAC0036,1,1,8,8,1,5,10
2023-10-19,FAC0162,5,2,45,15,0,10,12
2024-04-20,FAC0184,3,1,11,25,1,8,15
2023-01-03,FAC0076,0,4,28,9,0,8,7
2023-05-28,FAC0080,1,0,4,10,0,7,8
2023-02-01,FAC0267,7,0,35,45,2,6,9
2023-04-19,FAC0299,1,2,21,8,0,6,11
2024-05-05,FAC0294,3,1,24,4,1,8,8
2023-09-10,FAC0225,0,0,11,19,2,4,13
2023-05-24,FAC0270,7,4,23,26,1,2,19
2024-11-18,FAC0109,0,0,14,10,1,4,9
2024-11-19,FAC0226,5,4,23,22,0,4,11
2023-10-29,FAC0150,4,0,18,12,1,2,13
2023-03-05,FAC0010,0,1,9,4,1,4,12
2024-02-14,FAC0272,1,1,7,15,1,7,13
2023-09-23,FAC0044,1,0,31,5,2,3,15
2023-02-24,FAC0215,6,3,29,11,1,4,10
2024-12-02,FAC0084,1,3,25,6,2,5,7
2024-06-11,FAC0155,2,4,55,8,1,5,8
2023-06-29,FAC0098,3,3,21,15,0,10,8
2024-12-31,FAC0292,2,2,21,2,1,7,11
2024-06-04,FAC0243,16,15,146,147,0,9,20
2024-05-23,FAC0247,1,0,4,8,1,3,13
2024-06-05,FAC0273,4,3,18,13,1,3,4
2023-07-25,FAC0087,2,1,10,7,0,7,17
2023-12-12,FAC0046,2,1,4,11,0,2,6
2024-04-07,FAC0039,3,3,22,8,1,4,19
2023-11-23,FAC0169,7,8,65,22,3,3,17
2023-03-13,FAC0049,11,5,42,47,2,5,11
2023-05-30,FAC0251,2,2,9,15,1,6,11
2024-06-20,FAC0111,3,4,15,21,0,4,12
2023-10-05,FAC0149,0,1,8,4,1,4,20
2023-04-09,FAC0166,1,2,14,3,0,4,9
2024-01-22,FAC0097,1,4,77,9,3,10,9
2024-03-05,FAC0142,53,14,335,24,0,2,16
2023-06-10,FAC0210,7,5,37,13,1,2,10
2024-05-04,FAC0034,1,0,9,1,0,7,17
2023-07-22,FAC0069,2,1,13,1,1,3,8
2024-07-10,FAC0197,2,0,31,7,0,6,13
2024-08-11,FAC0283,0,3,27,12,1,5,7
2024-02-29,FAC0149,0,1,7,5,1,5,17
2024-05-19,FAC0274,6,11,70,22,1,7,15
2024-02-16,FAC0246,6,2,28,31,1,3,11
2024-09-08,FAC0237,4,2,16,13,1,4,9
2023-12-19,FAC0042,2,0,16,6,0,2,9
2024-05-11,FAC0132,4,3,25,4,0,4,11
2023-12-18,FAC0029,2,1,9,10,1,4,12
2024-02-24,FAC0122,2,0,6,9,1,4,17
2024-11-27,FAC0084,4,0,26,5,2,5,8
2024-03-19,FAC0143,13,0,76,18,2,7,13
2024-08-20,FAC0118,5,0,32,6,1,2,17
2023-12-01,FAC0036,0,1,8,8,0,2,10
2023-07-07,FAC0109,3,0,10,14,1,5,5
2024-03-09,FAC0080,2,0,12,2,1,4,7
2024-08-13,FAC0198,0,1,13,5,1,6,10
2023-02-11,FAC0261,1,3,19,16,3,2,16
2023-04-16,FAC0057,0,1,8,3,1,9,17
2024-01-22,FAC0027,39,22,195,159,0,5,9
2024-04-29,FAC0134,3,2,11,12,1,3,8
2023-03-30,FAC0192,0,33,123,187,0,8,14
2024-10-11,FAC0108,5,0,27,7,0,4,15
2023-07-28,FAC0085,0,1,3,5,0,5,11
2023-02-01,FAC0071,1,0,10,1,0,3,13
2024-08-25,FAC0241,2,1,8,7,0,4,15
2023-05-27,FAC0264,5,3,49,24,1,2,14
2024-06-08,FAC0104,2,1,22,20,1,13,6
2024-12-24,FAC0290,0,3,18,11,1,8,12
2024-08-19,FAC0105,1,3,23,7,1,5,21
2023-05-16,FAC0292,2,1,18,5,1,6,13
2024-10-13,FAC0286,0,0,13,5,1,1,12
2024-09-02,FAC0286,2,2,16,2,0,3,8
2024-12-20,FAC0262,2,1,15,7,0,7,12
2023-11-04,FAC0275,1,1,25,4,0,7,13
2024-04-08,FAC0027,46,13,221,133,4,6,8
2024-03-24,FAC0047,0,0,4,2,1,4,9
2024-05-15,FAC0033,6,4,31,31,0,4,16
2023-04-25,FAC0132,2,1,25,4,0,6,7
2024-01-27,FAC0036,2,1,5,11,1,4,5
2024-02-15,FAC0042,2,2,16,6,1,3,12
2023-10-27,FAC0173,0,2,7,15,0,3,19
2024-02-05,FAC0060,17,15,92,36,2,6,9
2023-04-24,FAC0070,0,9,75,113,6,2,24
2024-10-15,FAC0041,0,0,6,2,0,4,9
2023-01-28,FAC0212,5,1,30,25,7,6,16
2024-10-15,FAC0097,2,0,33,53,1,9,10
2024-05-31,FAC0095,1,3,20,20,1,5,12
2024-09-30,FAC0235,0,3,28,3,2,7,7
2024-02-05,FAC0148,0,0,4,7,0,6,13
2023-04-09,FAC0120,8,6,46,68,9,3,7
2024-11-16,FAC0096,4,2,12,22,0,3,11
2024-06-02,FAC0156,5,4,56,44,3,4,9
2023-02-13,FAC0149,1,1,9,3,0,3,18
2024-10-05,FAC0134,1,0,15,8,1,1,12
2023-04-24,FAC0092,15,13,229,113,3,5,11
2024-05-11,FAC0131,4,4,36,5,2,3,9
2023-02-05,FAC0219,0,0,10,4,0,2,15
2024-12-14,FAC0032,0,0,5,8,1,11,12
2024-12-23,FAC0253,3,4,30,6,0,3,16
2024-09-11,FAC0124,26,6,244,16,5,3,14
2023-12-21,FAC0121,3,2,28,17,1,3,8
2024-03-31,FAC0058,2,1,11,4,1,3,8
2023-09-15,FAC0075,0,1,7,5,1,5,18
2024-10-01,FAC0119,5,3,31,6,0,1,17
2024-02-05,FAC0014,6,4,18,26,1,4,20
2023-10-21,FAC0013,2,0,19,2,1,5,16
2023-03-12,FAC0049,9,5,52,37,0,6,9
2023-01-09,FAC0122,1,0,8,7,0,4,10
2023-12-07,FAC0196,2,2,19,10,1,4,11
2023-02-12,FAC0159,6,3,31,10,0,4,11
2024-08-15,FAC0203,10,10,45,53,0,7,10
2023-01-13,FAC0266,0,11,74,22,1,4,8
2023-03-19,FAC0105,3,3,27,3,2,4,30
2024-09-15,FAC0191,7,5,16,33,1,3,7
2023-10-05,FAC0187,50,22,277,68,0,8,10
2024-12-08,FAC0185,1,17,157,97,4,11,11
2024-10-16,FAC0228,3,1,10,14,1,9,18
2023-04-22,FAC0272,1,2,6,16,0,8,15
2023-10-30,FAC0268,2,2,21,22,2,1,11
2024-09-05,FAC0252,6,0,47,49,3,6,15
2024-12-22,FAC0072,2,0,23,45,1,7,17
2023-09-28,FAC0201,7,6,51,14,0,3,7
2024-08-03,FAC0184,1,2,15,21,0,4,11
2023-12-11,FAC0289,1,4,33,13,0,2,15
2023-03-09,FAC0003,1,1,6,14,1,5,6
2024-04-26,FAC0292,1,2,9,14,1,4,9
2023-10-25,FAC0118,1,3,29,9,1,3,13
2024-09-29,FAC0195,2,0,7,7,0,6,11
2024-11-23,FAC0228,3,0,17,7,1,8,17
2024-08-04,FAC0261,5,0,28,7,1,4,14
2023-02-21,FAC0231,1,1,3,8,1,2,11
2024-01-20,FAC0225,4,0,25,5,2,4,9
2023-10-09,FAC0004,0,0,11,13,1,5,19
2024-04-19,FAC0194,4,5,33,14,2,5,11
2023-05-31,FAC0217,7,6,73,22,1,7,20
2024-07-10,FAC0138,1,1,7,2,0,5,15
2024-09-29,FAC0046,2,1,6,9,2,5,6
2024-01-16,FAC0047,1,1,2,4,0,3,12
2023-07-18,FAC0054,2,22,183,305,7,5,13
2023-04-29,FAC0255,1,2,18,19,0,8,10
2024-12-13,FAC0167,3,5,41,23,0,2,9
2023-04-06,FAC0212,8,3,39,16,1,7,13
2024-11-19,FAC0145,5,0,11,23,2,8,11
2023-09-16,FAC0212,8,4,46,9,7,6,16
2024-10-06,FAC0159,3,3,24,17,0,3,13
2024-11-04,FAC0265,1,0,22,7,1,5,5
2023-04-16,FAC0232,14,6,33,67,2,1,7
2023-02-11,FAC0129,0,4,21,19,1,5,11
2023-01-21,FAC0203,1,9,78,20,3,5,19
2024-09-17,FAC0035,0,1,11,11,1,7,11
2024-04-03,FAC0198,1,2,14,4,1,3,9
2024-11-16,FAC0134,2,0,16,7,1,3,7
2024-06-14,FAC0141,3,2,39,10,1,8,8
2024-12-04,FAC0193,1,1,17,7,1,6,11
2024-05-26,FAC0289,0,2,23,23,1,3,14
2023-11-27,FAC0008,0,0,13,11,0,2,8
2023-03-23,FAC0020,3,2,16,4,0,3,5
2023-12-06,FAC0236,2,2,11,17,0,2,9
2023-07-02,FAC0196,3,1,26,3,0,4,10
2024-08-31,FAC0040,2,1,9,7,0,5,8
2023-12-10,FAC0169,3,9,73,14,1,5,18
2024-03-20,FAC0110,2,1,18,23,1,7,20
2023-08-16,FAC0087,1,1,8,9,0,4,17
2023-12-08,FAC0019,0,3,22,9,0,7,13
2024-01-23,FAC0278,9,4,55,102,5,3,14
2024-11-28,FAC0273,1,0,17,14,2,3,9
2024-09-29,FAC0125,1,0,13,10,2,4,13
2023-01-26,FAC0138,0,1,4,5,1,3,17
2023-08-16,FAC0241,1,0,7,8,0,5,16
2024-06-23,FAC0012,0,1,3,7,0,6,13
2023-03-31,FAC0013,2,1,12,9,1,3,8
2023-01-26,FAC0108,3,1,31,3,2,2,11
2023-07-01,FAC0093,8,31,199,104,3,8,12
2023-01-12,FAC0103,4,6,52,7,3,2,10
2024-12-09,FAC0013,2,2,14,7,1,2,13
2024-01-29,FAC0007,3,5,40,8,0,8,13
2023-06-04,FAC0075,1,0,10,2,1,7,11
2023-09-14,FAC0227,47,26,233,219,4,7,17
2023-01-14,FAC0155,8,1,31,32,1,4,9
2024-12-11,FAC0023,4,1,52,47,0,7,10
2024-07-23,FAC0086,19,25,277,38,7,1,8
2024-10-02,FAC0159,2,0,23,18,0,3,16
2023-12-26,FAC0005,0,0,13,3,1,8,16
2024-08-21,FAC0178,2,1,7,12,1,3,6
2024-11-29,FAC0082,3,2,7,16,0,5,14
2023-05-05,FAC0203,13,4,61,37,1,5,15
2023-12-18,FAC0068,0,3,15,12,0,7,7
2024-07-05,FAC0189,1,0,5,9,1,3,19
2024-02-11,FAC0147,6,0,37,4,1,7,14
2024-09-06,FAC0223,4,3,25,7,0,5,11
2023-05-29,FAC0095,1,1,36,4,2,4,8
2023-07-17,FAC0017,39,41,140,275,4,3,20
2023-05-02,FAC0162,6,0,39,21,0,5,17
2023-03-18,FAC0052,0,1,6,9,0,12,19
2024-08-11,FAC0152,16,1,91,184,2,5,14
2024-06-18,FAC0087,1,2,13,4,1,7,8
2024-10-11,FAC0046,2,0,10,5,0,5,6
2023-01-30,FAC0107,1,1,67,9,0,3,14
2023-09-02,FAC0158,19,32,350,97,0,2,5
2024-03-18,FAC0065,5,7,69,16,2,5,12
2023-03-14,FAC0178,0,0,9,10,0,5,7
2024-06-05,FAC0094,5,6,38,19,6,2,10
2024-06-27,FAC0160,4,0,32,4,0,4,6
2024-04-29,FAC0094,3,0,50,7,2,3,7
2023-10-07,FAC0026,1,1,9,4,0,5,11
2024-07-27,FAC0115,6,3,55,4,1,7,14
2023-05-08,FAC0137,3,2,9,12,0,4,6
2023-12-24,FAC0227,11,7,428,24,6,4,10
2024-09-17,FAC0250,2,0,11,10,1,6,8
2024-03-30,FAC0036,0,0,9,7,1,5,5
2023-11-21,FAC0064,11,4,42,34,2,9,12
2023-05-20,FAC0251,3,2,12,12,0,6,13
2024-01-22,FAC0249,2,1,15,15,0,4,16
2023-12-04,FAC0266,14,8,46,50,0,8,8
2023-02-27,FAC0151,9,6,62,4,3,2,7
2024-10-27,FAC0174,18,18,98,54,4,1,7
2023-08-27,FAC0014,4,4,15,29,1,4,14
2023-01-02,FAC0194,2,5,38,9,0,7,19
2023-01-15,FAC0103,6,6,47,12,3,2,6
2024-08-16,FAC0123,0,3,26,15,0,3,7
2024-01-09,FAC0135,0,3,23,7,1,6,21
2024-02-11,FAC0062,1,0,13,9,0,4,6
2023-11-05,FAC0263,1,2,32,8,1,7,9
2024-01-03,FAC0015,3,2,118,54,1,8,12
2024-05-29,FAC0264,4,0,28,45,2,3,14
2023-03-19,FAC0206,0,0,12,13,1,8,15
2024-06-18,FAC0002,3,2,39,3,1,2,6
2023-10-29,FAC0200,0,0,25,4,0,6,14
2023-02-13,FAC0147,0,0,32,9,4,6,13
2023-06-22,FAC0100,13,14,245,31,2,7,19
2023-05-14,FAC0244,0,1,9,2,0,5,15
2023-12-01,FAC0148,0,1,10,1,0,7,11
2024-05-21,FAC0291,5,2,12,26,1,3,15
2024-05-11,FAC0085,0,1,5,3,1,5,6
2024-05-10,FAC0239,1,0,3,2,0,3,6
2023-05-18,FAC0130,0,1,8,16,1,5,13
2023-06-02,FAC0252,13,10,84,12,0,4,11
2023-12-22,FAC0209,0,3,21,4,1,3,18
2024-01-30,FAC0019,0,2,12,19,1,8,11
2024-10-17,FAC0170,27,5,201,35,3,10,14
2023-10-22,FAC0188,1,29,126,182,2,1,10
2024-03-13,FAC0176,1,0,17,8,0,5,8
2024-03-07,FAC0081,1,1,22,16,0,3,7
2024-03-26,FAC0259,1,2,16,3,2,5,24
2023-06-23,FAC0112,0,0,7,16,1,2,10
2024-08-22,FAC0287,3,2,24,12,1,1,13
2024-09-18,FAC0075,0,1,5,7,1,11,17
2024-12-05,FAC0114,4,3,30,6,3,5,10
2024-05-23,FAC0017,40,36,284,131,4,2,14
2023-11-16,FAC0210,7,6,17,33,2,4,7
2023-02-25,FAC0253,5,4,33,3,0,2,14
2024-02-26,FAC0132,0,0,23,6,0,3,6
2024-11-16,FAC0107,1,1,30,46,4,6,16
2024-02-05,FAC0232,14,9,88,12,3,2,13
2023-01-09,FAC0262,2,1,17,5,1,3,11
2024-09-26,FAC0175,0,3,31,7,1,2,11
2023-03-30,FAC0118,2,2,16,22,1,3,14
2023-11-27,FAC0055,33,20,155,277,5,8,15
2023-03-12,FAC0101,1,4,27,16,4,4,11
2023-12-16,FAC0142,44,5,224,135,2,1,14
2024-04-22,FAC0140,2,3,19,13,1,7,9
2024-08-02,FAC0047,0,0,3,3,0,4,14
2024-05-05,FAC0059,3,0,16,20,1,6,6
2023-06-14,FAC0124,10,19,114,146,8,2,20
2023-03-23,FAC0167,8,7,34,30,0,1,10
2023-07-31,FAC0173,3,2,15,7,1,4,16
2024-12-07,FAC0264,0,4,34,39,1,4,9
2024-05-02,FAC0186,1,1,4,12,1,7,8
2023-03-04,FAC0086,10,2,298,17,1,2,8
2024-05-16,FAC0087,0,0,14,3,1,3,10
2023-12-05,FAC0206,3,0,21,4,0,8,10
2023-02-09,FAC0156,4,7,51,49,1,7,6
2024-11-02,FAC0130,0,0,21,3,1,5,11
2023-09-21,FAC0132,1,1,20,9,1,6,10
2023-01-01,FAC0298,0,0,14,5,1,1,17
2023-01-12,FAC0168,12,1,40,62,6,3,20
2023-01-21,FAC0169,6,2,35,52,3,2,17
2023-10-23,FAC0291,2,2,16,22,1,5,13
2024-08-12,FAC0055,36,7,369,63,3,7,13
2023-04-24,FAC0165,19,18,121,171,2,1,16
2023-07-22,FAC0096,3,4,19,15,1,5,6
2023-04-21,FAC0028,3,4,41,5,2,6,19
2023-04-26,FAC0242,2,0,12,3,1,6,10
2023-03-06,FAC0041,0,1,4,4,0,4,14
2023-02-10,FAC0223,2,1,25,7,0,4,15
2024-10-04,FAC0010,0,1,10,3,0,5,9
2024-06-27,FAC0144,3,1,15,13,0,5,10
2024-10-19,FAC0102,1,1,4,9,1,2,20
2024-05-22,FAC0221,0,28,122,198,4,5,6
2024-10-12,FAC0024,0,1,7,6,1,6,18
2024-03-04,FAC0295,2,0,6,8,0,7,11
2023-09-02,FAC0146,1,1,8,1,0,2,15
2024-02-24,FAC0277,2,1,10,4,0,5,13
2023-02-24,FAC0215,4,3,30,10,3,4,11
2023-07-03,FAC0220,11,28,82,163,4,2,11
2024-06-13,FAC0169,9,6,48,39,2,3,16
2024-05-13,FAC0282,1,3,31,4,2,3,11
2024-10-19,FAC0106,0,1,30,10,2,5,10
2024-05-12,FAC0280,8,46,190,244,0,3,21
2024-10-29,FAC0082,1,1,18,5,1,6,18
2024-05-26,FAC0051,29,15,319,161,9,10,14
2024-06-30,FAC0180,5,1,131,47,10,2,9
2024-04-25,FAC0082,2,1,7,16,0,3,16
2023-06-10,FAC0242,1,1,10,5,2,4,10
2023-02-26,FAC0017,29,42,279,136,7,4,16
2024-04-15,FAC0260,0,4,37,7,1,3,10
2023-08-21,FAC0149,1,1,7,5,2,6,19
2024-06-04,FAC0289,2,3,38,8,0,3,16
2023-03-25,FAC0127,5,4,37,16,1,6,9
2024-02-16,FAC0148,0,0,3,8,0,5,8
2023-07-31,FAC0204,1,0,5,1,0,8,12
2024-08-11,FAC0214,0,2,16,3,2,7,7
2023-06-02,FAC0274,4,3,34,58,0,7,13
2023-06-22,FAC0158,26,18,157,290,2,2,4
2023-07-31,FAC0230,3,1,20,15,0,3,21
2023-05-01,FAC0296,33,11,268,131,2,4,18
2024-01-30,FAC0144,1,3,20,8,1,5,15
2024-06-17,FAC0033,5,3,57,5,1,3,11
2023-11-25,FAC0020,3,2,15,5,1,3,7
2023-12-11,FAC0099,8,6,33,26,2,4,4
2023-06-02,FAC0245,4,2,28,16,0,2,17
2023-10-29,FAC0001,2,0,11,13,0,5,5
2023-09-06,FAC0116,4,14,119,59,3,5,17
2023-03-16,FAC0198,0,2,7,11,0,6,10
2024-09-22,FAC0271,3,0,14,7,1,4,19
2024-03-13,FAC0064,6,5,49,27,0,8,14
2024-05-05,FAC0206,1,1,9,16,1,6,13
2024-02-28,FAC0262,0,1,17,5,1,3,8
2024-12-16,FAC0090,0,0,15,15,0,6,12
2023-06-28,FAC0085,0,0,6,2,0,3,7
2023-01-10,FAC0236,3,2,11,17,1,3,16
2024-11-19,FAC0026,1,0,11,2,1,8,14
2024-01-22,FAC0010,1,1,5,8,0,3,14
2024-08-01,FAC0091,5,4,28,10,2,7,16
2023-05-10,FAC0140,0,1,16,16,0,9,9
2023-01-19,FAC0132,4,3,15,14,0,4,8
2024-12-09,FAC0073,1,0,6,2,0,2,12
2023-08-01,FAC0065,9,2,52,33,2,4,18
2023-11-09,FAC0108,2,3,27,7,2,4,15
2023-12-30,FAC0136,5,0,22,13,0,4,19
2024-07-09,FAC0042,2,2,16,6,1,3,8
2023-05-13,FAC0144,2,1,22,6,0,7,15
2023-12-11,FAC0224,0,1,6,6,0,6,10
2023-01-31,FAC0197,5,1,26,12,2,6,8
2023-12-11,FAC0131,3,1,19,22,2,4,16
2024-07-31,FAC0125,3,0,9,14,2,5,11
2024-01-18,FAC0107,0,4,60,16,2,5,19
2024-04-28,FAC0202,0,8,48,19,1,5,12
2024-10-19,FAC0099,2,6,34,25,3,3,6
2024-01-27,FAC0291,4,3,16,22,0,6,12
2024-07-30,FAC0138,0,1,8,1,1,4,15
2024-04-03,FAC0066,23,42,117,245,1,7,13
2024-07-14,FAC0014,0,4,28,16,1,3,13
2024-10-01,FAC0197,2,3,24,14,2,5,7
2024-07-26,FAC0103,4,3,32,27,2,3,10
2023-11-05,FAC0263,0,0,15,25,2,5,11
2024-04-17,FAC0190,10,0,68,13,0,5,8
2024-09-14,FAC0159,1,0,26,15,0,4,10
2024-08-09,FAC0174,20,14,132,20,1,1,7
2024-04-24,FAC0051,25,15,268,212,1,8,9
2024-12-13,FAC0189,0,0,7,7,0,4,13
2024-04-05,FAC0153,0,1,32,4,0,3,12
2023-09-29,FAC0008,0,1,8,16,0,3,7
2024-05-09,FAC0146,1,1,5,4,0,1,13
2024-02-24,FAC0256,1,3,23,5,1,4,10
2023-12-31,FAC0053,2,1,5,10,0,3,12
2024-03-27,FAC0157,3,1,20,10,0,7,7
2024-03-06,FAC0225,3,0,19,11,0,4,8
2023-01-01,FAC0294,4,2,18,10,1,6,17
2023-05-09,FAC0117,2,1,12,6,1,3,16
2024-05-09,FAC0123,0,3,19,22,0,4,11
2024-05-01,FAC0289,3,0,30,16,0,3,16
2023-08-18,FAC0191,7,1,42,7,1,4,6
2023-03-09,FAC0058,1,1,8,7,1,3,7
2024-08-17,FAC0056,3,1,15,13,0,7,9
2024-05-28,FAC0271,3,0,16,5,1,3,10
2023-03-27,FAC0011,0,2,17,2,0,3,9
2023-08-01,FAC0203,6,9,39,59,2,6,12
2023-11-05,FAC0298,2,1,8,11,1,2,17
2024-02-10,FAC0020,1,1,14,6,0,2,10
2023-03-16,FAC0239,1,1,3,2,1,3,5
2024-09-08,FAC0099,2,4,30,29,1,6,7
2023-03-15,FAC0134,0,0,9,14,1,2,6
2023-03-13,FAC0104,5,5,38,4,1,12,5
2024-09-08,FAC0010,1,0,8,5,0,4,15
2023-09-07,FAC0277,2,0,12,2,0,4,22
2024-03-24,FAC0113,0,0,4,9,1,8,16
2023-11-01,FAC0215,3,3,36,4,2,5,10
2023-12-28,FAC0170,16,6,143,93,0,9,12
2024-03-07,FAC0156,7,3,61,39,2,5,4
2023-01-31,FAC0163,0,1,27,2,1,7,19
2024-08-11,FAC0104,3,5,20,22,1,10,6
2024-04-21,FAC0006,5,2,120,124,8,8,11
2024-12-05,FAC0063,4,3,16,16,1,4,13
2024-11-30,FAC0044,0,0,30,6,0,3,13
2024-12-08,FAC0110,4,1,37,4,1,7,13
2023-03-16,FAC0023,13,3,89,10,1,5,10
2024-08-06,FAC0221,1,11,107,213,1,3,10
2023-01-29,FAC0025,1,2,7,19,0,1,19
2024-10-22,FAC0172,4,3,30,13,2,5,9
2024-12-08,FAC0150,0,2,18,12,0,2,14
2024-08-10,FAC0068,2,2,19,8,0,4,11
2023-09-16,FAC0258,4,3,20,36,2,3,13
2023-08-11,FAC0011,2,2,16,3,1,5,7
2024-10-05,FAC0098,4,1,27,9,1,8,8
2024-02-09,FAC0199,4,0,22,9,2,1,24
2024-12-10,FAC0078,2,2,10,18,2,3,12
2023-10-28,FAC0212,8,3,30,25,4,4,13
2024-09-26,FAC0082,3,1,14,9,1,4,12
2024-05-18,FAC0035,3,1,11,11,0,7,10
2024-03-06,FAC0067,1,2,21,6,1,4,13
2024-08-01,FAC0037,24,18,100,71,3,10,18
2023-02-21,FAC0241,2,1,9,6,0,3,15
2023-11-17,FAC0231,1,0,4,7,1,2,10
2023-12-10,FAC0024,0,1,10,3,1,4,19
2023-09-02,FAC0090,2,1,25,5,1,4,12
2023-04-20,FAC0048,3,1,31,10,0,8,16
2023-01-19,FAC0045,0,1,11,26,0,4,15
2023-01-06,FAC0260,4,0,25,19,2,2,14
2024-02-05,FAC0152,7,0,177,98,6,5,16
2023-01-09,FAC0039,4,2,12,18,1,2,17
2023-05-22,FAC0228,3,2,18,6,1,11,20
2024-08-23,FAC0224,0,1,9,3,2,6,9
2023-08-28,FAC0104,0,5,26,16,0,9,9
2024-11-02,FAC0291,3,1,34,4,0,4,14
2023-10-18,FAC0256,3,3,21,7,1,4,18
2024-12-23,FAC0147,0,3,31,10,1,7,13
2023-01-22,FAC0067,1,0,8,19,0,4,20
2024-10-16,FAC0194,7,1,30,17,0,6,21
2024-04-10,FAC0114,4,0,13,23,2,4,13
2023-03-29,FAC0266,1,4,29,67,2,6,16
2024-12-14,FAC0290,1,3,9,20,1,7,7
2023-08-24,FAC0218,1,1,9,2,0,9,13
2024-03-27,FAC0057,1,0,4,7,2,7,17
2023-05-18,FAC0086,33,33,293,22,9,3,9
2024-04-08,FAC0252,1,10,75,21,0,4,10
2023-11-27,FAC0146,0,1,7,2,1,1,15
2023-11-04,FAC0062,3,0,14,8,1,2,6
2024-05-23,FAC0166,1,1,10,7,0,3,9
2024-08-11,FAC0093,42,8,273,30,4,8,13
2024-01-25,FAC0028,0,0,38,8,1,10,22
2024-09-27,FAC0041,1,0,5,3,1,2,7
2023-03-27,FAC0076,1,0,20,17,1,5,14
2024-03-26,FAC0287,2,4,28,8,0,1,9
2023-07-16,FAC0103,7,4,40,19,2,4,11
2024-12-17,FAC0134,0,0,20,3,0,1,8
2024-05-30,FAC0043,3,3,30,19,0,6,12
2024-04-20,FAC0010,0,0,10,3,1,5,12
2024-02-03,FAC0299,0,2,23,6,1,8,14
2024-12-24,FAC0212,8,0,48,7,7,7,10
2024-08-03,FAC0171,2,0,10,6,1,5,10
2024-02-16,FAC0261,2,1,21,14,4,3,12
2024-10-04,FAC0195,0,1,4,10,1,3,11
2023-03-21,FAC0169,3,6,43,44,1,4,10
2024-10-24,FAC0071,0,1,8,3,0,6,13
2023-12-07,FAC0276,4,3,28,5,0,4,15
2023-10-04,FAC0286,0,1,8,10,2,2,10
2023-02-20,FAC0174,20,18,131,21,1,1,10
2024-09-24,FAC0260,5,2,21,23,1,5,18
2024-06-25,FAC0160,2,0,15,21,1,4,5
2024-04-27,FAC0241,1,0,7,8,1,4,11
2023-02-13,FAC0079,1,1,6,11,1,8,26
2024-01-22,FAC0214,2,2,17,2,1,6,7
2023-11-24,FAC0248,1,7,20,47,0,6,3
2023-01-20,FAC0252,3,8,40,56,2,6,16
2023-05-05,FAC0133,2,1,20,39,3,3,12
2023-07-31,FAC0123,5,3,13,28,0,2,5
2023-07-20,FAC0047,0,0,2,4,1,4,12
2023-10-02,FAC0016,2,1,9,9,1,3,16
2024-06-22,FAC0179,0,2,14,29,1,5,8
2024-05-18,FAC0061,5,0,26,18,0,6,14
2024-10-08,FAC0286,2,0,6,12,2,2,12
2023-03-04,FAC0068,0,2,13,14,1,6,6
2024-02-23,FAC0259,2,1,13,6,1,3,24
2024-08-10,FAC0268,0,2,34,9,2,2,11
2023-11-19,FAC0191,1,2,37,12,1,3,7
2024-11-23,FAC0258,5,0,34,22,2,4,10
2024-01-03,FAC0065,10,9,36,49,3,4,18
2023-06-22,FAC0053,0,1,13,2,1,3,16
2024-09-16,FAC0083,3,2,8,13,0,8,12
2024-04-12,FAC0251,1,2,19,5,1,7,14
2023-11-24,FAC0085,0,0,6,2,1,3,8
2024-02-26,FAC0209,2,2,22,3,1,5,10
2023-10-17,FAC0099,7,7,37,22,1,4,6
2023-10-04,FAC0051,32,0,332,148,5,7,9
2024-03-09,FAC0227,34,50,245,207,3,5,14
2024-10-18,FAC0176,2,2,14,11,1,6,8
2023-06-23,FAC0079,2,1,14,3,0,8,14
2023-04-05,FAC0082,2,0,11,12,0,6,10
2023-12-14,FAC0030,1,1,11,3,1,4,7
2024-02-27,FAC0240,0,0,12,4,0,7,8
2023-07-27,FAC0077,0,1,3,7,0,6,17
2023-03-22,FAC0031,34,28,287,104,4,1,10
2023-09-08,FAC0241,0,1,9,6,0,4,22
2024-12-19,FAC0017,7,42,349,66,0,4,22
2024-10-30,FAC0099,2,1,24,35,1,5,6
2024-02-25,FAC0089,1,4,45,16,0,5,8
2023-10-06,FAC0040,2,1,8,8,1,4,9
2023-03-01,FAC0058,0,0,5,10,0,4,8
2024-05-09,FAC0262,0,1,12,10,1,3,12
2024-12-10,FAC0207,4,2,26,9,0,4,11
2024-05-04,FAC0062,2,1,19,3,1,3,9
2023-06-16,FAC0164,1,1,5,9,1,7,10
2024-12-07,FAC0154,1,5,15,35,4,4,9
2023-06-08,FAC0138,0,0,6,3,1,4,13
2023-03-10,FAC0107,6,4,23,53,2,6,11
2024-11-23,FAC0154,5,2,25,25,2,2,15
2023-09-25,FAC0111,5,2,29,7,1,4,16
2024-07-19,FAC0239,0,1,2,3,0,7,8
2023-10-28,FAC0067,2,0,13,14,1,6,19
2024-09-28,FAC0125,1,1,19,4,2,6,11
2023-03-15,FAC0116,5,17,166,12,2,6,11
2023-02-06,FAC0269,0,0,8,16,1,8,14
2024-11-22,FAC0222,8,6,18,41,4,3,19
2023-09-25,FAC0273,2,0,25,6,2,3,4
2023-08-04,FAC0051,5,9,195,285,5,7,10
2024-05-14,FAC0259,1,1,11,8,1,6,13
2024-12-06,FAC0273,3,2,28,3,2,3,6
2024-05-30,FAC0268,6,5,15,28,0,1,13
2023-06-19,FAC0209,1,3,10,15,0,3,10
2024-03-10,FAC0226,6,5,40,5,0,5,13
2024-04-11,FAC0055,53,17,183,249,5,9,10
2024-07-16,FAC0250,1,2,10,11,0,6,11
2024-08-12,FAC0298,1,0,15,4,0,1,10
2024-05-10,FAC0041,0,1,6,2,0,5,14
2023-06-28,FAC0093,40,17,122,181,0,8,11
2024-04-10,FAC0123,2,2,25,16,0,3,7
2023-03-08,FAC0158,60,46,154,293,0,1,3
2023-05-15,FAC0078,3,1,12,16,1,2,7
2024-11-24,FAC0226,6,1,40,5,1,6,12
2023-06-15,FAC0078,1,0,25,3,0,5,9
2023-08-02,FAC0079,0,1,10,7,0,10,27
2024-12-21,FAC0233,0,1,5,3,0,6,18
2024-10-05,FAC0063,3,3,13,19,2,6,15
2024-04-11,FAC0240,0,1,6,10,0,8,13
2023-08-06,FAC0124,13,5,208,52,8,3,24
2024-06-11,FAC0275,0,3,9,20,0,10,13
2023-04-27,FAC0092,48,9,201,141,1,6,8
2023-03-27,FAC0156,0,0,60,40,4,7,5
2024-07-09,FAC0057,1,1,4,7,2,4,13
2023-10-29,FAC0201,8,4,46,19,0,2,10
2023-11-26,FAC0265,2,2,25,4,0,5,7
2024-02-15,FAC0020,0,2,10,10,1,2,6
2023-10-06,FAC0028,4,4,43,3,0,11,19
2024-03-03,FAC0157,4,2,19,11,1,7,13
2023-05-15,FAC0023,0,2,45,54,0,6,7
2024-07-29,FAC0120,17,9,73,41,4,2,9
2024-04-14,FAC0064,10,1,64,12,1,9,12
2023-10-11,FAC0213,0,0,24,3,1,8,18
2024-07-17,FAC0090,2,0,23,7,0,4,15
2023-09-27,FAC0078,1,1,23,5,0,5,10
2023-09-19,FAC0018,1,1,4,7,1,5,13
2023-05-29,FAC0011,2,0,16,3,0,5,6
2023-07-12,FAC0212,5,0,38,17,6,7,19
2023-10-06,FAC0287,0,2,15,21,1,2,11
2024-11-24,FAC0237,2,1,25,4,0,2,8
2023-01-07,FAC0287,1,4,16,20,2,1,8
2023-07-14,FAC0100,25,18,140,136,4,6,21
2023-03-01,FAC0138,1,1,2,7,0,5,11
2023-05-19,FAC0191,7,2,40,9,0,6,9
2024-05-07,FAC0194,6,5,20,27,0,8,15
2024-02-05,FAC0091,2,4,22,16,2,6,8
2023-01-12,FAC0291,2,4,17,21,0,5,14
2024-11-20,FAC0004,1,1,13,11,1,8,24
2024-06-28,FAC0147,0,1,21,20,3,5,11
2023-10-12,FAC0175,5,1,20,18,2,5,13
2023-10-19,FAC0124,39,20,151,109,7,3,14
2023-06-28,FAC0040,1,0,6,10,1,4,7
2023-06-29,FAC0187,47,36,171,174,2,6,14
2023-10-01,FAC0155,6,2,38,25,1,3,17
2024-05-20,FAC0007,2,3,43,5,1,5,10
2024-04-07,FAC0261,3,2,25,10,3,4,15
2024-12-16,FAC0012,1,0,9,1,0,4,17
2023-07-29,FAC0089,7,5,19,42,2,5,11
2024-12-21,FAC0249,3,2,21,9,1,4,17
2023-12-22,FAC0178,2,2,17,2,0,4,4
2024-11-22,FAC0172,6,0,25,18,0,2,12
2023-12-26,FAC0102,0,0,9,4,1,4,12
2024-07-18,FAC0267,2,8,56,24,1,6,10
2023-06-11,FAC0170,6,5,131,105,0,10,11
2024-09-27,FAC0103,6,0,49,10,2,4,9
2024-07-17,FAC0151,4,1,59,7,3,3,11
2024-01-02,FAC0164,0,1,5,9,0,3,17
2024-01-09,FAC0037,13,16,87,84,0,7,11
2024-03-14,FAC0047,0,1,3,3,1,4,14
2023-05-28,FAC0286,1,2,6,12,0,1,11
2023-02-21,FAC0035,1,2,7,15,1,4,13
2023-09-03,FAC0105,2,0,28,2,2,3,20
2023-02-25,FAC0006,23,19,213,31,3,8,14
2023-09-28,FAC0233,1,1,3,5,0,11,16
2024-07-21,FAC0270,5,4,40,9,0,3,14
2024-08-30,FAC0028,4,4,21,25,0,6,21
2024-01-24,FAC0181,2,3,17,30,0,3,9
2023-07-24,FAC0088,4,3,23,16,1,8,7
2024-04-19,FAC0082,0,0,21,2,0,6,15
2024-05-14,FAC0096,0,4,17,17,1,6,8
2024-09-21,FAC0034,1,1,5,5,0,6,11
2023-01-03,FAC0060,1,2,85,43,3,8,13
2024-05-31,FAC0207,2,1,14,21,1,8,11
2023-07-14,FAC0123,0,0,14,27,0,2,7
2023-07-02,FAC0140,4,1,11,21,1,9,16
2023-11-07,FAC0253,2,2,30,6,0,1,14
2024-11-19,FAC0224,1,0,6,6,2,6,17
2024-02-18,FAC0285,50,29,276,94,1,4,13
2024-10-28,FAC0010,0,1,10,3,0,4,13
2024-01-14,FAC0270,4,4,28,21,0,4,14
2024-12-30,FAC0164,0,0,10,4,0,4,11
2024-07-08,FAC0181,1,3,29,18,1,5,12
2023-08-10,FAC0129,3,0,31,9,2,5,12
2023-05-26,FAC0172,4,5,13,30,0,3,9
2023-09-23,FAC0213,4,0,20,7,1,5,9
2024-10-13,FAC0170,1,12,152,84,1,6,15
2024-10-27,FAC0099,8,1,43,16,2,5,7
2024-08-20,FAC0294,3,3,26,2,1,7,10
2023-02-09,FAC0023,10,4,80,19,0,9,6
2023-12-24,FAC0027,24,3,254,100,1,6,8
2023-10-16,FAC0272,2,0,15,7,0,7,20
2024-03-15,FAC0218,1,0,3,8,0,9,18
2024-12-09,FAC0187,4,31,186,159,3,9,7
2024-11-21,FAC0166,0,2,7,10,1,4,17
2023-09-11,FAC0194,4,2,34,13,2,7,14
2023-11-07,FAC0021,2,2,7,12,0,3,18
2023-01-23,FAC0023,14,11,56,43,1,7,7
2024-11-15,FAC0146,1,1,7,2,1,2,13
2024-03-22,FAC0254,1,1,10,6,0,5,7
2024-02-28,FAC0274,10,11,77,15,0,6,18
2023-06-10,FAC0271,2,2,18,3,0,6,18
2024-10-19,FAC0015,13,7,158,14,5,6,11
2024-09-25,FAC0161,0,1,7,4,0,4,9
2023-08-09,FAC0053,1,0,4,11,0,3,18
2023-03-10,FAC0001,0,2,9,15,0,5,10
2023-08-02,FAC0192,16,3,95,215,9,4,8
2023-01-12,FAC0222,0,3,18,41,2,5,15
2023-04-13,FAC0196,4,1,10,19,0,8,11
2024-03-24,FAC0282,4,1,28,7,0,2,17
2023-05-01,FAC0181,2,2,39,8,1,6,15
2023-08-26,FAC0252,11,6,66,30,1,8,13
2023-11-28,FAC0209,2,2,20,5,1,7,15
2023-04-07,FAC0271,1,1,17,4,0,6,14
2023-10-01,FAC0076,3,1,30,7,1,9,8
2024-05-27,FAC0115,8,5,40,19,2,4,15
2023-06-01,FAC0143,4,10,86,8,0,5,18
2023-07-24,FAC0121,5,3,17,28,1,3,9
2024-04-17,FAC0184,0,0,17,19,0,7,10
2024-03-05,FAC0004,1,0,13,11,0,6,14
2024-12-07,FAC0145,4,4,25,9,2,8,5
2024-06-18,FAC0068,4,2,9,18,0,7,12
2024-02-14,FAC0157,2,0,19,11,0,4,6
2024-03-31,FAC0136,4,3,26,9,1,6,19
2023-11-01,FAC0219,2,1,8,6,0,3,23
2024-07-22,FAC0187,33,7,262,83,4,9,15
2023-11-04,FAC0184,0,0,14,22,1,6,16
2023-06-26,FAC0049,8,6,64,25,1,8,12
2024-07-26,FAC0283,1,2,27,12,0,8,12
2024-03-24,FAC0210,0,4,20,30,2,5,13
2024-06-11,FAC0223,2,2,21,11,1,7,12
2023-11-24,FAC0084,0,2,25,6,0,4,7
2023-05-06,FAC0117,1,0,16,2,2,5,18
2023-08-15,FAC0098,2,3,29,7,1,10,6
2023-10-30,FAC0128,7,4,33,24,2,12,9
2023-09-13,FAC0223,1,0,14,18,0,7,9
2023-06-27,FAC0104,1,4,31,11,0,12,7
2024-07-10,FAC0252,8,1,85,11,4,8,14
2024-06-04,FAC0217,5,10,88,7,0,6,18
2023-10-18,FAC0068,3,1,19,8,0,4,6
2024-06-06,FAC0067,3,2,12,15,1,6,17
2023-04-30,FAC0009,1,0,28,2,0,4,18
2023-05-04,FAC0023,13,5,48,51,0,4,5
2024-01-06,FAC0076,5,3,31,6,0,10,8
2024-03-11,FAC0001,1,0,13,11,0,5,10
2023-05-05,FAC0245,1,5,40,4,1,1,22
2023-02-14,FAC0034,0,1,4,6,1,3,16
2024-08-11,FAC0131,6,1,27,14,2,3,8
2023-11-13,FAC0213,0,3,16,11,1,7,17
2023-12-17,FAC0026,0,0,9,4,0,5,8
2024-03-01,FAC0059,5,1,27,9,1,3,11
2024-09-26,FAC0044,1,2,22,14,1,7,17
2024-04-29,FAC0258,6,3,38,18,2,6,10
2023-09-01,FAC0284,8,17,104,111,1,3,14
2024-01-16,FAC0270,1,0,37,12,1,3,18
2023-07-14,FAC0097,0,10,81,5,3,8,13
2024-03-25,FAC0023,4,11,32,67,0,9,5
2024-09-26,FAC0186,0,0,5,11,0,4,10
2024-03-01,FAC0025,1,1,11,15,1,3,14
2023-05-25,FAC0036,1,0,11,5,1,2,8
2024-07-19,FAC0027,36,1,168,186,0,4,12
2023-10-27,FAC0178,2,0,10,9,0,2,6
2024-12-27,FAC0285,7,29,131,239,0,6,18
2023-02-24,FAC0036,0,0,4,12,0,2,10
2024-11-21,FAC0235,4,0,23,8,0,6,6
2024-10-03,FAC0099,7,0,19,40,0,7,5
2023-05-28,FAC0001,0,0,17,7,0,5,6
2024-04-04,FAC0201,6,6,51,14,1,5,10
2023-05-20,FAC0206,0,1,21,4,1,5,14
2024-12-10,FAC0067,3,1,14,13,2,5,15
2024-07-26,FAC0030,1,0,10,4,1,4,13
2024-09-27,FAC0135,3,2,26,4,0,7,14
2023-03-24,FAC0058,1,0,8,7,1,3,7
2024-12-07,FAC0282,3,1,32,3,0,3,10
2023-06-25,FAC0259,0,2,16,3,0,7,25
2024-01-22,FAC0103,4,7,45,14,3,3,11
2023-09-21,FAC0087,1,2,6,11,1,5,15
2023-07-28,FAC0290,2,1,15,14,0,9,11
2023-08-09,FAC0102,0,0,8,5,1,2,20
2024-06-26,FAC0042,1,0,18,4,1,3,16
2024-07-24,FAC0035,0,2,6,16,0,6,11
2023-11-24,FAC0259,2,1,11,8,0,6,22
2023-04-15,FAC0070,17,20,152,36,4,3,17
2024-05-03,FAC0031,38,44,370,21,1,2,11
2023-11-30,FAC0221,4,25,294,26,1,3,11
2024-05-04,FAC0141,2,3,35,14,1,7,9
2024-09-04,FAC0287,4,1,12,24,2,1,12
2024-04-12,FAC0095,3,2,31,9,1,5,14
2024-05-15,FAC0199,3,2,17,14,2,3,19
2024-09-10,FAC0277,1,1,9,5,0,3,14
2023-05-13,FAC0136,5,4,26,9,1,3,16
2024-06-07,FAC0152,29,21,216,59,3,9,15
2023-10-21,FAC0229,1,0,14,9,0,9,14
2023-01-13,FAC0005,1,1,5,11,1,8,9
2023-10-26,FAC0172,3,1,37,6,1,4,12
2024-03-04,FAC0202,0,3,27,40,1,3,15
2023-12-02,FAC0094,5,2,41,16,8,2,11
2023-11-29,FAC0154,1,5,21,29,4,4,12
2024-10-13,FAC0195,2,1,11,3,0,5,7
2024-12-26,FAC0255,4,0,33,4,1,4,9
2024-10-19,FAC0103,2,7,22,37,0,4,5
2023-10-01,FAC0212,2,0,21,34,2,4,10
2023-04-30,FAC0129,6,3,29,11,0,3,15
2023-04-26,FAC0020,1,1,16,4,1,3,8
2024-10-13,FAC0178,0,2,10,9,0,4,9
2024-12-22,FAC0004,0,2,21,3,1,5,19
2024-11-04,FAC0198,1,1,12,6,0,3,8
2023-02-23,FAC0266,14,8,74,22,1,8,17
2023-09-15,FAC0185,28,0,196,58,4,7,10
2023-04-09,FAC0265,4,0,24,5,0,6,9
2023-01-05,FAC0153,0,2,23,13,4,3,11
2023-06-30,FAC0036,2,0,10,6,0,2,6
2024-09-04,FAC0237,4,1,10,19,0,3,14
2024-04-09,FAC0283,0,1,29,10,1,6,12
2024-08-27,FAC0118,1,2,14,24,1,4,12
2023-11-26,FAC0021,0,1,17,2,0,3,15
2023-08-18,FAC0268,5,0,17,26,0,2,7
2024-09-03,FAC0069,2,0,7,7,1,3,7
2024-12-24,FAC0073,1,0,4,4,0,5,18
2023-09-03,FAC0113,1,1,10,3,1,6,12
2024-06-10,FAC0076,3,2,23,14,1,5,9
2023-12-04,FAC0107,9,9,45,31,0,3,14
2024-06-23,FAC0016,2,1,16,2,1,5,15
2023-02-21,FAC0139,5,7,40,31,0,3,16
2023-04-15,FAC0021,2,0,7,12,1,7,19
2024-05-11,FAC0218,0,1,4,7,2,5,20
2024-07-25,FAC0210,0,1,22,28,1,4,9
2024-06-18,FAC0182,3,3,12,13,0,5,7
2024-11-14,FAC0173,0,1,20,2,0,3,16
2023-04-07,FAC0287,3,4,14,22,1,2,9
2024-04-12,FAC0172,6,1,19,24,1,2,7
2024-06-03,FAC0236,3,1,20,8,0,3,16
2023-05-13,FAC0027,9,14,134,220,2,5,9
2023-07-08,FAC0298,1,2,13,6,0,1,12
2023-08-16,FAC0172,1,2,14,29,0,5,8
2023-06-03,FAC0169,6,0,73,14,2,2,11
2024-10-25,FAC0057,0,1,7,4,2,5,15
2023-12-14,FAC0199,1,0,17,14,1,3,18
2023-07-31,FAC0088,1,4,28,11,1,10,8
2024-04-25,FAC0044,0,0,31,5,1,4,21
2024-08-06,FAC0056,4,0,19,9,1,6,13
2024-11-25,FAC0285,13,31,200,170,0,3,12
2023-03-16,FAC0163,3,0,24,5,1,8,10
2024-09-24,FAC0248,0,3,25,42,1,12,6
2023-03-15,FAC0065,10,3,26,59,3,7,10
2024-12-08,FAC0001,0,2,16,8,0,6,7
2024-12-25,FAC0295,2,0,7,7,0,9,9
2023-12-19,FAC0112,3,1,19,4,2,4,15
2023-07-07,FAC0092,30,40,142,200,3,4,9
2024-03-27,FAC0266,6,9,40,56,2,7,10
2023-10-11,FAC0298,2,1,16,3,0,1,11
2023-09-06,FAC0080,0,0,7,7,1,7,14
2024-07-07,FAC0150,0,0,13,17,0,2,10
2024-06-29,FAC0163,4,3,12,17,1,8,13
2024-07-06,FAC0033,4,2,55,7,1,3,18
2023-01-26,FAC0080,0,0,7,7,0,4,9
2024-05-02,FAC0016,2,0,6,12,0,4,14
2024-01-06,FAC0130,1,2,9,15,0,5,17
2024-11-18,FAC0153,3,0,11,25,1,3,8
2023-11-30,FAC0098,5,2,34,2,0,7,7
2023-04-21,FAC0232,2,1,56,44,1,2,13
2024-05-12,FAC0056,0,2,20,8,1,6,10
2023-04-13,FAC0191,6,2,32,17,1,5,11
2024-11-19,FAC0240,1,1,14,2,0,9,8
2024-10-11,FAC0002,2,2,38,4,0,4,10
2024-08-15,FAC0182,1,2,21,4,1,5,12
2023-12-05,FAC0002,3,3,15,27,1,3,9
2023-12-17,FAC0288,2,0,15,8,0,3,9
2024-07-17,FAC0128,3,5,52,5,4,9,11
2023-07-14,FAC0039,3,2,12,18,1,4,14
2024-08-05,FAC0155,4,6,36,27,1,6,14
2024-08-31,FAC0055,2,44,317,115,0,10,7
2024-10-27,FAC0256,0,1,13,15,0,5,16
2024-08-11,FAC0109,3,0,18,6,1,5,11
2023-04-30,FAC0206,3,0,18,7,1,8,13
2023-05-12,FAC0141,0,4,36,13,1,4,8
2023-09-19,FAC0206,2,2,22,3,1,4,15
2023-12-12,FAC0232,14,4,62,38,3,1,14
2023-07-12,FAC0205,6,9,37,45,3,6,13
2023-02-20,FAC0007,2,3,25,23,1,8,10
2024-05-15,FAC0067,1,3,14,13,2,4,10
2024-06-30,FAC0051,41,15,397,83,4,5,7
2023-09-09,FAC0111,4,4,26,10,1,2,17
2023-10-06,FAC0111,2,2,23,13,1,2,17
2023-02-23,FAC0242,2,0,13,2,0,3,17
2023-06-28,FAC0240,1,0,11,5,1,9,8
2023-06-21,FAC0099,8,5,50,9,2,6,6
2024-12-01,FAC0112,3,0,10,13,1,3,15
2023-01-21,FAC0134,0,0,9,14,1,3,6
2024-02-17,FAC0194,5,2,36,11,0,8,14
2023-01-13,FAC0107,6,2,66,10,0,6,20
2023-05-28,FAC0104,2,1,31,11,0,14,10
2023-02-21,FAC0283,3,2,24,15,2,6,8
2023-06-29,FAC0132,4,2,24,5,0,7,5
2024-08-12,FAC0041,0,1,7,1,0,2,15
2023-03-01,FAC0172,2,3,39,4,2,4,7
2023-09-18,FAC0199,2,3,10,21,2,3,15
2023-11-09,FAC0133,0,7,26,33,3,3,14
2023-09-11,FAC0274,6,10,78,14,1,7,12
2023-03-15,FAC0147,1,4,19,22,3,6,12
2024-08-24,FAC0273,2,0,20,11,2,4,7
2024-10-26,FAC0266,10,3,64,32,0,6,12
2024-11-04,FAC0018,1,0,4,7,1,7,16
2023-08-08,FAC0188,20,26,205,103,1,1,15
2024-06-16,FAC0027,33,41,180,174,1,3,13
2023-10-20,FAC0290,1,3,9,20,0,8,11
2024-10-25,FAC0023,0,6,71,28,0,9,10
2023-01-06,FAC0029,2,1,14,5,0,5,11
2023-01-17,FAC0015,14,13,92,80,5,6,8
2024-04-08,FAC0025,2,3,15,11,0,3,19
2023-04-07,FAC0094,6,2,51,6,5,5,9
2023-03-19,FAC0249,4,2,22,8,1,2,15
2024-11-20,FAC0182,1,1,9,16,1,6,8
2024-08-29,FAC0097,11,3,34,52,2,5,16
2023-02-13,FAC0111,0,2,16,20,0,2,9
2023-05-13,FAC0011,0,2,11,8,0,6,10
2023-07-10,FAC0284,29,10,105,110,0,2,11
2023-01-25,FAC0093,4,36,180,123,3,8,14
2023-02-06,FAC0090,3,0,27,3,0,4,8
2023-04-17,FAC0014,5,2,29,15,1,4,15
2024-04-24,FAC0084,3,0,17,14,2,4,6
2024-01-15,FAC0087,0,2,16,1,1,3,9
2024-07-20,FAC0115,0,0,50,9,2,5,10
2024-11-21,FAC0105,2,3,16,14,0,3,21
2024-11-17,FAC0094,5,0,52,5,7,5,9
2024-04-06,FAC0227,7,38,381,71,7,8,14
2024-12-04,FAC0197,4,2,18,20,2,7,9
2023-10-07,FAC0213,0,0,9,18,0,6,13
2023-01-18,FAC0029,1,0,8,11,1,4,12
2023-12-10,FAC0065,7,5,47,38,2,3,14
2023-04-27,FAC0244,1,1,8,3,0,8,18
2023-11-05,FAC0095,2,1,22,18,1,5,15
2024-03-28,FAC0156,6,12,91,9,0,5,8
2024-11-04,FAC0270,2,0,41,8,1,5,11
2023-09-13,FAC0238,6,9,35,42,1,4,16
2024-09-21,FAC0083,1,0,7,14,1,6,14
2023-10-17,FAC0192,40,13,109,201,3,6,11
2023-12-01,FAC0159,0,1,21,20,1,6,10
2024-04-27,FAC0082,3,1,19,4,0,3,17
2023-11-24,FAC0202,4,8,32,35,0,4,10
2023-10-27,FAC0277,0,1,9,5,0,4,19
2023-03-03,FAC0133,7,6,45,14,3,4,8
2023-11-22,FAC0073,1,1,6,2,1,3,21
2024-07-22,FAC0242,2,0,8,7,2,6,16
2024-11-01,FAC0188,38,30,159,149,0,1,19
2023-07-26,FAC0045,4,1,22,15,1,5,9
2024-04-24,FAC0260,3,4,29,15,1,4,19
2023-10-01,FAC0107,9,1,51,25,3,6,11
2023-02-01,FAC0195,2,1,11,3,0,4,7
2023-12-10,FAC0131,4,1,37,4,1,3,13
2024-11-03,FAC0209,0,0,13,12,1,3,17
2024-08-02,FAC0279,8,7,55,43,2,3,12
2023-03-27,FAC0043,4,2,41,8,0,9,17
2024-12-11,FAC0010,1,1,9,4,0,4,15
2023-09-19,FAC0204,0,0,2,4,0,5,23
2023-08-25,FAC0171,2,1,13,3,1,4,12
2023-12-22,FAC0084,2,2,18,13,0,3,4
2024-02-23,FAC0047,0,1,2,4,1,4,9
2024-09-21,FAC0132,2,3,12,17,0,5,6
2023-03-14,FAC0008,2,0,17,7,1,4,7
2024-09-26,FAC0115,4,2,29,30,0,4,9
2023-03-24,FAC0072,4,1,32,36,2,8,17
2024-09-26,FAC0164,1,0,7,7,1,4,11
2023-02-03,FAC0229,0,2,21,2,0,6,7
2024-11-02,FAC0221,22,3,260,60,5,5,11
2024-12-20,FAC0121,4,5,31,14,0,1,11
2024-06-11,FAC0224,1,1,10,2,1,7,16
2023-11-24,FAC0136,4,4,19,16,0,5,14
2024-10-05,FAC0119,2,2,26,11,0,2,16
2023-01-26,FAC0181,1,5,42,5,1,5,10
2024-11-12,FAC0273,4,1,13,18,2,5,7
2024-11-30,FAC0164,0,1,12,2,1,3,11
2024-08-29,FAC0131,2,3,22,19,2,4,11
2024-08-12,FAC0161,0,0,5,6,2,3,14
2023-08-09,FAC0203,2,11,41,57,2,5,10
2023-09-11,FAC0268,0,3,15,28,2,1,10
2024-01-30,FAC0021,1,1,17,2,1,5,19
2024-03-14,FAC0288,2,1,17,6,1,7,8
2024-10-15,FAC0026,1,0,3,10,1,6,14
2024-05-17,FAC0076,4,2,12,25,1,7,12
2024-11-10,FAC0113,0,0,8,5,0,9,18
2024-12-27,FAC0199,2,1,25,6,1,1,21
2023-03-24,FAC0131,0,2,23,18,2,2,14
2024-10-26,FAC0282,2,0,29,6,1,3,10
2024-11-10,FAC0105,0,0,10,20,0,3,21
2023-09-11,FAC0279,4,10,52,46,1,4,15
2024-02-04,FAC0275,2,3,18,11,1,8,15
2024-03-05,FAC0019,2,3,24,7,0,5,7
2023-04-06,FAC0273,4,2,22,9,0,5,6
2023-05-15,FAC0144,0,2,22,6,0,7,12
2024-01-17,FAC0300,3,1,10,14,1,3,10
2023-12-24,FAC0007,7,4,40,8,0,7,14
2023-12-28,FAC0009,2,1,19,11,0,3,14
2024-05-24,FAC0071,0,1,10,1,0,3,17
2023-10-20,FAC0162,3,3,50,10,1,10,15
2024-06-24,FAC0213,1,1,16,11,1,6,11
2024-02-09,FAC0147,1,4,14,27,2,7,14
2024-07-14,FAC0129,3,3,37,3,2,6,10
2024-10-29,FAC0083,2,0,18,3,2,6,12
2024-11-24,FAC0067,3,2,22,5,1,6,15
2023-04-29,FAC0073,0,1,4,4,0,3,16
2023-03-13,FAC0198,2,0,6,12,0,3,9
2024-12-08,FAC0161,0,0,10,1,0,4,10
2023-08-03,FAC0053,1,0,6,9,0,2,11
2024-10-19,FAC0252,6,9,79,17,2,4,17
2023-02-03,FAC0138,1,0,4,5,1,4,9
2024-05-22,FAC0053,0,0,9,6,0,3,9
2023-02-03,FAC0050,6,0,44,5,2,4,7
2023-04-23,FAC0010,0,0,8,5,0,3,7
2024-06-23,FAC0183,0,1,12,16,0,2,11
2024-05-10,FAC0039,4,1,17,13,1,2,17
2024-04-23,FAC0167,0,4,44,20,0,1,7
2024-12-10,FAC0201,5,7,32,33,0,2,10
2024-10-28,FAC0015,25,9,156,16,3,8,9
2024-10-31,FAC0228,2,0,10,14,0,5,14
2024-01-31,FAC0221,2,10,252,68,3,4,6
2023-07-24,FAC0085,0,1,5,3,0,2,8
2024-09-07,FAC0263,4,0,12,28,0,3,14
2023-07-27,FAC0263,3,4,20,20,1,4,12
2024-08-31,FAC0173,3,0,19,3,0,5,10
2024-08-21,FAC0222,5,2,49,10,4,6,17
2024-01-11,FAC0103,5,3,31,28,3,2,7
2023-09-16,FAC0027,2,25,297,57,2,6,8
2023-11-03,FAC0052,0,0,12,3,1,12,22
2024-02-25,FAC0006,9,6,74,170,9,5,13
2024-11-15,FAC0010,0,0,7,6,0,3,8
2024-09-25,FAC0065,4,9,28,57,2,3,17
2023-03-20,FAC0054,42,58,349,139,0,5,13
2024-08-21,FAC0103,0,6,48,11,2,4,8
2023-03-20,FAC0224,0,0,6,6,2,8,13
2023-09-02,FAC0030,1,0,12,2,0,2,7
2023-09-04,FAC0251,2,0,20,4,1,10,12
2023-08-01,FAC0081,5,3,33,5,0,6,11
2024-12-30,FAC0025,1,1,18,8,1,3,24
2023-11-22,FAC0074,1,0,4,4,1,2,10
2024-08-13,FAC0136,1,2,10,25,1,6,13
2024-05-28,FAC0089,8,1,34,27,2,7,10
2023-10-22,FAC0131,5,3,25,16,2,3,10
2024-05-31,FAC0022,0,0,17,1,1,2,8
2024-11-12,FAC0105,4,2,16,14,0,5,17
2023-02-02,FAC0203,5,4,69,29,0,5,17
2024-01-19,FAC0296,31,40,158,241,1,3,12
2023-08-24,FAC0140,1,0,24,8,0,9,14
2024-08-10,FAC0147,2,0,29,12,4,7,8
2024-05-08,FAC0190,9,5,31,50,2,7,16
2024-11-12,FAC0274,12,4,80,12,0,7,17
2023-04-12,FAC0044,2,0,14,22,1,4,19
2024-03-28,FAC0197,3,3,15,23,0,4,11
2024-02-19,FAC0111,1,4,11,25,1,2,16
2024-02-12,FAC0296,50,17,149,250,8,4,19
2023-03-09,FAC0163,2,1,11,18,1,8,21
2024-12-13,FAC0255,1,3,28,9,1,6,9
2024-04-08,FAC0147,0,1,18,23,1,4,14
2023-09-29,FAC0181,4,1,33,14,0,4,14
2024-10-08,FAC0205,9,0,43,39,1,6,10
2023-09-28,FAC0293,0,0,13,11,0,4,22
2024-11-02,FAC0262,3,2,16,6,0,6,15
2024-02-21,FAC0005,0,0,7,9,0,6,17
2023-05-03,FAC0133,6,7,28,31,1,3,7
2024-11-16,FAC0262,3,0,11,11,0,7,7
2024-06-28,FAC0176,2,1,7,18,0,8,10
2024-06-04,FAC0019,4,0,13,18,1,5,7
2023-07-29,FAC0134,2,1,8,15,1,1,7
2024-11-19,FAC0150,1,3,10,20,1,2,15
2024-07-18,FAC0276,1,3,13,20,1,5,10
2023-10-01,FAC0032,1,0,8,5,1,6,6
2024-02-19,FAC0095,1,0,30,10,2,6,9
2024-02-10,FAC0297,3,2,14,7,0,3,5
2023-09-29,FAC0115,6,1,28,31,2,7,13
2023-08-24,FAC0030,1,0,12,2,1,2,13
2023-11-07,FAC0081,4,1,29,9,1,5,11
2024-01-21,FAC0222,2,0,21,38,2,7,14
2024-10-04,FAC0094,7,1,41,16,2,5,13
2024-06-30,FAC0192,30,27,282,28,4,6,12
2024-04-15,FAC0085,0,1,6,2,1,3,11
2024-10-02,FAC0277,2,0,5,9,0,4,22
2024-12-06,FAC0188,0,36,242,66,1,1,14
2023-09-06,FAC0126,2,2,21,16,1,6,20
2023-08-26,FAC0032,1,1,10,3,1,10,11
2023-01-03,FAC0104,2,5,33,9,0,14,9
2024-03-28,FAC0286,2,1,9,9,1,2,13
2023-01-11,FAC0078,3,3,19,9,1,3,15
2024-03-31,FAC0125,0,2,17,6,1,5,15
2024-08-02,FAC0172,3,0,20,23,0,4,8
2023-05-29,FAC0185,7,23,127,127,5,8,17
2023-07-30,FAC0257,1,0,21,2,0,4,15
2024-04-12,FAC0159,4,2,35,6,1,3,8
2023-05-06,FAC0297,1,1,10,11,0,7,9
2023-03-07,FAC0101,0,5,16,27,2,3,14
2024-02-29,FAC0047,0,1,4,2,1,3,13
2023-10-26,FAC0064,6,0,55,21,3,7,16
2024-04-16,FAC0083,3,0,8,13,1,8,13
2024-05-25,FAC0131,2,2,20,21,0,4,9
2023-11-29,FAC0067,0,0,19,8,0,6,11
2023-05-17,FAC0128,0,4,29,28,1,7,8
2023-12-25,FAC0265,4,3,23,6,1,5,10
2023-04-01,FAC0216,0,1,3,8,0,6,8
2023-06-13,FAC0129,3,0,12,28,0,3,17
2024-09-02,FAC0031,3,19,249,142,4,3,13
2024-09-21,FAC0227,63,5,203,249,1,7,9
2023-05-28,FAC0062,1,1,9,13,0,2,12
2024-02-10,FAC0206,2,0,23,2,1,5,8
2024-05-30,FAC0064,5,5,57,19,1,5,9
2024-01-18,FAC0186,0,1,12,4,2,7,11
2023-07-14,FAC0188,17,13,232,76,5,1,12
2024-09-13,FAC0121,5,1,32,13,0,2,8
2024-01-21,FAC0190,8,0,44,37,0,11,14
2024-09-06,FAC0018,1,0,5,6,1,7,18
2024-01-03,FAC0184,3,2,14,22,0,7,14
2024-03-18,FAC0201,5,2,41,24,0,5,13
2024-10-11,FAC0035,3,1,20,2,0,4,12
2024-03-18,FAC0182,2,0,19,6,1,5,9
2024-07-27,FAC0134,3,0,16,7,0,3,12
2024-02-12,FAC0277,0,0,9,5,1,4,12
2023-12-23,FAC0250,1,1,11,10,0,4,9
2024-10-04,FAC0012,0,0,6,4,1,7,18
2023-06-15,FAC0113,1,0,11,2,1,4,10
2023-01-18,FAC0126,0,1,13,24,1,6,22
2024-05-05,FAC0025,3,0,14,12,1,2,25
2023-02-13,FAC0285,5,14,140,230,1,6,17
2024-06-11,FAC0224,0,1,10,2,2,6,17
2023-11-15,FAC0142,28,37,221,138,3,3,14
2024-08-15,FAC0234,0,1,5,6,1,1,5
2024-04-08,FAC0052,1,0,9,6,1,10,21
2023-06-11,FAC0077,0,1,3,7,0,6,17
2024-07-04,FAC0251,1,1,9,15,1,10,8
2023-05-27,FAC0167,0,6,54,10,0,1,6
2024-08-14,FAC0222,4,3,30,29,2,4,15
2024-11-02,FAC0154,3,0,30,20,1,5,11
2024-10-05,FAC0264,5,2,60,13,0,4,10
2024-06-27,FAC0243,24,28,189,104,0,8,12
2023-04-10,FAC0118,5,0,19,19,1,2,13
2023-01-04,FAC0284,22,19,167,48,3,2,12
2024-12-22,FAC0281,40,30,209,265,8,3,7
2024-09-23,FAC0039,3,3,11,19,0,2,12
2024-09-03,FAC0079,0,2,13,4,1,8,18
2023-11-17,FAC0166,1,0,13,4,0,3,18
2024-11-13,FAC0002,5,1,31,11,0,2,10
2024-04-19,FAC0146,1,0,8,1,1,3,9
2023-12-11,FAC0053,2,1,13,2,1,4,10
2024-02-15,FAC0133,7,6,20,39,3,2,12
2024-05-16,FAC0263,2,3,32,8,2,3,11
2023-10-05,FAC0186,0,1,10,6,2,4,10
2023-12-14,FAC0152,41,30,239,36,4,7,12
2024-08-20,FAC0163,1,0,23,6,0,4,21
2024-09-20,FAC0047,0,0,1,5,0,6,13
2023-02-11,FAC0244,1,1,5,6,1,5,12
2023-03-25,FAC0171,1,1,12,4,0,3,16
2024-05-10,FAC0004,1,1,15,9,1,6,15
2024-09-26,FAC0071,1,1,6,5,0,4,17
2024-11-25,FAC0242,0,1,9,6,1,3,8
2023-07-31,FAC0214,2,2,15,4,1,6,8
2023-03-21,FAC0176,3,1,7,18,0,9,9
2023-10-15,FAC0017,38,3,295,120,1,2,11
2023-11-01,FAC0210,0,1,44,6,2,5,8
2024-09-01,FAC0087,1,1,7,10,1,3,12
2023-05-14,FAC0097,3,5,68,18,0,6,14
2023-10-05,FAC0248,6,4,27,40,2,11,5
2023-07-29,FAC0130,1,2,15,9,1,5,16
2023-02-16,FAC0294,4,1,18,10,1,7,12
2024-08-01,FAC0161,1,0,6,5,0,7,16
2023-12-31,FAC0053,0,1,6,9,0,5,17
2023-12-19,FAC0071,1,1,4,7,0,5,11
2024-04-16,FAC0098,1,4,27,9,0,7,6
2023-12-24,FAC0099,3,2,18,41,3,4,7
2023-06-23,FAC0291,3,4,23,15,1,5,19
2024-06-07,FAC0147,4,0,18,23,0,3,13
2024-11-02,FAC0190,5,5,35,46,2,11,8
2024-12-06,FAC0192,30,7,164,146,4,5,9
2023-01-01,FAC0056,3,2,14,14,0,4,9
2023-08-26,FAC0063,2,2,28,4,1,4,8
2023-12-12,FAC0105,4,1,12,18,1,5,29
2024-10-22,FAC0020,2,2,14,6,1,2,5
2023-06-02,FAC0059,5,4,25,11,2,6,6
2024-06-15,FAC0022,1,1,11,7,0,4,8
2023-05-21,FAC0086,37,32,186,129,0,2,9
2024-08-21,FAC0011,0,0,13,6,1,5,5
2023-06-07,FAC0019,2,1,16,15,1,8,11
2023-05-23,FAC0015,11,0,154,18,3,6,11
2023-05-04,FAC0073,0,0,7,1,0,3,20
2024-09-02,FAC0157,2,0,20,10,1,7,7
2023-05-18,FAC0134,1,2,7,16,0,1,7
2023-06-17,FAC0016,2,2,11,7,0,3,10
2023-12-13,FAC0220,26,29,168,77,4,2,13
2023-01-22,FAC0224,0,1,10,2,1,4,13
2023-11-24,FAC0022,0,1,13,5,1,2,14
2024-12-09,FAC0284,23,8,104,111,1,3,11
2024-02-02,FAC0063,3,0,25,7,1,6,12
2023-03-16,FAC0036,1,1,5,11,0,4,8
2024-10-16,FAC0135,1,0,25,5,1,6,16
2023-02-05,FAC0028,0,4,43,3,0,9,21
2024-07-21,FAC0207,2,0,23,12,0,6,12
2024-08-24,FAC0153,4,2,28,8,3,1,11
2024-05-13,FAC0132,0,1,12,17,0,5,10
2024-10-15,FAC0230,4,1,20,15,0,4,15
2023-08-26,FAC0050,3,0,45,4,1,5,5
2023-07-04,FAC0182,3,1,18,7,0,6,8
2023-03-07,FAC0019,2,3,26,5,1,6,7
2023-10-22,FAC0031,7,25,322,69,1,1,12
2023-02-05,FAC0013,3,0,10,11,0,2,17
2023-11-29,FAC0218,0,1,7,4,2,8,13
2024-08-06,FAC0234,0,1,3,8,1,1,5
2023-09-08,FAC0016,2,1,8,10,2,3,10
2024-04-28,FAC0141,7,4,22,27,2,4,8
2024-04-12,FAC0132,2,2,16,13,1,7,6
2023-03-18,FAC0176,2,1,12,13,1,10,7
2024-11-03,FAC0075,0,0,6,6,0,11,16
2024-01-29,FAC0138,0,1,4,5,0,6,11
2023-03-25,FAC0205,6,1,44,38,1,9,15
2024-03-01,FAC0065,0,8,77,8,0,5,14
2024-09-15,FAC0052,1,0,10,5,1,11,15
2023-08-29,FAC0282,0,3,28,7,1,3,19
2023-11-11,FAC0134,3,0,12,11,0,3,12
2023-08-19,FAC0294,1,2,10,18,1,6,12
2024-05-22,FAC0049,0,3,80,9,1,8,8
2023-09-26,FAC0126,2,4,26,11,0,3,23
2024-04-21,FAC0118,3,1,20,18,0,3,16
2023-02-18,FAC0256,0,0,21,7,0,8,13
2023-12-22,FAC0080,2,1,7,7,0,5,8
2024-11-14,FAC0138,1,0,4,5,0,5,17
2023-12-07,FAC0126,0,0,24,13,1,5,20
2024-05-02,FAC0030,1,1,12,2,0,5,12
2024-11-02,FAC0265,1,2,9,20,1,6,6
2023-01-14,FAC0232,7,3,90,10,3,2,13
2023-08-30,FAC0161,1,1,8,3,0,7,13
2024-07-14,FAC0073,1,1,2,6,0,4,15
2024-07-07,FAC0199,4,2,17,14,1,1,22
2023-05-05,FAC0010,1,1,6,7,0,5,11
2023-05-19,FAC0103,4,5,42,17,3,2,11
2023-11-26,FAC0136,1,1,11,24,1,4,15
2023-06-14,FAC0190,0,9,38,43,1,9,14
2024-06-16,FAC0241,2,0,5,10,0,5,16
2024-02-26,FAC0027,11,17,311,43,2,6,12
2024-07-27,FAC0103,0,1,21,38,0,3,10
2024-10-03,FAC0193,2,0,18,6,1,7,10
2023-10-11,FAC0089,4,6,48,13,0,7,9
2024-09-19,FAC0229,3,0,15,8,1,7,12
2023-08-21,FAC0096,0,1,32,2,1,5,10
2024-07-13,FAC0098,5,2,26,10,0,10,5
2024-11-01,FAC0141,2,4,25,24,1,4,10
2024-01-18,FAC0205,6,1,67,15,0,9,12
2024-12-14,FAC0207,4,1,31,4,1,8,10
2024-05-26,FAC0054,8,19,182,306,4,4,12
2024-06-24,FAC0076,2,3,19,18,1,10,14
2024-04-18,FAC0264,0,0,56,17,1,4,15
2024-03-16,FAC0048,5,1,25,16,0,9,16
