staff_id,staff_name,facility_id,role,experience_years,shift
STF00001,Vijay Nair,FAC0016,Ambulance Driver,14,Evening
STF00002,Amit Mane,FAC0075,Ambulance Driver,25,Night
STF00003,Omkar Nair,FAC0175,Pharmacist,15,Evening
STF00004,Gauri Kadam,FAC0241,Nurse,10,Night
STF00005,Gauri Sawant,FAC0294,Receptionist,22,Morning
STF00006,Varun Yadav,FAC0273,Receptionist,11,Night
STF00007,Varun Joshi,FAC0139,Nurse,9,Evening
STF00008,Neha Mane,FAC0123,Nurse,11,Night
STF00009,Santosh Salve,FAC0266,Nurse,11,Night
STF00010,Yogesh Tiwari,FAC0097,Technician,22,Night
STF00011,Aarti Gupta,FAC0152,Support Staff,23,Morning
STF00012,Tushar Waghmare,FAC0165,Ambulance Driver,18,Morning
STF00013,Sonal Pawar,FAC0150,Technician,4,Night
STF00014,Savita Deshpande,FAC0094,Ambulance Driver,11,Night
STF00015,Vikram Nair,FAC0139,Nurse,16,Night
STF00016,Suresh Kadam,FAC0037,Nurse,20,Evening
STF00017,Savita Surve,FAC0035,Support Staff,1,Morning
STF00018,Omkar Salve,FAC0282,Support Staff,15,Night
STF00019,Archana Yadav,FAC0137,Technician,7,Morning
STF00020,Prakash Shinde,FAC0224,Technician,16,Evening
STF00021,Shweta Jadhav,FAC0028,Nurse,12,Morning
STF00022,Tushar Shinde,FAC0138,Nurse,18,Morning
STF00023,Rahul Shinde,FAC0291,Nurse,22,Morning
STF00024,Santosh Gaikwad,FAC0142,Support Staff,24,Evening
STF00025,Madhuri Nair,FAC0293,Nurse,20,Evening
STF00026,Akash Sawant,FAC0012,Support Staff,5,Night
STF00027,Smita Patil,FAC0105,Nurse,13,Night
STF00028,Anita Shinde,FAC0139,Nurse,24,Evening
STF00029,Smita More,FAC0124,Support Staff,8,Evening
STF00030,Sonal Gupta,FAC0055,Support Staff,9,Morning
STF00031,Sanjay Gaikwad,FAC0198,Pharmacist,20,Evening
STF00032,Manoj Singh,FAC0228,Support Staff,14,Evening
STF00033,Rohit Mishra,FAC0195,Support Staff,25,Morning
STF00034,Tushar Raut,FAC0252,Nurse,22,Evening
STF00035,Smita Kadam,FAC0256,Nurse,1,Night
STF00036,Vijay Sharma,FAC0074,Receptionist,12,Night
STF00037,Prakash Mane,FAC0107,Nurse,13,Morning
STF00038,Ganesh Sharma,FAC0149,Nurse,23,Morning
STF00039,Kiran Kumar,FAC0289,Support Staff,22,Morning
STF00040,Rajesh Mane,FAC0200,Technician,1,Night
STF00041,Vijay Lokhande,FAC0229,Nurse,14,Evening
STF00042,Nilesh More,FAC0188,Nurse,9,Evening
STF00043,Nisha Tiwari,FAC0265,Nurse,19,Night
STF00044,Reshma Gaikwad,FAC0187,Support Staff,13,Morning
STF00045,Pawan Nair,FAC0048,Ambulance Driver,6,Night
STF00046,Manoj Bhosale,FAC0131,Nurse,17,Evening
STF00047,Archana Bhosale,FAC0096,Support Staff,9,Morning
STF00048,Sunita Shah,FAC0048,Technician,8,Night
STF00049,Sonal Patil,FAC0217,Nurse,16,Morning
STF00050,Meena Chavan,FAC0035,Receptionist,3,Morning
STF00051,Reshma Mane,FAC0237,Technician,25,Night
STF00052,Ashwini Kamble,FAC0126,Nurse,6,Morning
STF00053,Nisha Raut,FAC0011,Ambulance Driver,17,Night
STF00054,Manoj Kamble,FAC0025,Pharmacist,6,Evening
STF00055,Savita Salve,FAC0189,Nurse,20,Night
STF00056,Ajay More,FAC0057,Nurse,6,Night
STF00057,Priya Bhosale,FAC0194,Ambulance Driver,3,Morning
STF00058,Rohit Singh,FAC0203,Technician,16,Night
STF00059,Tushar Sharma,FAC0267,Support Staff,15,Evening
STF00060,Nisha Surve,FAC0208,Ambulance Driver,24,Evening
STF00061,Sanjay Jadhav,FAC0065,Nurse,16,Morning
STF00062,Ujwala Lokhande,FAC0060,Support Staff,10,Night
STF00063,Nilesh Pawar,FAC0013,Pharmacist,12,Evening
STF00064,Swapnil Shah,FAC0076,Nurse,25,Evening
STF00065,Rekha Patil,FAC0203,Receptionist,10,Morning
STF00066,Swati Kumar,FAC0250,Support Staff,9,Evening
STF00067,Santosh Desai,FAC0238,Pharmacist,7,Morning
STF00068,Pallavi Desai,FAC0052,Support Staff,21,Evening
STF00069,Varun Bhosale,FAC0222,Technician,13,Morning
STF00070,Dinesh Kamble,FAC0245,Support Staff,18,Morning
STF00071,Dinesh Joshi,FAC0100,Nurse,11,Evening
STF00072,Manisha Nair,FAC0075,Nurse,4,Night
STF00073,Sachin Mane,FAC0112,Nurse,17,Night
STF00074,Varun Sawant,FAC0236,Pharmacist,11,Evening
STF00075,Yogesh Waghmare,FAC0300,Pharmacist,17,Morning
STF00076,Abhijit Nair,FAC0019,Pharmacist,17,Night
STF00077,Aarti Kumar,FAC0194,Technician,5,Evening
STF00078,Manoj Mishra,FAC0137,Ambulance Driver,21,Morning
STF00079,Sonal Desai,FAC0142,Nurse,13,Evening
STF00080,Akash Pawar,FAC0100,Nurse,5,Evening
STF00081,Akash Salve,FAC0219,Ambulance Driver,5,Night
STF00082,Meena Singh,FAC0084,Nurse,3,Morning
STF00083,Dinesh Gupta,FAC0240,Ambulance Driver,8,Morning
STF00084,Varun Singh,FAC0236,Nurse,22,Evening
STF00085,Rohit Raut,FAC0296,Support Staff,9,Night
STF00086,Nitin Gupta,FAC0270,Receptionist,11,Morning
STF00087,Mamta Patil,FAC0126,Technician,9,Morning
STF00088,Nilesh Singh,FAC0261,Technician,11,Evening
STF00089,Suresh Chavan,FAC0154,Nurse,19,Evening
STF00090,Ujwala Kulkarni,FAC0128,Technician,8,Evening
STF00091,Vishal Kadam,FAC0186,Receptionist,17,Evening
STF00092,Ravi Sharma,FAC0042,Technician,10,Morning
STF00093,Dinesh Raut,FAC0034,Support Staff,22,Evening
STF00094,Nilesh Patil,FAC0079,Pharmacist,14,Evening
STF00095,Nilesh Raut,FAC0158,Support Staff,4,Morning
STF00096,Santosh Kamble,FAC0110,Support Staff,13,Evening
STF00097,Pooja Sharma,FAC0085,Nurse,20,Evening
STF00098,Vijay Tiwari,FAC0052,Technician,3,Morning
STF00099,Dinesh Tiwari,FAC0253,Nurse,14,Morning
STF00100,Sunita Kulkarni,FAC0242,Support Staff,1,Morning
STF00101,Akash Jadhav,FAC0183,Support Staff,12,Night
STF00102,Amit Shah,FAC0170,Nurse,10,Morning
STF00103,Tushar More,FAC0001,Support Staff,20,Morning
STF00104,Akash Bhosale,FAC0056,Support Staff,16,Evening
STF00105,Kavita Waghmare,FAC0146,Support Staff,3,Morning
STF00106,Gauri Sharma,FAC0264,Support Staff,6,Morning
STF00107,Aarti More,FAC0202,Receptionist,2,Evening
STF00108,Deepak Yadav,FAC0261,Support Staff,12,Evening
STF00109,Prakash Pawar,FAC0159,Pharmacist,8,Night
STF00110,Kavita Desai,FAC0080,Technician,23,Morning
STF00111,Rekha Kulkarni,FAC0056,Support Staff,5,Evening
STF00112,Ajay Kumar,FAC0164,Nurse,11,Night
STF00113,Akash Bhosale,FAC0283,Pharmacist,4,Night
STF00114,Pooja Kadam,FAC0018,Support Staff,21,Evening
STF00115,Sneha More,FAC0017,Nurse,2,Evening
STF00116,Manoj Chavan,FAC0166,Technician,13,Evening
STF00117,Prakash Surve,FAC0217,Ambulance Driver,23,Night
STF00118,Meena Lokhande,FAC0004,Support Staff,6,Morning
STF00119,Yogesh Kulkarni,FAC0076,Technician,11,Morning
STF00120,Deepa More,FAC0143,Technician,16,Morning
STF00121,Prakash Tiwari,FAC0185,Nurse,1,Night
STF00122,Reshma Chavan,FAC0054,Pharmacist,1,Evening
STF00123,Aarti Kamble,FAC0171,Nurse,5,Night
STF00124,Smita Surve,FAC0271,Nurse,13,Night
STF00125,Deepa Shah,FAC0021,Nurse,25,Evening
STF00126,Lata Sawant,FAC0234,Nurse,25,Morning
STF00127,Omkar Raut,FAC0033,Pharmacist,21,Evening
STF00128,Dinesh Sawant,FAC0293,Support Staff,20,Morning
STF00129,Shweta Desai,FAC0154,Nurse,9,Night
STF00130,Meena Patil,FAC0131,Receptionist,19,Evening
STF00131,Sneha Patil,FAC0231,Nurse,8,Morning
STF00132,Omkar Raut,FAC0141,Nurse,3,Night
STF00133,Savita Mishra,FAC0257,Support Staff,1,Night
STF00134,Akash Pawar,FAC0027,Ambulance Driver,22,Evening
STF00135,Madhuri Kadam,FAC0060,Receptionist,10,Morning
STF00136,Neha Patil,FAC0280,Ambulance Driver,6,Night
STF00137,Rahul Shinde,FAC0126,Nurse,21,Evening
STF00138,Aarti Bhosale,FAC0133,Support Staff,24,Morning
STF00139,Ravi Mane,FAC0105,Pharmacist,14,Night
STF00140,Pawan Nair,FAC0159,Ambulance Driver,10,Night
STF00141,Ajay Jadhav,FAC0063,Nurse,5,Morning
STF00142,Suresh Joshi,FAC0232,Support Staff,4,Evening
STF00143,Smita Salve,FAC0247,Technician,4,Night
STF00144,Ganesh Tiwari,FAC0181,Pharmacist,3,Morning
STF00145,Savita Tiwari,FAC0010,Technician,9,Night
STF00146,Ravi Joshi,FAC0075,Support Staff,6,Evening
STF00147,Ashwini Kamble,FAC0180,Nurse,25,Morning
STF00148,Abhijit Tiwari,FAC0054,Ambulance Driver,14,Night
STF00149,Vishal Kumar,FAC0248,Nurse,7,Night
STF00150,Dinesh Surve,FAC0117,Support Staff,24,Night
STF00151,Kiran Mane,FAC0199,Technician,15,Evening
STF00152,Priya Shah,FAC0232,Support Staff,2,Morning
STF00153,Prakash Lokhande,FAC0191,Nurse,22,Night
STF00154,Omkar Shinde,FAC0044,Support Staff,15,Morning
STF00155,Rekha Deshpande,FAC0060,Technician,25,Night
STF00156,Varun Tiwari,FAC0175,Technician,18,Morning
STF00157,Deepak Nair,FAC0163,Ambulance Driver,21,Morning
STF00158,Nitin Kulkarni,FAC0029,Nurse,4,Evening
STF00159,Swapnil Lokhande,FAC0144,Support Staff,5,Evening
STF00160,Deepak Singh,FAC0039,Support Staff,12,Evening
STF00161,Ravi Kumar,FAC0146,Pharmacist,1,Evening
STF00162,Suresh Shinde,FAC0052,Support Staff,17,Evening
STF00163,Akash Pawar,FAC0064,Ambulance Driver,11,Morning
STF00164,Lata Chavan,FAC0026,Support Staff,8,Evening
STF00165,Shweta Kumar,FAC0282,Ambulance Driver,3,Night
STF00166,Ujwala Kadam,FAC0153,Nurse,18,Morning
STF00167,Prakash Salve,FAC0048,Nurse,14,Night
STF00168,Yogesh Deshpande,FAC0003,Nurse,4,Morning
STF00169,Suresh Salve,FAC0208,Technician,12,Night
STF00170,Ashwini More,FAC0127,Technician,18,Morning
STF00171,Savita Patil,FAC0054,Receptionist,19,Night
STF00172,Vishal Chavan,FAC0065,Nurse,23,Morning
STF00173,Nisha Raut,FAC0003,Nurse,14,Night
STF00174,Rohit Gaikwad,FAC0097,Technician,24,Evening
STF00175,Omkar Joshi,FAC0199,Pharmacist,20,Morning
STF00176,Deepak Salve,FAC0211,Nurse,13,Night
STF00177,Vaishali Sharma,FAC0216,Receptionist,4,Evening
STF00178,Sanjay Singh,FAC0208,Nurse,4,Night
STF00179,Akash Shinde,FAC0095,Receptionist,19,Night
STF00180,Deepa Desai,FAC0119,Nurse,2,Morning
STF00181,Suresh Shah,FAC0112,Receptionist,5,Evening
STF00182,Rahul Lokhande,FAC0057,Receptionist,23,Night
STF00183,Vishal Yadav,FAC0074,Nurse,15,Morning
STF00184,Nitin Joshi,FAC0211,Support Staff,11,Evening
STF00185,Ganesh Mane,FAC0075,Pharmacist,7,Morning
STF00186,Gauri Salve,FAC0125,Support Staff,22,Evening
STF00187,Ravi Desai,FAC0222,Nurse,1,Evening
STF00188,Santosh Shinde,FAC0149,Ambulance Driver,17,Morning
STF00189,Abhijit Patil,FAC0091,Nurse,9,Evening
STF00190,Vikram Mane,FAC0034,Ambulance Driver,17,Night
STF00191,Swapnil Salve,FAC0103,Receptionist,15,Night
STF00192,Ajay Waghmare,FAC0083,Support Staff,9,Evening
STF00193,Sonal Nair,FAC0249,Nurse,8,Evening
STF00194,Deepa Mane,FAC0057,Receptionist,5,Evening
STF00195,Nisha Tiwari,FAC0140,Nurse,4,Night
STF00196,Yogesh Shinde,FAC0033,Ambulance Driver,1,Night
STF00197,Madhuri Nair,FAC0126,Support Staff,9,Night
STF00198,Gauri Joshi,FAC0094,Technician,17,Night
STF00199,Abhijit Nair,FAC0168,Nurse,1,Night
STF00200,Ravi Shinde,FAC0247,Technician,1,Morning
STF00201,Tushar Salve,FAC0129,Ambulance Driver,14,Night
STF00202,Pallavi Shinde,FAC0290,Nurse,13,Night
STF00203,Amit Kamble,FAC0126,Technician,7,Evening
STF00204,Prakash Deshpande,FAC0124,Pharmacist,25,Night
STF00205,Kavita Shinde,FAC0009,Pharmacist,18,Night
STF00206,Neha Waghmare,FAC0211,Support Staff,8,Morning
STF00207,Nitin Nair,FAC0038,Technician,24,Morning
STF00208,Rajesh Shinde,FAC0110,Ambulance Driver,8,Morning
STF00209,Anil Yadav,FAC0210,Nurse,19,Morning
STF00210,Madhuri Gaikwad,FAC0048,Support Staff,7,Evening
STF00211,Vaishali Mishra,FAC0275,Nurse,9,Night
STF00212,Pooja Gupta,FAC0142,Nurse,23,Night
STF00213,Yogesh Sawant,FAC0111,Support Staff,16,Evening
STF00214,Anil Patil,FAC0118,Nurse,19,Night
STF00215,Pawan More,FAC0232,Receptionist,12,Night
STF00216,Nitin Salve,FAC0293,Ambulance Driver,21,Morning
STF00217,Sunita Singh,FAC0120,Nurse,6,Night
STF00218,Lata Waghmare,FAC0102,Nurse,7,Morning
STF00219,Suresh Singh,FAC0069,Receptionist,8,Morning
STF00220,Archana Kulkarni,FAC0154,Pharmacist,25,Night
STF00221,Rahul More,FAC0243,Support Staff,6,Evening
STF00222,Vijay Mishra,FAC0216,Nurse,6,Morning
STF00223,Archana Gaikwad,FAC0213,Nurse,5,Morning
STF00224,Nisha Raut,FAC0285,Nurse,17,Night
STF00225,Pooja Chavan,FAC0169,Support Staff,19,Evening
STF00226,Archana More,FAC0111,Technician,19,Evening
STF00227,Meena Sharma,FAC0143,Support Staff,15,Evening
STF00228,Sneha Bhosale,FAC0011,Support Staff,25,Morning
STF00229,Suresh Tiwari,FAC0047,Ambulance Driver,15,Night
STF00230,Komal Deshpande,FAC0274,Support Staff,8,Morning
STF00231,Sachin More,FAC0070,Support Staff,19,Morning
STF00232,Nisha Kamble,FAC0124,Support Staff,5,Morning
STF00233,Komal Jadhav,FAC0124,Technician,3,Night
STF00234,Prakash Nair,FAC0133,Technician,3,Evening
STF00235,Shweta Chavan,FAC0219,Support Staff,2,Evening
STF00236,Rekha Sharma,FAC0046,Nurse,8,Night
STF00237,Vishal Mishra,FAC0280,Nurse,24,Morning
STF00238,Rahul Desai,FAC0142,Technician,22,Evening
STF00239,Rahul Jadhav,FAC0013,Ambulance Driver,25,Night
STF00240,Vijay Kumar,FAC0300,Nurse,24,Morning
STF00241,Vaishali Mane,FAC0225,Technician,4,Night
STF00242,Manoj Mane,FAC0014,Ambulance Driver,24,Night
STF00243,Deepak Mishra,FAC0259,Pharmacist,4,Night
STF00244,Varun Gupta,FAC0280,Nurse,3,Morning
STF00245,Madhuri Mishra,FAC0252,Technician,10,Night
STF00246,Varun Tiwari,FAC0148,Nurse,25,Night
STF00247,Santosh Waghmare,FAC0021,Nurse,16,Night
STF00248,Anil Raut,FAC0002,Nurse,2,Night
STF00249,Pallavi Singh,FAC0175,Pharmacist,21,Morning
STF00250,Rupali Shinde,FAC0208,Nurse,5,Evening
STF00251,Ashwini Mane,FAC0262,Pharmacist,9,Morning
STF00252,Vishal Desai,FAC0296,Pharmacist,6,Evening
STF00253,Archana Pawar,FAC0241,Ambulance Driver,21,Morning
STF00254,Smita Mane,FAC0286,Pharmacist,20,Evening
STF00255,Manoj Jadhav,FAC0270,Ambulance Driver,25,Morning
STF00256,Anil Chavan,FAC0063,Nurse,2,Evening
STF00257,Priya Salve,FAC0271,Nurse,18,Night
STF00258,Nilesh Deshpande,FAC0091,Support Staff,21,Night
STF00259,Vaishali Jadhav,FAC0097,Technician,13,Night
STF00260,Pawan Kadam,FAC0034,Nurse,5,Morning
STF00261,Rupali Yadav,FAC0088,Receptionist,24,Night
STF00262,Yogesh Lokhande,FAC0011,Pharmacist,6,Morning
STF00263,Neha Shinde,FAC0271,Pharmacist,24,Evening
STF00264,Swapnil Desai,FAC0043,Support Staff,9,Evening
STF00265,Rajesh Mishra,FAC0200,Nurse,21,Morning
STF00266,Tushar Gaikwad,FAC0096,Ambulance Driver,2,Evening
STF00267,Sanjay Kamble,FAC0096,Nurse,22,Evening
STF00268,Santosh Tiwari,FAC0194,Receptionist,16,Evening
STF00269,Sachin Surve,FAC0295,Support Staff,17,Night
STF00270,Ajay Nair,FAC0056,Ambulance Driver,24,Evening
STF00271,Rekha Waghmare,FAC0170,Technician,9,Night
STF00272,Lata Gupta,FAC0175,Support Staff,2,Morning
STF00273,Dinesh Pawar,FAC0123,Support Staff,10,Morning
STF00274,Meena Shah,FAC0100,Support Staff,12,Night
STF00275,Ajay Tiwari,FAC0203,Support Staff,4,Night
STF00276,Smita Waghmare,FAC0049,Support Staff,3,Night
STF00277,Smita Pawar,FAC0279,Technician,4,Morning
STF00278,Neha Kulkarni,FAC0102,Technician,21,Evening
STF00279,Swapnil Desai,FAC0021,Receptionist,8,Evening
STF00280,Abhijit Sawant,FAC0259,Support Staff,25,Evening
STF00281,Vishal Kamble,FAC0209,Nurse,17,Night
STF00282,Mamta Patil,FAC0095,Support Staff,1,Morning
STF00283,Rohit Kulkarni,FAC0213,Technician,11,Morning
STF00284,Sneha Sawant,FAC0126,Technician,1,Night
STF00285,Deepak Chavan,FAC0136,Receptionist,16,Night
STF00286,Ujwala Sharma,FAC0213,Nurse,24,Morning
STF00287,Ujwala Desai,FAC0178,Pharmacist,20,Morning
STF00288,Kiran Mishra,FAC0064,Nurse,3,Night
STF00289,Sonal Kadam,FAC0150,Nurse,18,Morning
STF00290,Neha More,FAC0072,Technician,1,Evening
STF00291,Kavita Gaikwad,FAC0259,Support Staff,20,Morning
STF00292,Vijay Salve,FAC0215,Nurse,11,Morning
STF00293,Sachin Nair,FAC0151,Receptionist,24,Morning
STF00294,Rahul Mishra,FAC0188,Support Staff,2,Night
STF00295,Tushar Singh,FAC0220,Nurse,13,Evening
STF00296,Manoj Lokhande,FAC0060,Technician,4,Night
STF00297,Yogesh Pawar,FAC0029,Support Staff,7,Night
STF00298,Ganesh Kulkarni,FAC0046,Pharmacist,20,Morning
STF00299,Ravi Mishra,FAC0109,Nurse,24,Morning
STF00300,Mamta Lokhande,FAC0183,Nurse,11,Morning
STF00301,Gauri Yadav,FAC0293,Technician,14,Morning
STF00302,Sanjay Joshi,FAC0074,Pharmacist,18,Night
STF00303,Deepak Raut,FAC0060,Nurse,2,Morning
STF00304,Ashwini Bhosale,FAC0230,Nurse,17,Morning
STF00305,Ujwala Joshi,FAC0282,Technician,22,Night
STF00306,Pallavi Sharma,FAC0120,Pharmacist,7,Night
STF00307,Pawan Kumar,FAC0190,Nurse,22,Evening
STF00308,Akash Shah,FAC0260,Receptionist,2,Evening
STF00309,Dinesh Patil,FAC0294,Support Staff,10,Morning
STF00310,Abhijit Sharma,FAC0085,Support Staff,19,Evening
STF00311,Rupali Tiwari,FAC0216,Receptionist,21,Night
STF00312,Kiran Sharma,FAC0152,Support Staff,22,Night
STF00313,Ujwala Joshi,FAC0234,Ambulance Driver,22,Morning
STF00314,Kiran Shah,FAC0297,Nurse,12,Evening
STF00315,Priya Mishra,FAC0053,Nurse,19,Evening
STF00316,Ujwala Pawar,FAC0100,Support Staff,19,Morning
STF00317,Abhijit Kulkarni,FAC0115,Nurse,25,Evening
STF00318,Varun Kumar,FAC0029,Pharmacist,18,Evening
STF00319,Kiran Shinde,FAC0080,Support Staff,16,Evening
STF00320,Vishal Pawar,FAC0227,Ambulance Driver,1,Morning
STF00321,Varun Gaikwad,FAC0117,Technician,24,Night
STF00322,Ajay Raut,FAC0186,Receptionist,20,Night
STF00323,Mamta Patil,FAC0009,Nurse,18,Evening
STF00324,Yogesh Kumar,FAC0061,Support Staff,22,Morning
STF00325,Savita Kamble,FAC0016,Receptionist,11,Night
STF00326,Aarti Kulkarni,FAC0184,Pharmacist,25,Night
STF00327,Akash Kadam,FAC0282,Receptionist,3,Evening
STF00328,Rohit Deshpande,FAC0111,Pharmacist,3,Morning
STF00329,Tushar Joshi,FAC0075,Nurse,22,Morning
STF00330,Omkar Pawar,FAC0062,Technician,25,Evening
STF00331,Tushar Mishra,FAC0124,Pharmacist,5,Night
STF00332,Omkar More,FAC0021,Support Staff,9,Morning
STF00333,Swapnil Joshi,FAC0004,Ambulance Driver,1,Night
STF00334,Suresh Chavan,FAC0033,Receptionist,13,Morning
STF00335,Sanjay Chavan,FAC0042,Technician,3,Night
STF00336,Sneha Joshi,FAC0025,Nurse,1,Morning
STF00337,Kiran Sharma,FAC0042,Receptionist,9,Evening
STF00338,Santosh Mishra,FAC0028,Support Staff,11,Evening
STF00339,Swati Yadav,FAC0101,Support Staff,17,Night
STF00340,Kiran Salve,FAC0189,Receptionist,2,Morning
STF00341,Varun Bhosale,FAC0226,Nurse,16,Evening
STF00342,Vishal Kadam,FAC0230,Nurse,23,Morning
STF00343,Rahul Nair,FAC0071,Receptionist,20,Evening
STF00344,Dinesh Desai,FAC0243,Ambulance Driver,16,Evening
STF00345,Priya Kadam,FAC0035,Technician,20,Evening
STF00346,Neha Pawar,FAC0035,Receptionist,9,Morning
STF00347,Pawan Surve,FAC0161,Nurse,5,Evening
STF00348,Komal Surve,FAC0056,Nurse,13,Evening
STF00349,Suresh Jadhav,FAC0085,Technician,7,Night
STF00350,Reshma Lokhande,FAC0058,Nurse,13,Morning
STF00351,Swati Deshpande,FAC0163,Support Staff,22,Morning
STF00352,Neha Pawar,FAC0193,Technician,12,Morning
STF00353,Deepak Salve,FAC0280,Nurse,22,Evening
STF00354,Sunita Kulkarni,FAC0297,Nurse,6,Evening
STF00355,Anil Bhosale,FAC0049,Nurse,2,Evening
STF00356,Ganesh Deshpande,FAC0129,Nurse,7,Morning
STF00357,Savita Deshpande,FAC0238,Nurse,5,Night
STF00358,Mamta More,FAC0039,Nurse,6,Morning
STF00359,Suresh Yadav,FAC0275,Support Staff,19,Morning
STF00360,Komal Sawant,FAC0088,Nurse,14,Night
STF00361,Abhijit Lokhande,FAC0225,Ambulance Driver,22,Morning
STF00362,Shweta Joshi,FAC0125,Support Staff,18,Morning
STF00363,Ashwini Gaikwad,FAC0210,Technician,11,Morning
STF00364,Savita Kumar,FAC0012,Ambulance Driver,24,Evening
STF00365,Aarti Surve,FAC0220,Technician,21,Evening
STF00366,Swapnil Deshpande,FAC0032,Technician,23,Evening
STF00367,Pallavi Mishra,FAC0076,Support Staff,17,Morning
STF00368,Omkar More,FAC0044,Pharmacist,5,Night
STF00369,Pooja Jadhav,FAC0168,Nurse,12,Night
STF00370,Abhijit Sawant,FAC0188,Receptionist,22,Morning
STF00371,Rupali Kulkarni,FAC0136,Support Staff,4,Evening
STF00372,Akash Kulkarni,FAC0090,Technician,25,Morning
STF00373,Akash Nair,FAC0021,Technician,15,Night
STF00374,Tushar Nair,FAC0278,Nurse,20,Evening
STF00375,Tushar Desai,FAC0020,Support Staff,5,Evening
STF00376,Deepa Sharma,FAC0278,Receptionist,8,Evening
STF00377,Yogesh Sharma,FAC0067,Technician,10,Evening
STF00378,Kiran Jadhav,FAC0263,Support Staff,20,Night
STF00379,Vikram Tiwari,FAC0280,Nurse,15,Night
STF00380,Dinesh More,FAC0047,Receptionist,15,Evening
STF00381,Gauri Pawar,FAC0230,Support Staff,13,Evening
STF00382,Madhuri Sharma,FAC0096,Ambulance Driver,22,Morning
STF00383,Vijay Singh,FAC0040,Nurse,25,Night
STF00384,Rohit Kulkarni,FAC0253,Technician,18,Evening
STF00385,Manisha Kamble,FAC0259,Technician,14,Evening
STF00386,Rupali Pawar,FAC0164,Support Staff,5,Night
STF00387,Nitin Joshi,FAC0273,Support Staff,2,Evening
STF00388,Amit Kumar,FAC0122,Pharmacist,6,Evening
STF00389,Ganesh Singh,FAC0185,Support Staff,22,Evening
STF00390,Priya Gupta,FAC0292,Nurse,15,Morning
STF00391,Prakash Kamble,FAC0091,Nurse,18,Night
STF00392,Vikram Shah,FAC0269,Nurse,6,Evening
STF00393,Kiran Gaikwad,FAC0151,Nurse,12,Morning
STF00394,Savita Kadam,FAC0295,Receptionist,24,Evening
STF00395,Madhuri Shinde,FAC0280,Support Staff,7,Night
STF00396,Nitin Surve,FAC0041,Pharmacist,9,Night
STF00397,Dinesh Deshpande,FAC0173,Nurse,25,Night
STF00398,Rupali More,FAC0200,Support Staff,11,Morning
STF00399,Sachin Sharma,FAC0114,Support Staff,8,Evening
STF00400,Pawan Kadam,FAC0055,Nurse,17,Night
STF00401,Anil Kadam,FAC0251,Pharmacist,21,Night
STF00402,Reshma Gupta,FAC0165,Nurse,20,Evening
STF00403,Deepak Yadav,FAC0004,Support Staff,8,Morning
STF00404,Kavita Surve,FAC0263,Nurse,22,Night
STF00405,Amit Pawar,FAC0248,Support Staff,20,Morning
STF00406,Meena Tiwari,FAC0298,Support Staff,11,Morning
STF00407,Deepak Jadhav,FAC0108,Nurse,12,Evening
STF00408,Sanjay Shinde,FAC0168,Nurse,4,Evening
STF00409,Gauri Singh,FAC0110,Ambulance Driver,12,Evening
STF00410,Sunita Patil,FAC0230,Nurse,14,Evening
STF00411,Reshma Tiwari,FAC0056,Nurse,5,Evening
STF00412,Ganesh Sharma,FAC0091,Nurse,12,Evening
STF00413,Komal Desai,FAC0269,Support Staff,4,Evening
STF00414,Meena Mane,FAC0245,Ambulance Driver,5,Morning
STF00415,Shweta Mishra,FAC0270,Nurse,17,Night
STF00416,Tushar Surve,FAC0170,Pharmacist,5,Night
STF00417,Santosh Tiwari,FAC0299,Pharmacist,11,Night
STF00418,Manoj Deshpande,FAC0153,Technician,9,Morning
STF00419,Kiran Sawant,FAC0144,Technician,24,Night
STF00420,Mamta Sharma,FAC0163,Pharmacist,12,Night
STF00421,Dinesh Shinde,FAC0156,Nurse,5,Night
STF00422,Manoj Surve,FAC0171,Support Staff,14,Morning
STF00423,Rajesh Yadav,FAC0080,Support Staff,2,Evening
STF00424,Rekha Yadav,FAC0038,Technician,8,Morning
STF00425,Rahul Sawant,FAC0036,Ambulance Driver,11,Morning
STF00426,Kiran Lokhande,FAC0105,Technician,17,Night
STF00427,Lata Bhosale,FAC0052,Ambulance Driver,22,Evening
STF00428,Smita Kumar,FAC0198,Technician,13,Night
STF00429,Vikram Raut,FAC0114,Nurse,23,Evening
STF00430,Vishal Patil,FAC0212,Ambulance Driver,10,Morning
STF00431,Lata Pawar,FAC0086,Pharmacist,17,Evening
STF00432,Vishal Kulkarni,FAC0279,Technician,6,Morning
STF00433,Rekha Raut,FAC0103,Support Staff,5,Night
STF00434,Ganesh Singh,FAC0048,Receptionist,20,Morning
STF00435,Anil Deshpande,FAC0126,Support Staff,17,Evening
STF00436,Priya Nair,FAC0238,Nurse,18,Evening
STF00437,Kavita Gupta,FAC0266,Ambulance Driver,13,Night
STF00438,Vikram Sawant,FAC0180,Nurse,6,Evening
STF00439,Anil Deshpande,FAC0288,Ambulance Driver,12,Night
STF00440,Rekha Sharma,FAC0017,Pharmacist,19,Evening
STF00441,Yogesh Gupta,FAC0233,Technician,25,Evening
STF00442,Komal Kamble,FAC0201,Nurse,4,Morning
STF00443,Kavita Waghmare,FAC0241,Ambulance Driver,4,Morning
STF00444,Vaishali Shah,FAC0112,Nurse,23,Night
STF00445,Pooja Kulkarni,FAC0167,Support Staff,1,Morning
STF00446,Archana Raut,FAC0110,Support Staff,20,Night
STF00447,Aarti Kamble,FAC0219,Support Staff,24,Evening
STF00448,Komal Kulkarni,FAC0121,Nurse,10,Night
STF00449,Sonal Tiwari,FAC0187,Support Staff,11,Night
STF00450,Komal Bhosale,FAC0105,Support Staff,18,Evening
STF00451,Vishal Raut,FAC0238,Pharmacist,16,Night
STF00452,Rahul Shah,FAC0149,Nurse,13,Morning
STF00453,Varun Kumar,FAC0296,Nurse,9,Evening
STF00454,Rahul More,FAC0299,Nurse,15,Evening
STF00455,Ashwini Gaikwad,FAC0083,Nurse,3,Morning
STF00456,Anita Pawar,FAC0255,Technician,17,Night
STF00457,Rohit Surve,FAC0071,Ambulance Driver,11,Night
STF00458,Reshma Shinde,FAC0015,Nurse,5,Night
STF00459,Neha More,FAC0028,Ambulance Driver,13,Night
STF00460,Varun Tiwari,FAC0284,Support Staff,9,Evening
STF00461,Rajesh Gupta,FAC0292,Technician,17,Evening
STF00462,Nisha Mane,FAC0191,Receptionist,24,Night
STF00463,Savita Chavan,FAC0202,Nurse,18,Morning
STF00464,Dinesh Kadam,FAC0155,Nurse,9,Morning
STF00465,Vikram Jadhav,FAC0165,Support Staff,19,Morning
STF00466,Akash Raut,FAC0108,Support Staff,6,Night
STF00467,Abhijit Surve,FAC0296,Nurse,5,Morning
STF00468,Lata Pawar,FAC0013,Ambulance Driver,22,Morning
STF00469,Amit Sharma,FAC0262,Nurse,24,Morning
STF00470,Kavita Pawar,FAC0213,Support Staff,19,Evening
STF00471,Sneha Desai,FAC0059,Technician,20,Morning
STF00472,Anita Kamble,FAC0107,Ambulance Driver,4,Morning
STF00473,Suresh Sharma,FAC0072,Pharmacist,25,Morning
STF00474,Manoj Surve,FAC0207,Nurse,13,Morning
STF00475,Rekha Singh,FAC0017,Nurse,20,Evening
STF00476,Sanjay Surve,FAC0225,Receptionist,17,Morning
STF00477,Rupali Pawar,FAC0019,Ambulance Driver,7,Evening
STF00478,Nitin More,FAC0275,Pharmacist,7,Morning
STF00479,Suresh Kulkarni,FAC0155,Receptionist,22,Night
STF00480,Tushar Nair,FAC0146,Nurse,3,Morning
STF00481,Akash Gupta,FAC0173,Receptionist,5,Morning
STF00482,Manoj Patil,FAC0147,Support Staff,5,Evening
STF00483,Sneha Chavan,FAC0180,Nurse,12,Night
STF00484,Pawan Gupta,FAC0001,Support Staff,24,Morning
STF00485,Mamta Patil,FAC0299,Technician,5,Evening
STF00486,Anil Pawar,FAC0061,Nurse,15,Morning
STF00487,Rajesh Kadam,FAC0168,Support Staff,18,Night
STF00488,Anil Jadhav,FAC0109,Ambulance Driver,5,Morning
STF00489,Anita Mane,FAC0028,Nurse,16,Evening
STF00490,Meena Desai,FAC0286,Nurse,8,Evening
STF00491,Deepa Jadhav,FAC0227,Technician,2,Night
STF00492,Ajay Kulkarni,FAC0012,Pharmacist,19,Evening
STF00493,Ashwini Salve,FAC0055,Support Staff,17,Evening
STF00494,Manisha Kumar,FAC0004,Support Staff,22,Morning
STF00495,Varun Mane,FAC0064,Nurse,2,Morning
STF00496,Santosh Raut,FAC0232,Support Staff,19,Evening
STF00497,Nitin Mishra,FAC0227,Receptionist,12,Night
STF00498,Anil Deshpande,FAC0089,Pharmacist,14,Morning
STF00499,Rahul Shinde,FAC0237,Nurse,9,Evening
STF00500,Suresh Desai,FAC0061,Technician,25,Night
STF00501,Sonal Shinde,FAC0212,Nurse,24,Night
STF00502,Ravi Lokhande,FAC0047,Pharmacist,25,Evening
STF00503,Savita Singh,FAC0265,Nurse,1,Morning
STF00504,Suresh Sawant,FAC0016,Pharmacist,5,Night
STF00505,Santosh Waghmare,FAC0261,Technician,7,Morning
STF00506,Vijay Desai,FAC0118,Nurse,15,Evening
STF00507,Deepak Pawar,FAC0142,Pharmacist,17,Evening
STF00508,Rahul Shah,FAC0101,Nurse,23,Morning
STF00509,Rajesh Waghmare,FAC0271,Nurse,18,Night
STF00510,Rahul Pawar,FAC0130,Ambulance Driver,20,Evening
STF00511,Tushar Kamble,FAC0102,Technician,11,Night
STF00512,Mamta Lokhande,FAC0226,Receptionist,6,Evening
STF00513,Akash Jadhav,FAC0041,Pharmacist,5,Evening
STF00514,Sunita Desai,FAC0244,Nurse,5,Morning
STF00515,Prakash Yadav,FAC0052,Pharmacist,14,Evening
STF00516,Swati Shah,FAC0060,Nurse,3,Morning
STF00517,Rahul Singh,FAC0130,Receptionist,4,Morning
STF00518,Omkar Kumar,FAC0283,Technician,18,Morning
STF00519,Priya Sawant,FAC0139,Ambulance Driver,23,Night
STF00520,Savita More,FAC0034,Receptionist,23,Evening
STF00521,Tushar Shah,FAC0257,Nurse,20,Morning
STF00522,Tushar Sharma,FAC0255,Receptionist,20,Evening
STF00523,Kavita Pawar,FAC0115,Support Staff,21,Night
STF00524,Ganesh Sharma,FAC0062,Technician,22,Evening
STF00525,Anita Kulkarni,FAC0211,Ambulance Driver,4,Evening
STF00526,Rupali Salve,FAC0249,Technician,2,Evening
STF00527,Pooja Pawar,FAC0166,Nurse,6,Evening
STF00528,Rupali Surve,FAC0149,Receptionist,20,Night
STF00529,Pawan Chavan,FAC0008,Support Staff,15,Morning
STF00530,Sanjay Waghmare,FAC0072,Nurse,14,Morning
STF00531,Vijay Lokhande,FAC0088,Technician,18,Morning
STF00532,Tushar Gupta,FAC0015,Support Staff,22,Night
STF00533,Rajesh Gupta,FAC0043,Nurse,18,Morning
STF00534,Swati Raut,FAC0259,Technician,20,Night
STF00535,Deepa Chavan,FAC0228,Support Staff,3,Morning
STF00536,Nisha Patil,FAC0149,Technician,19,Night
STF00537,Rohit Kulkarni,FAC0134,Support Staff,13,Evening
STF00538,Nisha Singh,FAC0183,Ambulance Driver,15,Night
STF00539,Swati Surve,FAC0260,Technician,15,Evening
STF00540,Rohit Desai,FAC0014,Technician,2,Evening
STF00541,Omkar Pawar,FAC0048,Technician,16,Morning
STF00542,Abhijit Yadav,FAC0207,Technician,10,Morning
STF00543,Omkar Shah,FAC0256,Support Staff,17,Night
STF00544,Yogesh Joshi,FAC0217,Ambulance Driver,20,Night
STF00545,Aarti Surve,FAC0201,Technician,25,Night
STF00546,Akash Mane,FAC0137,Receptionist,2,Morning
STF00547,Archana Shinde,FAC0046,Ambulance Driver,9,Night
STF00548,Ajay More,FAC0283,Pharmacist,16,Night
STF00549,Ajay Sawant,FAC0284,Nurse,23,Night
STF00550,Tushar Kamble,FAC0236,Pharmacist,25,Night
STF00551,Dinesh Lokhande,FAC0024,Nurse,21,Night
STF00552,Ajay Singh,FAC0197,Support Staff,13,Night
STF00553,Vikram Joshi,FAC0014,Support Staff,14,Evening
STF00554,Rohit Sawant,FAC0006,Nurse,15,Morning
STF00555,Abhijit Gaikwad,FAC0183,Pharmacist,6,Night
STF00556,Sachin Shah,FAC0065,Nurse,18,Morning
STF00557,Nisha Gaikwad,FAC0273,Nurse,13,Night
STF00558,Sneha Deshpande,FAC0071,Nurse,14,Evening
STF00559,Smita Shah,FAC0270,Support Staff,25,Evening
STF00560,Deepak Jadhav,FAC0033,Pharmacist,20,Morning
STF00561,Aarti Mishra,FAC0128,Support Staff,4,Evening
STF00562,Archana Shinde,FAC0105,Receptionist,6,Night
STF00563,Ashwini More,FAC0209,Nurse,24,Morning
STF00564,Nisha Shinde,FAC0165,Nurse,9,Night
STF00565,Rajesh Surve,FAC0012,Nurse,23,Morning
STF00566,Suresh Sharma,FAC0075,Ambulance Driver,16,Evening
STF00567,Pawan Bhosale,FAC0017,Pharmacist,21,Morning
STF00568,Swapnil Jadhav,FAC0214,Nurse,19,Evening
STF00569,Manoj Kumar,FAC0034,Ambulance Driver,16,Night
STF00570,Amit Nair,FAC0280,Technician,19,Night
STF00571,Swati Chavan,FAC0002,Support Staff,24,Evening
STF00572,Meena Lokhande,FAC0041,Nurse,9,Evening
STF00573,Smita More,FAC0116,Support Staff,4,Evening
STF00574,Varun Gupta,FAC0280,Receptionist,9,Evening
STF00575,Manisha Sharma,FAC0298,Receptionist,8,Evening
STF00576,Lata Kumar,FAC0196,Pharmacist,17,Night
STF00577,Tushar Gupta,FAC0134,Nurse,19,Evening
STF00578,Varun Gupta,FAC0070,Nurse,20,Night
STF00579,Sonal Kumar,FAC0245,Nurse,22,Evening
STF00580,Vijay Deshpande,FAC0180,Support Staff,2,Morning
STF00581,Omkar Sharma,FAC0032,Pharmacist,24,Morning
STF00582,Archana Sawant,FAC0203,Ambulance Driver,18,Morning
STF00583,Nisha Shah,FAC0065,Pharmacist,23,Morning
STF00584,Nilesh Patil,FAC0029,Nurse,20,Evening
STF00585,Tushar Kulkarni,FAC0294,Nurse,21,Evening
STF00586,Amit Bhosale,FAC0129,Technician,19,Morning
STF00587,Swapnil Nair,FAC0141,Support Staff,22,Night
STF00588,Ashwini Tiwari,FAC0211,Pharmacist,16,Morning
STF00589,Santosh Kamble,FAC0160,Nurse,1,Evening
STF00590,Yogesh Patil,FAC0175,Technician,15,Night
STF00591,Neha Tiwari,FAC0164,Technician,10,Morning
STF00592,Sonal Kamble,FAC0218,Support Staff,1,Morning
STF00593,Swapnil Yadav,FAC0196,Nurse,13,Morning
STF00594,Anita Kadam,FAC0149,Ambulance Driver,11,Morning
STF00595,Rahul Kumar,FAC0118,Receptionist,12,Morning
STF00596,Manoj Bhosale,FAC0061,Nurse,6,Morning
STF00597,Manisha Gupta,FAC0220,Support Staff,15,Evening
STF00598,Vijay Kadam,FAC0162,Nurse,5,Night
STF00599,Suresh Jadhav,FAC0144,Nurse,6,Night
STF00600,Tushar Joshi,FAC0129,Support Staff,17,Night
STF00601,Suresh Deshpande,FAC0275,Support Staff,1,Morning
STF00602,Gauri Nair,FAC0247,Technician,13,Night
STF00603,Smita Raut,FAC0089,Nurse,3,Night
STF00604,Manoj Kumar,FAC0140,Pharmacist,1,Evening
STF00605,Manoj Singh,FAC0218,Ambulance Driver,6,Morning
STF00606,Anil Gaikwad,FAC0105,Support Staff,2,Night
STF00607,Akash Singh,FAC0178,Nurse,14,Night
STF00608,Rohit Mane,FAC0025,Support Staff,18,Evening
STF00609,Lata Kulkarni,FAC0264,Pharmacist,9,Morning
STF00610,Prakash Raut,FAC0120,Receptionist,23,Night
STF00611,Amit Gupta,FAC0138,Pharmacist,25,Morning
STF00612,Kiran Waghmare,FAC0189,Nurse,21,Evening
STF00613,Manoj Pawar,FAC0040,Ambulance Driver,7,Morning
STF00614,Smita Mishra,FAC0147,Support Staff,15,Night
STF00615,Vikram Raut,FAC0044,Receptionist,20,Evening
STF00616,Kiran Gupta,FAC0151,Ambulance Driver,8,Night
STF00617,Komal Kadam,FAC0099,Technician,1,Night
STF00618,Priya Yadav,FAC0182,Support Staff,16,Night
STF00619,Mamta Desai,FAC0199,Nurse,3,Morning
STF00620,Ganesh Sharma,FAC0100,Nurse,21,Morning
STF00621,Meena Sharma,FAC0258,Nurse,18,Morning
STF00622,Sunita Kamble,FAC0157,Nurse,8,Morning
STF00623,Nilesh Joshi,FAC0203,Technician,23,Evening
STF00624,Ravi Salve,FAC0218,Technician,3,Evening
STF00625,Anil Lokhande,FAC0185,Nurse,22,Evening
STF00626,Pawan Jadhav,FAC0274,Support Staff,7,Evening
STF00627,Tushar Nair,FAC0231,Receptionist,7,Night
STF00628,Kiran Sharma,FAC0165,Nurse,22,Morning
STF00629,Nitin Salve,FAC0258,Nurse,15,Night
STF00630,Archana Shah,FAC0291,Ambulance Driver,20,Night
STF00631,Ashwini Deshpande,FAC0032,Technician,5,Evening
STF00632,Mamta Waghmare,FAC0054,Ambulance Driver,16,Evening
STF00633,Shweta Singh,FAC0019,Nurse,8,Morning
STF00634,Meena Kulkarni,FAC0130,Technician,13,Morning
STF00635,Swati More,FAC0116,Support Staff,21,Night
STF00636,Anita Yadav,FAC0053,Nurse,19,Morning
STF00637,Neha More,FAC0081,Technician,13,Night
STF00638,Madhuri Pawar,FAC0296,Support Staff,2,Night
STF00639,Pooja Gaikwad,FAC0060,Nurse,2,Morning
STF00640,Nisha Kadam,FAC0033,Support Staff,1,Night
STF00641,Sachin Chavan,FAC0024,Pharmacist,4,Morning
STF00642,Sneha Shinde,FAC0247,Receptionist,18,Night
STF00643,Ganesh Tiwari,FAC0097,Technician,10,Evening
STF00644,Deepak Surve,FAC0121,Nurse,24,Night
STF00645,Sachin Mishra,FAC0044,Receptionist,21,Night
STF00646,Kiran Kulkarni,FAC0216,Ambulance Driver,9,Night
STF00647,Savita Shinde,FAC0162,Nurse,14,Night
STF00648,Omkar Mishra,FAC0009,Nurse,24,Evening
STF00649,Prakash Singh,FAC0190,Support Staff,1,Evening
STF00650,Ujwala Kumar,FAC0170,Pharmacist,3,Morning
STF00651,Anil Jadhav,FAC0200,Pharmacist,22,Evening
STF00652,Deepak Kamble,FAC0202,Nurse,21,Evening
STF00653,Rahul Tiwari,FAC0116,Ambulance Driver,23,Evening
STF00654,Omkar Surve,FAC0205,Technician,4,Night
STF00655,Nisha Sharma,FAC0241,Nurse,20,Morning
STF00656,Santosh Nair,FAC0100,Pharmacist,18,Evening
STF00657,Deepa Shah,FAC0194,Nurse,5,Night
STF00658,Swati Tiwari,FAC0199,Receptionist,6,Night
STF00659,Rohit Joshi,FAC0222,Technician,18,Night
STF00660,Kavita Mane,FAC0249,Nurse,17,Night
STF00661,Rajesh Waghmare,FAC0220,Pharmacist,19,Morning
STF00662,Varun Gaikwad,FAC0012,Technician,13,Night
STF00663,Ujwala Kumar,FAC0068,Nurse,3,Evening
STF00664,Rohit Chavan,FAC0268,Technician,21,Night
STF00665,Shweta Patil,FAC0041,Pharmacist,10,Night
STF00666,Pallavi Sawant,FAC0038,Pharmacist,5,Evening
STF00667,Swati Bhosale,FAC0236,Nurse,4,Evening
STF00668,Ganesh Sharma,FAC0250,Receptionist,5,Evening
STF00669,Savita Chavan,FAC0278,Ambulance Driver,4,Night
STF00670,Archana Salve,FAC0207,Nurse,3,Morning
STF00671,Nisha Shah,FAC0245,Nurse,20,Evening
STF00672,Vishal Mane,FAC0136,Pharmacist,23,Night
STF00673,Nitin Bhosale,FAC0284,Support Staff,4,Evening
STF00674,Abhijit Joshi,FAC0164,Technician,2,Evening
STF00675,Shweta Kamble,FAC0073,Nurse,19,Morning
STF00676,Vishal Desai,FAC0295,Technician,1,Morning
STF00677,Anil Desai,FAC0176,Receptionist,8,Evening
STF00678,Ravi Joshi,FAC0143,Nurse,5,Evening
STF00679,Ujwala Tiwari,FAC0168,Support Staff,20,Night
STF00680,Kiran Surve,FAC0249,Nurse,3,Night
STF00681,Swati Gaikwad,FAC0135,Nurse,23,Night
STF00682,Dinesh Nair,FAC0038,Nurse,14,Evening
STF00683,Rohit Yadav,FAC0031,Nurse,3,Evening
STF00684,Varun More,FAC0191,Nurse,19,Morning
STF00685,Ravi Lokhande,FAC0045,Support Staff,4,Evening
STF00686,Omkar Kamble,FAC0186,Ambulance Driver,2,Morning
STF00687,Amit Desai,FAC0070,Nurse,19,Morning
STF00688,Rahul Patil,FAC0161,Nurse,14,Night
STF00689,Akash Tiwari,FAC0045,Nurse,23,Night
STF00690,Tushar Yadav,FAC0151,Technician,11,Morning
STF00691,Rupali Nair,FAC0240,Ambulance Driver,17,Evening
STF00692,Smita Salve,FAC0177,Nurse,14,Morning
STF00693,Omkar Singh,FAC0060,Support Staff,25,Evening
STF00694,Nilesh Pawar,FAC0264,Support Staff,24,Morning
STF00695,Abhijit Jadhav,FAC0110,Support Staff,3,Night
STF00696,Abhijit Nair,FAC0079,Nurse,2,Evening
STF00697,Swati Raut,FAC0094,Pharmacist,22,Morning
STF00698,Anil Joshi,FAC0185,Nurse,24,Evening
STF00699,Sunita Kadam,FAC0216,Nurse,5,Night
STF00700,Santosh Waghmare,FAC0020,Support Staff,14,Night
STF00701,Madhuri Nair,FAC0129,Technician,8,Evening
STF00702,Savita Gaikwad,FAC0091,Nurse,10,Evening
STF00703,Dinesh Kulkarni,FAC0153,Support Staff,21,Evening
STF00704,Mamta Waghmare,FAC0028,Nurse,11,Evening
STF00705,Varun Sawant,FAC0185,Ambulance Driver,13,Evening
STF00706,Akash More,FAC0082,Nurse,13,Morning
STF00707,Suresh Desai,FAC0171,Technician,18,Evening
STF00708,Varun Shinde,FAC0015,Receptionist,10,Night
STF00709,Reshma Joshi,FAC0052,Nurse,3,Evening
STF00710,Prakash Tiwari,FAC0010,Nurse,22,Morning
STF00711,Nitin Kumar,FAC0200,Ambulance Driver,15,Morning
STF00712,Smita Mane,FAC0208,Nurse,1,Night
STF00713,Pooja Patil,FAC0043,Nurse,9,Night
STF00714,Tushar Tiwari,FAC0225,Receptionist,6,Evening
STF00715,Shweta Lokhande,FAC0006,Pharmacist,2,Morning
STF00716,Swapnil Singh,FAC0173,Nurse,4,Morning
STF00717,Vaishali Raut,FAC0133,Support Staff,12,Evening
STF00718,Mamta Deshpande,FAC0145,Nurse,15,Morning
STF00719,Vikram Sharma,FAC0098,Ambulance Driver,23,Morning
STF00720,Priya Surve,FAC0188,Nurse,12,Night
STF00721,Sneha Bhosale,FAC0025,Receptionist,3,Morning
STF00722,Manisha Raut,FAC0007,Nurse,10,Morning
STF00723,Sunita Raut,FAC0179,Nurse,9,Morning
STF00724,Kavita Nair,FAC0146,Pharmacist,17,Morning
STF00725,Prakash Raut,FAC0114,Receptionist,4,Night
STF00726,Pallavi Mishra,FAC0280,Receptionist,6,Evening
STF00727,Rekha Desai,FAC0291,Support Staff,22,Evening
STF00728,Nilesh Shah,FAC0031,Pharmacist,2,Evening
STF00729,Archana Surve,FAC0204,Nurse,1,Night
STF00730,Swati Deshpande,FAC0199,Nurse,18,Night
STF00731,Sachin Salve,FAC0124,Nurse,23,Evening
STF00732,Shweta Bhosale,FAC0100,Ambulance Driver,7,Night
STF00733,Rahul Kadam,FAC0116,Technician,12,Morning
STF00734,Prakash Patil,FAC0081,Technician,25,Evening
STF00735,Gauri Pawar,FAC0006,Nurse,12,Morning
STF00736,Deepak Shinde,FAC0201,Nurse,5,Morning
STF00737,Kiran More,FAC0299,Technician,6,Morning
STF00738,Lata Sawant,FAC0113,Ambulance Driver,5,Morning
STF00739,Amit Yadav,FAC0017,Nurse,24,Night
STF00740,Rahul Yadav,FAC0183,Support Staff,2,Morning
STF00741,Sonal Patil,FAC0262,Technician,14,Evening
STF00742,Sneha Waghmare,FAC0046,Support Staff,4,Evening
STF00743,Ujwala Gupta,FAC0004,Ambulance Driver,20,Evening
STF00744,Rohit Tiwari,FAC0172,Support Staff,15,Night
STF00745,Pooja Shah,FAC0096,Technician,19,Morning
STF00746,Sunita Gaikwad,FAC0086,Ambulance Driver,10,Evening
STF00747,Rekha Waghmare,FAC0005,Pharmacist,6,Night
STF00748,Vikram Waghmare,FAC0040,Pharmacist,6,Evening
STF00749,Suresh Jadhav,FAC0001,Receptionist,5,Evening
STF00750,Ravi Pawar,FAC0282,Support Staff,8,Morning
STF00751,Tushar Sharma,FAC0051,Ambulance Driver,6,Night
STF00752,Rupali Surve,FAC0064,Nurse,17,Night
STF00753,Suresh Lokhande,FAC0188,Ambulance Driver,22,Night
STF00754,Rohit Mane,FAC0224,Ambulance Driver,17,Morning
STF00755,Vishal Waghmare,FAC0161,Technician,3,Night
STF00756,Rohit Joshi,FAC0049,Nurse,23,Evening
STF00757,Nilesh Nair,FAC0174,Ambulance Driver,25,Morning
STF00758,Smita Kulkarni,FAC0281,Support Staff,3,Evening
STF00759,Meena Sawant,FAC0089,Support Staff,16,Night
STF00760,Manoj More,FAC0050,Support Staff,22,Night
STF00761,Sanjay Sharma,FAC0091,Nurse,2,Night
STF00762,Nitin Kulkarni,FAC0118,Technician,21,Morning
STF00763,Anil Yadav,FAC0143,Nurse,9,Evening
STF00764,Anita Jadhav,FAC0269,Ambulance Driver,24,Night
STF00765,Pawan Pawar,FAC0296,Support Staff,12,Night
STF00766,Amit Yadav,FAC0007,Receptionist,24,Morning
STF00767,Shweta Kulkarni,FAC0077,Support Staff,9,Morning
STF00768,Manisha Raut,FAC0184,Ambulance Driver,16,Morning
STF00769,Yogesh Mishra,FAC0100,Nurse,23,Morning
STF00770,Archana Salve,FAC0172,Technician,14,Morning
STF00771,Pawan Tiwari,FAC0030,Nurse,22,Evening
STF00772,Pallavi Kadam,FAC0234,Nurse,15,Evening
STF00773,Reshma Jadhav,FAC0115,Nurse,18,Morning
STF00774,Nitin Raut,FAC0046,Receptionist,20,Evening
STF00775,Akash Singh,FAC0021,Technician,13,Morning
STF00776,Mamta Singh,FAC0135,Nurse,1,Morning
STF00777,Pooja Kulkarni,FAC0199,Support Staff,3,Evening
STF00778,Gauri Patil,FAC0061,Nurse,7,Evening
STF00779,Mamta Lokhande,FAC0286,Nurse,13,Evening
STF00780,Ajay Kumar,FAC0021,Technician,25,Evening
STF00781,Tushar Kadam,FAC0293,Support Staff,3,Night
STF00782,Abhijit Mishra,FAC0298,Pharmacist,10,Evening
STF00783,Ganesh Pawar,FAC0226,Nurse,2,Evening
STF00784,Santosh Mane,FAC0116,Receptionist,7,Night
STF00785,Vikram Pawar,FAC0193,Nurse,20,Morning
STF00786,Ujwala Chavan,FAC0069,Support Staff,13,Evening
STF00787,Tushar Lokhande,FAC0131,Nurse,5,Morning
STF00788,Komal Kumar,FAC0176,Support Staff,24,Night
STF00789,Sachin Kamble,FAC0052,Nurse,5,Night
STF00790,Gauri Sharma,FAC0274,Receptionist,2,Night
STF00791,Vaishali Gaikwad,FAC0209,Nurse,20,Morning
STF00792,Varun Shah,FAC0044,Support Staff,23,Night
STF00793,Tushar Gaikwad,FAC0287,Nurse,7,Evening
STF00794,Ujwala Mane,FAC0236,Ambulance Driver,10,Morning
STF00795,Anil Pawar,FAC0116,Pharmacist,8,Morning
STF00796,Pawan Chavan,FAC0040,Support Staff,8,Morning
STF00797,Rahul Mane,FAC0256,Support Staff,17,Evening
STF00798,Akash Gupta,FAC0200,Pharmacist,15,Night
STF00799,Pawan Raut,FAC0206,Technician,15,Night
STF00800,Rajesh Gaikwad,FAC0172,Ambulance Driver,21,Morning
STF00801,Ganesh Surve,FAC0139,Pharmacist,16,Evening
STF00802,Neha Raut,FAC0033,Ambulance Driver,13,Evening
STF00803,Rajesh Patil,FAC0176,Nurse,6,Evening
STF00804,Madhuri Chavan,FAC0294,Receptionist,1,Evening
STF00805,Mamta Sawant,FAC0261,Support Staff,10,Morning
STF00806,Savita Mane,FAC0074,Ambulance Driver,20,Evening
STF00807,Anita Kamble,FAC0229,Pharmacist,10,Morning
STF00808,Pallavi Mishra,FAC0070,Nurse,9,Morning
STF00809,Anita Surve,FAC0093,Support Staff,9,Evening
STF00810,Rohit Shah,FAC0136,Nurse,22,Night
STF00811,Lata Mishra,FAC0213,Nurse,6,Morning
STF00812,Akash Lokhande,FAC0029,Support Staff,7,Evening
STF00813,Madhuri Gupta,FAC0116,Receptionist,15,Morning
STF00814,Sachin Chavan,FAC0063,Nurse,21,Evening
STF00815,Rajesh Singh,FAC0062,Support Staff,5,Morning
STF00816,Pooja Pawar,FAC0144,Pharmacist,18,Evening
STF00817,Yogesh More,FAC0144,Support Staff,22,Night
STF00818,Anil Kamble,FAC0236,Support Staff,17,Evening
STF00819,Ravi Kamble,FAC0100,Nurse,16,Night
STF00820,Omkar Kulkarni,FAC0175,Receptionist,14,Night
STF00821,Rupali Lokhande,FAC0232,Support Staff,15,Morning
STF00822,Vikram Patil,FAC0097,Receptionist,14,Morning
STF00823,Pawan Mane,FAC0024,Nurse,2,Night
STF00824,Madhuri Surve,FAC0033,Support Staff,18,Morning
STF00825,Rahul Surve,FAC0024,Nurse,17,Morning
STF00826,Rekha Jadhav,FAC0092,Technician,22,Night
STF00827,Santosh Patil,FAC0100,Nurse,15,Morning
STF00828,Reshma Kadam,FAC0064,Nurse,19,Morning
STF00829,Pooja Surve,FAC0045,Support Staff,23,Evening
STF00830,Rajesh Mane,FAC0194,Nurse,7,Night
STF00831,Priya Sharma,FAC0091,Technician,13,Night
STF00832,Pallavi Kulkarni,FAC0249,Technician,21,Morning
STF00833,Manoj More,FAC0110,Support Staff,12,Morning
STF00834,Manisha Sharma,FAC0227,Receptionist,25,Morning
STF00835,Lata Mane,FAC0090,Support Staff,20,Morning
STF00836,Manoj Gaikwad,FAC0182,Receptionist,8,Morning
STF00837,Nilesh Kadam,FAC0180,Pharmacist,17,Morning
STF00838,Sachin More,FAC0236,Support Staff,18,Morning
STF00839,Omkar Kamble,FAC0259,Receptionist,4,Morning
STF00840,Anita Kulkarni,FAC0008,Pharmacist,4,Evening
STF00841,Yogesh Nair,FAC0284,Nurse,21,Morning
STF00842,Aarti Tiwari,FAC0046,Receptionist,6,Evening
STF00843,Swapnil Salve,FAC0135,Support Staff,25,Night
STF00844,Manoj Kulkarni,FAC0227,Technician,11,Evening
STF00845,Pooja Surve,FAC0079,Support Staff,7,Morning
STF00846,Rekha Mane,FAC0150,Nurse,4,Evening
STF00847,Manisha Chavan,FAC0290,Support Staff,24,Morning
STF00848,Sneha More,FAC0208,Nurse,12,Morning
STF00849,Vaishali Desai,FAC0109,Support Staff,11,Evening
STF00850,Vijay Kamble,FAC0246,Nurse,21,Morning
STF00851,Tushar Deshpande,FAC0204,Technician,9,Night
STF00852,Nitin Sawant,FAC0004,Nurse,8,Evening
STF00853,Komal Sawant,FAC0063,Support Staff,10,Night
STF00854,Reshma Kadam,FAC0037,Nurse,22,Morning
STF00855,Aarti Kadam,FAC0261,Pharmacist,2,Evening
STF00856,Pallavi Kadam,FAC0243,Technician,24,Night
STF00857,Rajesh Sawant,FAC0244,Nurse,9,Morning
STF00858,Vijay Lokhande,FAC0035,Technician,6,Evening
STF00859,Santosh Salve,FAC0176,Nurse,19,Evening
STF00860,Vishal Kadam,FAC0047,Technician,22,Night
STF00861,Komal Deshpande,FAC0165,Support Staff,19,Evening
STF00862,Tushar Kulkarni,FAC0245,Support Staff,2,Morning
STF00863,Rahul Jadhav,FAC0082,Nurse,14,Night
STF00864,Deepa Gupta,FAC0050,Support Staff,16,Morning
STF00865,Ajay Mishra,FAC0104,Nurse,3,Night
STF00866,Rohit Shah,FAC0207,Support Staff,20,Evening
STF00867,Sanjay Jadhav,FAC0268,Pharmacist,19,Evening
STF00868,Savita Sharma,FAC0119,Pharmacist,16,Morning
STF00869,Reshma Patil,FAC0200,Nurse,21,Night
STF00870,Rohit Sharma,FAC0296,Support Staff,23,Night
STF00871,Omkar Yadav,FAC0181,Receptionist,14,Morning
STF00872,Manisha Bhosale,FAC0293,Support Staff,22,Night
STF00873,Lata Pawar,FAC0196,Nurse,3,Evening
STF00874,Prakash More,FAC0297,Support Staff,22,Night
STF00875,Rupali Jadhav,FAC0082,Nurse,2,Morning
STF00876,Tushar Kadam,FAC0179,Support Staff,25,Evening
STF00877,Nilesh Patil,FAC0234,Support Staff,19,Evening
STF00878,Ganesh Bhosale,FAC0288,Nurse,14,Evening
STF00879,Ganesh Bhosale,FAC0223,Technician,25,Evening
STF00880,Archana Chavan,FAC0159,Pharmacist,15,Morning
STF00881,Sunita Salve,FAC0219,Pharmacist,12,Night
STF00882,Prakash Kumar,FAC0126,Nurse,14,Evening
STF00883,Rupali Lokhande,FAC0198,Technician,2,Evening
STF00884,Anita Raut,FAC0226,Nurse,15,Morning
STF00885,Sneha Gaikwad,FAC0292,Receptionist,5,Night
STF00886,Vikram Singh,FAC0190,Nurse,23,Night
STF00887,Sachin More,FAC0057,Nurse,12,Morning
STF00888,Ajay Jadhav,FAC0219,Pharmacist,7,Evening
STF00889,Abhijit Sawant,FAC0287,Receptionist,17,Night
STF00890,Archana Gaikwad,FAC0212,Pharmacist,10,Night
STF00891,Vishal Gaikwad,FAC0135,Support Staff,25,Evening
STF00892,Suresh Kadam,FAC0157,Ambulance Driver,3,Night
STF00893,Sonal Chavan,FAC0126,Support Staff,19,Night
STF00894,Akash Raut,FAC0146,Nurse,15,Morning
STF00895,Abhijit Gupta,FAC0009,Support Staff,9,Night
STF00896,Ashwini Joshi,FAC0025,Nurse,8,Night
STF00897,Dinesh Pawar,FAC0245,Nurse,24,Night
STF00898,Shweta Surve,FAC0268,Receptionist,18,Night
STF00899,Yogesh Mishra,FAC0054,Nurse,6,Morning
STF00900,Shweta Deshpande,FAC0089,Pharmacist,2,Morning
STF00901,Sanjay Bhosale,FAC0266,Technician,10,Evening
STF00902,Swapnil Mishra,FAC0300,Pharmacist,16,Morning
STF00903,Meena Shah,FAC0022,Nurse,1,Evening
STF00904,Vishal Sharma,FAC0033,Support Staff,13,Morning
STF00905,Shweta Mane,FAC0073,Technician,1,Night
STF00906,Swapnil Waghmare,FAC0105,Nurse,4,Night
STF00907,Varun Kadam,FAC0271,Support Staff,12,Night
STF00908,Komal Lokhande,FAC0242,Nurse,11,Morning
STF00909,Anil Kumar,FAC0112,Support Staff,20,Morning
STF00910,Prakash Kadam,FAC0133,Technician,7,Night
STF00911,Rohit Mane,FAC0115,Nurse,3,Night
STF00912,Omkar Lokhande,FAC0094,Support Staff,10,Morning
STF00913,Shweta Gaikwad,FAC0070,Support Staff,24,Morning
STF00914,Archana Pawar,FAC0094,Nurse,10,Evening
STF00915,Akash Lokhande,FAC0231,Nurse,8,Night
STF00916,Mamta Patil,FAC0203,Ambulance Driver,22,Night
STF00917,Pawan Raut,FAC0161,Technician,21,Night
STF00918,Sunita Kulkarni,FAC0196,Technician,9,Night
STF00919,Vijay Waghmare,FAC0225,Receptionist,16,Evening
STF00920,Omkar Sawant,FAC0155,Nurse,2,Morning
STF00921,Ravi More,FAC0188,Nurse,18,Morning
STF00922,Ashwini More,FAC0217,Receptionist,9,Evening
STF00923,Sanjay Kulkarni,FAC0082,Ambulance Driver,24,Morning
STF00924,Rekha Patil,FAC0120,Support Staff,20,Morning
STF00925,Neha Raut,FAC0056,Nurse,19,Morning
STF00926,Santosh Waghmare,FAC0102,Nurse,8,Evening
STF00927,Yogesh Lokhande,FAC0063,Nurse,23,Night
STF00928,Manoj Mishra,FAC0225,Pharmacist,1,Evening
STF00929,Yogesh Singh,FAC0162,Receptionist,12,Morning
STF00930,Amit Jadhav,FAC0190,Nurse,21,Morning
STF00931,Reshma Salve,FAC0298,Support Staff,24,Night
STF00932,Pawan Surve,FAC0111,Nurse,1,Evening
STF00933,Kavita Tiwari,FAC0152,Nurse,18,Evening
STF00934,Swati Kumar,FAC0009,Support Staff,25,Morning
STF00935,Sunita Raut,FAC0068,Support Staff,22,Evening
STF00936,Nitin Raut,FAC0212,Nurse,24,Evening
STF00937,Vaishali Yadav,FAC0053,Technician,25,Evening
STF00938,Varun Tiwari,FAC0212,Nurse,9,Morning
STF00939,Sneha Mane,FAC0136,Support Staff,6,Morning
STF00940,Gauri Yadav,FAC0079,Nurse,15,Night
STF00941,Ashwini Sharma,FAC0093,Nurse,3,Morning
STF00942,Ganesh Mishra,FAC0176,Support Staff,19,Evening
STF00943,Deepa Kulkarni,FAC0260,Nurse,9,Night
STF00944,Rupali Mishra,FAC0097,Technician,21,Evening
STF00945,Vijay Desai,FAC0067,Ambulance Driver,4,Morning
STF00946,Pawan Mane,FAC0022,Technician,17,Morning
STF00947,Madhuri Raut,FAC0026,Pharmacist,24,Night
STF00948,Pawan Desai,FAC0249,Technician,2,Evening
STF00949,Smita Sharma,FAC0054,Technician,12,Night
STF00950,Yogesh Raut,FAC0163,Receptionist,6,Night
STF00951,Yogesh Deshpande,FAC0090,Technician,6,Morning
STF00952,Vikram More,FAC0113,Ambulance Driver,8,Night
STF00953,Anita Kadam,FAC0077,Nurse,10,Morning
STF00954,Ujwala Yadav,FAC0134,Pharmacist,11,Night
STF00955,Vishal Patil,FAC0100,Support Staff,7,Night
STF00956,Lata Waghmare,FAC0149,Support Staff,7,Evening
STF00957,Varun Shah,FAC0256,Nurse,17,Night
STF00958,Rahul Kamble,FAC0011,Nurse,15,Morning
STF00959,Rajesh Jadhav,FAC0260,Receptionist,13,Night
STF00960,Swati Deshpande,FAC0098,Ambulance Driver,11,Night
STF00961,Kiran Gupta,FAC0204,Receptionist,6,Evening
STF00962,Sonal Salve,FAC0163,Nurse,20,Evening
STF00963,Savita More,FAC0243,Technician,16,Evening
STF00964,Archana Jadhav,FAC0079,Support Staff,19,Morning
STF00965,Manoj Patil,FAC0073,Nurse,3,Night
STF00966,Deepak Shinde,FAC0078,Technician,6,Night
STF00967,Amit Kulkarni,FAC0211,Nurse,25,Morning
STF00968,Sonal Lokhande,FAC0298,Nurse,25,Evening
STF00969,Archana More,FAC0079,Technician,24,Night
STF00970,Archana Kadam,FAC0093,Ambulance Driver,22,Morning
STF00971,Kiran Gupta,FAC0264,Nurse,9,Morning
STF00972,Anita Gaikwad,FAC0105,Nurse,7,Night
STF00973,Rupali Nair,FAC0023,Ambulance Driver,2,Evening
STF00974,Kavita More,FAC0033,Ambulance Driver,6,Night
STF00975,Deepa Bhosale,FAC0040,Nurse,6,Evening
STF00976,Rekha Kamble,FAC0191,Receptionist,4,Night
STF00977,Deepak Raut,FAC0256,Technician,18,Evening
STF00978,Prakash Salve,FAC0057,Nurse,19,Night
STF00979,Reshma Kulkarni,FAC0159,Technician,13,Evening
STF00980,Dinesh Joshi,FAC0091,Nurse,13,Night
STF00981,Omkar Sawant,FAC0246,Pharmacist,17,Morning
STF00982,Sneha Bhosale,FAC0199,Nurse,24,Night
STF00983,Santosh Singh,FAC0061,Ambulance Driver,25,Night
STF00984,Smita Kulkarni,FAC0093,Nurse,22,Morning
STF00985,Ravi Patil,FAC0039,Support Staff,6,Morning
STF00986,Varun Salve,FAC0146,Receptionist,2,Morning
STF00987,Gauri Joshi,FAC0145,Nurse,4,Night
STF00988,Gauri Kamble,FAC0058,Ambulance Driver,23,Morning
STF00989,Smita Sharma,FAC0209,Pharmacist,25,Night
STF00990,Vaishali More,FAC0270,Nurse,23,Morning
STF00991,Sunita Gaikwad,FAC0282,Receptionist,4,Morning
STF00992,Rahul Desai,FAC0087,Pharmacist,1,Night
STF00993,Prakash Pawar,FAC0083,Nurse,7,Night
STF00994,Vaishali Desai,FAC0002,Pharmacist,4,Evening
STF00995,Yogesh Gaikwad,FAC0126,Support Staff,9,Night
STF00996,Pooja Surve,FAC0284,Ambulance Driver,12,Night
STF00997,Abhijit Shah,FAC0088,Support Staff,20,Night
STF00998,Manisha Lokhande,FAC0204,Nurse,15,Night
STF00999,Shweta Gaikwad,FAC0224,Support Staff,25,Morning
STF01000,Ujwala Kadam,FAC0257,Support Staff,7,Night
STF01001,Kavita Joshi,FAC0209,Nurse,16,Night
STF01002,Ravi Kadam,FAC0278,Receptionist,21,Evening
STF01003,Abhijit Shinde,FAC0283,Nurse,14,Evening
STF01004,Sachin Tiwari,FAC0080,Support Staff,7,Night
STF01005,Aarti Nair,FAC0079,Nurse,8,Morning
STF01006,Swati Singh,FAC0179,Ambulance Driver,8,Morning
STF01007,Ashwini Kumar,FAC0271,Ambulance Driver,3,Evening
STF01008,Suresh Yadav,FAC0253,Pharmacist,16,Evening
STF01009,Ravi Patil,FAC0190,Pharmacist,21,Night
STF01010,Reshma Jadhav,FAC0137,Technician,21,Morning
STF01011,Anita Waghmare,FAC0228,Nurse,20,Evening
STF01012,Shweta Nair,FAC0215,Receptionist,12,Night
STF01013,Gauri More,FAC0180,Technician,10,Night
STF01014,Ganesh Kadam,FAC0078,Support Staff,24,Night
STF01015,Abhijit More,FAC0274,Receptionist,13,Evening
STF01016,Ashwini Waghmare,FAC0049,Support Staff,19,Morning
STF01017,Ashwini Sawant,FAC0290,Nurse,17,Morning
STF01018,Vaishali Patil,FAC0223,Receptionist,22,Night
STF01019,Rahul Waghmare,FAC0297,Ambulance Driver,5,Night
STF01020,Akash Bhosale,FAC0211,Receptionist,5,Evening
STF01021,Rahul Nair,FAC0203,Ambulance Driver,19,Evening
STF01022,Nitin Gupta,FAC0235,Technician,20,Evening
STF01023,Ganesh Salve,FAC0293,Nurse,12,Evening
STF01024,Suresh Lokhande,FAC0259,Support Staff,7,Evening
STF01025,Prakash Pawar,FAC0266,Nurse,15,Night
STF01026,Ganesh Bhosale,FAC0274,Ambulance Driver,18,Morning
STF01027,Priya Tiwari,FAC0149,Technician,9,Evening
STF01028,Ujwala Patil,FAC0264,Nurse,21,Evening
STF01029,Ganesh Kulkarni,FAC0017,Support Staff,4,Morning
STF01030,Varun Raut,FAC0149,Nurse,13,Night
STF01031,Rohit Chavan,FAC0092,Nurse,18,Evening
STF01032,Rohit Raut,FAC0114,Pharmacist,4,Morning
STF01033,Gauri Bhosale,FAC0022,Technician,7,Evening
STF01034,Mamta Kamble,FAC0243,Technician,20,Evening
STF01035,Manoj Surve,FAC0122,Technician,14,Morning
STF01036,Sanjay Desai,FAC0025,Ambulance Driver,1,Morning
STF01037,Akash Raut,FAC0207,Ambulance Driver,25,Morning
STF01038,Sneha Bhosale,FAC0009,Pharmacist,7,Evening
STF01039,Omkar Waghmare,FAC0290,Technician,25,Morning
STF01040,Rupali Desai,FAC0222,Receptionist,10,Evening
STF01041,Anita Joshi,FAC0010,Ambulance Driver,24,Night
STF01042,Suresh Yadav,FAC0018,Nurse,21,Morning
STF01043,Sonal Salve,FAC0063,Pharmacist,23,Morning
STF01044,Varun Desai,FAC0068,Nurse,9,Night
STF01045,Rohit Raut,FAC0176,Technician,22,Evening
STF01046,Amit Kadam,FAC0085,Support Staff,12,Evening
STF01047,Madhuri Mane,FAC0060,Ambulance Driver,5,Evening
STF01048,Madhuri Lokhande,FAC0071,Technician,16,Evening
STF01049,Priya Sawant,FAC0064,Nurse,6,Night
STF01050,Savita Patil,FAC0151,Nurse,21,Evening
STF01051,Rohit Bhosale,FAC0200,Technician,16,Evening
STF01052,Ravi Shinde,FAC0224,Pharmacist,8,Evening
STF01053,Mamta Jadhav,FAC0004,Technician,11,Evening
STF01054,Anita More,FAC0179,Nurse,24,Morning
STF01055,Rekha Gupta,FAC0128,Nurse,24,Evening
STF01056,Madhuri Mishra,FAC0242,Support Staff,3,Morning
STF01057,Archana Mishra,FAC0254,Receptionist,15,Morning
STF01058,Rajesh Nair,FAC0127,Technician,18,Night
STF01059,Ravi More,FAC0284,Ambulance Driver,11,Evening
STF01060,Manisha Kamble,FAC0178,Receptionist,6,Morning
STF01061,Nilesh Mane,FAC0258,Nurse,4,Evening
STF01062,Madhuri Desai,FAC0029,Nurse,3,Evening
STF01063,Smita Jadhav,FAC0186,Support Staff,2,Evening
STF01064,Ajay Mishra,FAC0138,Pharmacist,10,Evening
STF01065,Vikram Kamble,FAC0073,Receptionist,12,Evening
STF01066,Mamta Tiwari,FAC0152,Ambulance Driver,24,Morning
STF01067,Tushar Shah,FAC0154,Nurse,19,Night
STF01068,Prakash Gaikwad,FAC0105,Nurse,10,Morning
STF01069,Suresh Joshi,FAC0114,Technician,1,Morning
STF01070,Mamta Yadav,FAC0103,Pharmacist,3,Morning
STF01071,Nisha Deshpande,FAC0219,Support Staff,6,Morning
STF01072,Pallavi Tiwari,FAC0286,Technician,6,Morning
STF01073,Lata Chavan,FAC0101,Technician,16,Morning
STF01074,Pooja Shinde,FAC0033,Pharmacist,11,Evening
STF01075,Sanjay Surve,FAC0168,Receptionist,14,Night
STF01076,Suresh Joshi,FAC0263,Ambulance Driver,16,Morning
STF01077,Gauri Pawar,FAC0218,Support Staff,12,Night
STF01078,Vishal Deshpande,FAC0255,Nurse,13,Morning
STF01079,Dinesh Jadhav,FAC0204,Ambulance Driver,6,Night
STF01080,Varun Shah,FAC0070,Nurse,13,Night
STF01081,Yogesh Sawant,FAC0221,Support Staff,21,Evening
STF01082,Pawan Desai,FAC0300,Receptionist,19,Morning
STF01083,Nilesh Gaikwad,FAC0284,Nurse,20,Evening
STF01084,Anita Kumar,FAC0175,Nurse,8,Morning
STF01085,Yogesh Bhosale,FAC0268,Technician,14,Evening
STF01086,Nisha Mishra,FAC0142,Receptionist,13,Night
STF01087,Pallavi Waghmare,FAC0235,Nurse,25,Night
STF01088,Vaishali Kumar,FAC0252,Technician,12,Evening
STF01089,Deepa Shinde,FAC0065,Nurse,17,Night
STF01090,Deepa Shah,FAC0037,Nurse,5,Evening
STF01091,Deepak Joshi,FAC0038,Ambulance Driver,20,Morning
STF01092,Swati Patil,FAC0232,Nurse,20,Morning
STF01093,Dinesh Sawant,FAC0154,Ambulance Driver,17,Evening
STF01094,Abhijit Kamble,FAC0218,Ambulance Driver,7,Evening
STF01095,Kavita More,FAC0268,Technician,13,Morning
STF01096,Ashwini Mishra,FAC0271,Receptionist,7,Night
STF01097,Ajay Sharma,FAC0042,Support Staff,4,Night
STF01098,Akash Patil,FAC0141,Support Staff,3,Evening
STF01099,Swapnil More,FAC0294,Ambulance Driver,20,Night
STF01100,Prakash Kulkarni,FAC0025,Pharmacist,19,Evening
STF01101,Sonal Chavan,FAC0300,Support Staff,14,Morning
STF01102,Sachin Nair,FAC0161,Nurse,22,Night
STF01103,Prakash Pawar,FAC0007,Ambulance Driver,15,Night
STF01104,Rupali Gaikwad,FAC0063,Receptionist,1,Morning
STF01105,Shweta Shah,FAC0273,Nurse,8,Morning
STF01106,Suresh Gaikwad,FAC0162,Nurse,21,Evening
STF01107,Omkar Nair,FAC0272,Nurse,2,Evening
STF01108,Deepak Sawant,FAC0063,Support Staff,23,Morning
STF01109,Vikram Pawar,FAC0109,Support Staff,10,Night
STF01110,Sanjay Kadam,FAC0272,Nurse,11,Evening
STF01111,Pawan Mane,FAC0041,Nurse,15,Morning
STF01112,Neha Mane,FAC0291,Ambulance Driver,13,Morning
STF01113,Ashwini Nair,FAC0004,Ambulance Driver,2,Night
STF01114,Rajesh Yadav,FAC0221,Support Staff,25,Morning
STF01115,Prakash Kamble,FAC0045,Technician,8,Night
STF01116,Akash More,FAC0300,Support Staff,8,Evening
STF01117,Deepak Gaikwad,FAC0052,Nurse,4,Evening
STF01118,Manoj Chavan,FAC0022,Support Staff,20,Night
STF01119,Swati Patil,FAC0249,Support Staff,16,Morning
STF01120,Priya Sawant,FAC0194,Technician,14,Evening
STF01121,Savita Salve,FAC0043,Nurse,17,Evening
STF01122,Amit Raut,FAC0212,Nurse,23,Morning
STF01123,Kiran Raut,FAC0237,Receptionist,23,Evening
STF01124,Mamta Salve,FAC0154,Nurse,21,Evening
STF01125,Nitin Nair,FAC0020,Support Staff,4,Morning
STF01126,Meena Kulkarni,FAC0110,Nurse,16,Morning
STF01127,Swapnil Shinde,FAC0069,Pharmacist,14,Night
STF01128,Suresh Joshi,FAC0139,Receptionist,22,Evening
STF01129,Rupali Lokhande,FAC0109,Nurse,11,Morning
STF01130,Meena Kumar,FAC0254,Ambulance Driver,14,Evening
STF01131,Pooja More,FAC0002,Receptionist,23,Night
STF01132,Reshma Salve,FAC0261,Technician,9,Evening
STF01133,Ajay Chavan,FAC0058,Ambulance Driver,12,Night
STF01134,Suresh Waghmare,FAC0070,Technician,15,Evening
STF01135,Rohit Shinde,FAC0218,Support Staff,1,Night
STF01136,Deepak Pawar,FAC0018,Ambulance Driver,9,Morning
STF01137,Gauri Pawar,FAC0034,Technician,17,Night
STF01138,Sonal Singh,FAC0184,Technician,21,Night
STF01139,Priya Chavan,FAC0244,Nurse,10,Evening
STF01140,Rahul Sharma,FAC0005,Nurse,23,Night
STF01141,Omkar Yadav,FAC0099,Support Staff,12,Night
STF01142,Ganesh Kulkarni,FAC0280,Support Staff,6,Morning
STF01143,Vijay Yadav,FAC0021,Nurse,6,Evening
STF01144,Sunita Singh,FAC0044,Support Staff,8,Night
STF01145,Abhijit Salve,FAC0004,Technician,5,Evening
STF01146,Akash Chavan,FAC0254,Nurse,23,Night
STF01147,Rajesh Mishra,FAC0082,Nurse,7,Evening
STF01148,Smita Deshpande,FAC0039,Support Staff,21,Morning
STF01149,Reshma Salve,FAC0074,Nurse,21,Morning
STF01150,Rekha Singh,FAC0286,Support Staff,1,Evening
STF01151,Ravi More,FAC0209,Support Staff,19,Morning
STF01152,Ravi Bhosale,FAC0153,Nurse,16,Morning
STF01153,Santosh Shinde,FAC0110,Nurse,23,Morning
STF01154,Sanjay Bhosale,FAC0027,Technician,20,Morning
STF01155,Amit Deshpande,FAC0196,Technician,4,Morning
STF01156,Kiran More,FAC0230,Nurse,13,Night
STF01157,Varun Sawant,FAC0018,Support Staff,5,Morning
STF01158,Rupali Mane,FAC0070,Pharmacist,14,Morning
STF01159,Priya Sawant,FAC0299,Pharmacist,18,Morning
STF01160,Suresh Deshpande,FAC0016,Technician,11,Morning
STF01161,Savita Waghmare,FAC0007,Nurse,19,Morning
STF01162,Vaishali Waghmare,FAC0098,Receptionist,3,Morning
STF01163,Mamta Kadam,FAC0105,Nurse,4,Night
STF01164,Vaishali Kadam,FAC0242,Nurse,17,Morning
STF01165,Prakash Kamble,FAC0013,Nurse,4,Evening
STF01166,Akash More,FAC0254,Ambulance Driver,4,Morning
STF01167,Swati Salve,FAC0243,Support Staff,3,Morning
STF01168,Abhijit Bhosale,FAC0075,Nurse,2,Morning
STF01169,Manoj Jadhav,FAC0095,Support Staff,5,Evening
STF01170,Dinesh Shah,FAC0093,Nurse,11,Morning
STF01171,Anil Bhosale,FAC0009,Ambulance Driver,5,Night
STF01172,Varun Patil,FAC0093,Ambulance Driver,16,Evening
STF01173,Anita Gaikwad,FAC0181,Receptionist,14,Evening
STF01174,Mamta Bhosale,FAC0239,Technician,3,Night
STF01175,Pallavi Chavan,FAC0069,Nurse,22,Evening
STF01176,Amit Kulkarni,FAC0058,Technician,12,Evening
STF01177,Dinesh Nair,FAC0057,Nurse,22,Evening
STF01178,Komal Raut,FAC0088,Support Staff,3,Evening
STF01179,Varun Tiwari,FAC0147,Support Staff,23,Night
STF01180,Archana Tiwari,FAC0246,Support Staff,9,Night
STF01181,Sneha Desai,FAC0110,Receptionist,5,Evening
STF01182,Anil Patil,FAC0160,Technician,9,Evening
STF01183,Rupali Shinde,FAC0286,Ambulance Driver,15,Morning
STF01184,Kavita Lokhande,FAC0291,Nurse,10,Morning
STF01185,Vishal Mishra,FAC0293,Nurse,13,Night
STF01186,Smita Singh,FAC0104,Support Staff,25,Evening
STF01187,Komal Salve,FAC0118,Support Staff,11,Evening
STF01188,Pooja Shinde,FAC0021,Pharmacist,15,Night
STF01189,Meena Lokhande,FAC0211,Technician,17,Evening
STF01190,Pooja Pawar,FAC0087,Nurse,1,Morning
STF01191,Rajesh Raut,FAC0076,Receptionist,24,Morning
STF01192,Amit Patil,FAC0112,Nurse,7,Morning
STF01193,Vishal Kumar,FAC0128,Technician,13,Evening
STF01194,Rahul Patil,FAC0057,Technician,19,Night
STF01195,Anita Salve,FAC0291,Technician,25,Morning
STF01196,Swapnil Kamble,FAC0012,Pharmacist,1,Night
STF01197,Manoj Gupta,FAC0078,Pharmacist,25,Morning
STF01198,Rohit Mishra,FAC0298,Nurse,15,Night
STF01199,Priya Nair,FAC0023,Ambulance Driver,24,Evening
STF01200,Nilesh Salve,FAC0281,Nurse,3,Evening
STF01201,Omkar Chavan,FAC0012,Nurse,2,Night
STF01202,Archana Shinde,FAC0113,Technician,22,Morning
STF01203,Dinesh Shinde,FAC0229,Ambulance Driver,8,Morning
STF01204,Smita Nair,FAC0048,Support Staff,11,Night
STF01205,Abhijit Shah,FAC0257,Receptionist,11,Morning
STF01206,Anil Tiwari,FAC0097,Nurse,1,Night
STF01207,Anil Lokhande,FAC0166,Nurse,7,Morning
STF01208,Varun Sharma,FAC0193,Nurse,11,Night
STF01209,Santosh Waghmare,FAC0140,Nurse,23,Evening
STF01210,Rekha Salve,FAC0030,Ambulance Driver,4,Night
STF01211,Pawan Joshi,FAC0277,Support Staff,23,Morning
STF01212,Swati Sharma,FAC0114,Support Staff,21,Night
STF01213,Amit Joshi,FAC0201,Support Staff,5,Morning
STF01214,Pawan Sawant,FAC0255,Technician,3,Evening
STF01215,Lata More,FAC0099,Technician,12,Evening
STF01216,Lata Jadhav,FAC0009,Nurse,15,Morning
STF01217,Komal Kumar,FAC0287,Receptionist,25,Morning
STF01218,Kiran More,FAC0215,Nurse,4,Morning
STF01219,Swapnil Raut,FAC0147,Nurse,1,Night
STF01220,Varun More,FAC0032,Nurse,2,Evening
STF01221,Sunita Jadhav,FAC0210,Nurse,14,Morning
STF01222,Kavita Patil,FAC0074,Technician,17,Evening
STF01223,Yogesh Kulkarni,FAC0090,Ambulance Driver,24,Morning
STF01224,Pallavi Jadhav,FAC0219,Ambulance Driver,21,Morning
STF01225,Pallavi Patil,FAC0273,Nurse,9,Night
STF01226,Omkar Mishra,FAC0167,Ambulance Driver,14,Morning
STF01227,Kiran More,FAC0024,Nurse,24,Evening
STF01228,Lata Kadam,FAC0113,Support Staff,14,Night
STF01229,Rahul Mane,FAC0171,Nurse,3,Morning
STF01230,Deepak Deshpande,FAC0105,Ambulance Driver,21,Night
STF01231,Kavita Deshpande,FAC0286,Nurse,12,Evening
STF01232,Vishal Gupta,FAC0163,Technician,6,Morning
STF01233,Swati Patil,FAC0094,Support Staff,22,Evening
STF01234,Madhuri Kumar,FAC0199,Pharmacist,14,Evening
STF01235,Dinesh Sharma,FAC0142,Support Staff,5,Morning
STF01236,Sachin Kamble,FAC0280,Support Staff,14,Evening
STF01237,Omkar Jadhav,FAC0243,Ambulance Driver,10,Evening
STF01238,Priya Desai,FAC0107,Technician,21,Evening
STF01239,Sachin Shah,FAC0262,Support Staff,4,Evening
STF01240,Prakash Kamble,FAC0065,Support Staff,5,Morning
STF01241,Vishal Lokhande,FAC0028,Support Staff,10,Evening
STF01242,Prakash Tiwari,FAC0078,Technician,4,Morning
STF01243,Rajesh Salve,FAC0183,Support Staff,20,Morning
STF01244,Manisha Salve,FAC0205,Ambulance Driver,1,Night
STF01245,Nitin Kumar,FAC0064,Receptionist,3,Morning
STF01246,Kavita Joshi,FAC0280,Technician,7,Night
STF01247,Lata Gaikwad,FAC0220,Technician,1,Morning
STF01248,Tushar More,FAC0257,Receptionist,10,Night
STF01249,Rahul Kadam,FAC0215,Technician,9,Night
STF01250,Swapnil Shinde,FAC0010,Nurse,25,Evening
STF01251,Omkar Raut,FAC0047,Support Staff,6,Morning
STF01252,Tushar Singh,FAC0143,Nurse,22,Morning
STF01253,Sneha Desai,FAC0061,Nurse,1,Night
STF01254,Omkar Gaikwad,FAC0218,Receptionist,17,Morning
STF01255,Amit Desai,FAC0259,Nurse,23,Evening
STF01256,Smita Waghmare,FAC0104,Nurse,23,Morning
STF01257,Kavita Tiwari,FAC0026,Support Staff,20,Morning
STF01258,Dinesh Surve,FAC0108,Nurse,1,Evening
STF01259,Nilesh Singh,FAC0055,Support Staff,8,Night
STF01260,Amit Mishra,FAC0285,Technician,15,Evening
STF01261,Abhijit Mane,FAC0199,Support Staff,25,Morning
STF01262,Anita Shah,FAC0260,Support Staff,2,Evening
STF01263,Prakash Kamble,FAC0239,Support Staff,21,Night
STF01264,Sanjay Waghmare,FAC0062,Support Staff,21,Morning
STF01265,Suresh Patil,FAC0085,Nurse,17,Night
STF01266,Swapnil Chavan,FAC0271,Support Staff,18,Night
STF01267,Abhijit Waghmare,FAC0242,Technician,1,Morning
STF01268,Anita Lokhande,FAC0117,Ambulance Driver,23,Evening
STF01269,Abhijit Sharma,FAC0263,Pharmacist,18,Morning
STF01270,Nitin Sharma,FAC0067,Support Staff,5,Morning
STF01271,Gauri Mishra,FAC0129,Receptionist,13,Evening
STF01272,Amit Waghmare,FAC0174,Technician,16,Morning
STF01273,Tushar Bhosale,FAC0004,Technician,4,Morning
STF01274,Savita Mane,FAC0282,Nurse,24,Evening
STF01275,Ravi Yadav,FAC0017,Support Staff,17,Morning
STF01276,Sanjay Raut,FAC0100,Receptionist,10,Morning
STF01277,Akash Desai,FAC0063,Support Staff,6,Evening
STF01278,Rajesh Kamble,FAC0196,Receptionist,25,Night
STF01279,Ganesh Tiwari,FAC0242,Nurse,22,Morning
STF01280,Varun Kumar,FAC0034,Receptionist,12,Evening
STF01281,Prakash Desai,FAC0073,Nurse,12,Morning
STF01282,Vijay Patil,FAC0075,Support Staff,10,Evening
STF01283,Amit Chavan,FAC0102,Support Staff,7,Evening
STF01284,Manisha Singh,FAC0145,Ambulance Driver,6,Morning
STF01285,Deepak Nair,FAC0296,Receptionist,8,Morning
STF01286,Deepak Surve,FAC0013,Technician,8,Morning
STF01287,Prakash Kamble,FAC0039,Ambulance Driver,20,Morning
STF01288,Sneha Deshpande,FAC0189,Nurse,4,Morning
STF01289,Pawan Bhosale,FAC0282,Ambulance Driver,23,Evening
STF01290,Swapnil Surve,FAC0119,Ambulance Driver,8,Night
STF01291,Kavita Jadhav,FAC0159,Support Staff,8,Night
STF01292,Santosh Salve,FAC0142,Nurse,4,Evening
STF01293,Ashwini Deshpande,FAC0218,Technician,19,Morning
STF01294,Komal Mishra,FAC0057,Technician,11,Morning
STF01295,Manoj Gaikwad,FAC0169,Support Staff,16,Morning
STF01296,Anita Sawant,FAC0255,Pharmacist,19,Night
STF01297,Tushar Sharma,FAC0024,Nurse,13,Night
STF01298,Manoj Bhosale,FAC0197,Nurse,24,Morning
STF01299,Santosh Mishra,FAC0190,Pharmacist,24,Evening
STF01300,Vikram Shinde,FAC0184,Technician,2,Morning
STF01301,Suresh Mane,FAC0257,Technician,2,Evening
STF01302,Kiran Mishra,FAC0247,Support Staff,25,Night
STF01303,Anita Deshpande,FAC0032,Technician,24,Morning
STF01304,Abhijit More,FAC0272,Nurse,8,Morning
STF01305,Swapnil Sawant,FAC0155,Nurse,3,Night
STF01306,Akash More,FAC0026,Receptionist,13,Morning
STF01307,Sachin Kadam,FAC0202,Nurse,25,Night
STF01308,Mamta Bhosale,FAC0285,Support Staff,6,Night
STF01309,Rahul Waghmare,FAC0129,Pharmacist,14,Morning
STF01310,Swapnil Chavan,FAC0245,Receptionist,5,Morning
STF01311,Gauri Lokhande,FAC0281,Support Staff,7,Evening
STF01312,Archana Singh,FAC0112,Pharmacist,5,Night
STF01313,Ujwala Gupta,FAC0027,Support Staff,20,Evening
STF01314,Akash Gupta,FAC0268,Ambulance Driver,17,Evening
STF01315,Reshma Gaikwad,FAC0172,Nurse,23,Evening
STF01316,Abhijit Kulkarni,FAC0269,Nurse,1,Night
STF01317,Varun Kamble,FAC0043,Nurse,14,Evening
STF01318,Sanjay Gupta,FAC0005,Pharmacist,9,Evening
STF01319,Varun Raut,FAC0243,Pharmacist,2,Night
STF01320,Ravi Lokhande,FAC0177,Technician,11,Evening
STF01321,Anil Kulkarni,FAC0124,Technician,1,Night
STF01322,Deepa Pawar,FAC0067,Technician,13,Evening
STF01323,Rekha Deshpande,FAC0090,Nurse,6,Night
STF01324,Kiran Raut,FAC0238,Nurse,3,Evening
STF01325,Santosh More,FAC0252,Pharmacist,4,Morning
STF01326,Suresh Bhosale,FAC0279,Ambulance Driver,6,Evening
STF01327,Ajay Desai,FAC0296,Support Staff,13,Night
STF01328,Rahul Pawar,FAC0218,Nurse,4,Night
STF01329,Ujwala More,FAC0096,Support Staff,6,Morning
STF01330,Suresh Raut,FAC0282,Support Staff,19,Morning
STF01331,Omkar Jadhav,FAC0138,Nurse,13,Evening
STF01332,Vikram Raut,FAC0037,Pharmacist,1,Evening
STF01333,Vikram Raut,FAC0205,Support Staff,3,Morning
STF01334,Deepak Shah,FAC0006,Support Staff,22,Morning
STF01335,Meena Surve,FAC0235,Nurse,14,Morning
STF01336,Ravi Shah,FAC0058,Pharmacist,8,Evening
STF01337,Rahul Nair,FAC0124,Ambulance Driver,14,Night
STF01338,Meena Desai,FAC0204,Support Staff,2,Evening
STF01339,Anita Kumar,FAC0282,Support Staff,20,Evening
STF01340,Swati Kumar,FAC0116,Nurse,20,Morning
STF01341,Shweta Jadhav,FAC0093,Support Staff,16,Night
STF01342,Pallavi Yadav,FAC0199,Support Staff,4,Morning
STF01343,Amit Kulkarni,FAC0289,Nurse,25,Evening
STF01344,Prakash Chavan,FAC0203,Ambulance Driver,15,Night
STF01345,Lata Mane,FAC0284,Technician,6,Night
STF01346,Swati Singh,FAC0192,Technician,9,Morning
STF01347,Omkar Patil,FAC0223,Technician,18,Evening
STF01348,Ravi Desai,FAC0212,Ambulance Driver,12,Morning
STF01349,Mamta Kamble,FAC0053,Nurse,23,Night
STF01350,Ujwala Mane,FAC0096,Technician,6,Morning
STF01351,Anil Nair,FAC0017,Support Staff,8,Evening
STF01352,Ujwala More,FAC0116,Support Staff,19,Morning
STF01353,Rahul More,FAC0106,Support Staff,8,Morning
STF01354,Ujwala Yadav,FAC0079,Pharmacist,2,Evening
STF01355,Yogesh Singh,FAC0059,Nurse,2,Night
STF01356,Aarti Raut,FAC0169,Support Staff,10,Night
STF01357,Omkar Nair,FAC0298,Nurse,13,Night
STF01358,Neha Raut,FAC0100,Nurse,7,Morning
STF01359,Rupali Lokhande,FAC0202,Nurse,8,Morning
STF01360,Rupali Singh,FAC0014,Nurse,18,Evening
STF01361,Mamta Tiwari,FAC0063,Support Staff,8,Morning
STF01362,Amit Waghmare,FAC0083,Ambulance Driver,3,Night
STF01363,Varun Sharma,FAC0161,Ambulance Driver,13,Night
STF01364,Gauri Kadam,FAC0074,Support Staff,4,Morning
STF01365,Pallavi Salve,FAC0159,Nurse,15,Night
STF01366,Smita Mishra,FAC0197,Nurse,1,Morning
STF01367,Prakash Sharma,FAC0105,Receptionist,19,Evening
STF01368,Vijay Kumar,FAC0203,Technician,6,Evening
STF01369,Sneha Kulkarni,FAC0119,Nurse,12,Night
STF01370,Manoj Gupta,FAC0243,Support Staff,9,Evening
STF01371,Anita Raut,FAC0129,Receptionist,13,Evening
STF01372,Swati Tiwari,FAC0218,Ambulance Driver,20,Morning
STF01373,Deepa Raut,FAC0082,Nurse,19,Night
STF01374,Sunita Pawar,FAC0071,Support Staff,11,Evening
STF01375,Sonal Kamble,FAC0182,Ambulance Driver,3,Night
STF01376,Sanjay Singh,FAC0049,Pharmacist,11,Evening
STF01377,Sonal Gupta,FAC0054,Nurse,21,Evening
STF01378,Vikram Yadav,FAC0249,Technician,15,Night
STF01379,Manisha Singh,FAC0065,Nurse,20,Evening
STF01380,Rohit Gaikwad,FAC0048,Support Staff,5,Night
STF01381,Dinesh Nair,FAC0165,Receptionist,22,Night
STF01382,Abhijit Nair,FAC0004,Technician,24,Evening
STF01383,Ganesh Chavan,FAC0253,Technician,14,Night
STF01384,Rupali Shah,FAC0121,Nurse,7,Morning
STF01385,Sunita More,FAC0184,Pharmacist,4,Night
STF01386,Anil Desai,FAC0149,Technician,18,Evening
STF01387,Nisha Joshi,FAC0184,Nurse,17,Night
STF01388,Manisha Lokhande,FAC0088,Support Staff,18,Evening
STF01389,Sachin Salve,FAC0010,Nurse,6,Night
STF01390,Rajesh Bhosale,FAC0300,Technician,22,Morning
STF01391,Pallavi Jadhav,FAC0164,Support Staff,21,Night
STF01392,Pooja Kamble,FAC0082,Pharmacist,18,Morning
STF01393,Rajesh Singh,FAC0274,Nurse,4,Morning
STF01394,Rohit Lokhande,FAC0229,Nurse,10,Morning
STF01395,Priya Jadhav,FAC0093,Technician,9,Night
STF01396,Lata Shah,FAC0141,Ambulance Driver,8,Morning
STF01397,Manisha Yadav,FAC0007,Nurse,1,Night
STF01398,Manoj Lokhande,FAC0228,Pharmacist,23,Morning
STF01399,Rajesh Lokhande,FAC0027,Nurse,11,Night
STF01400,Sunita Patil,FAC0146,Nurse,16,Night
STF01401,Sonal Gaikwad,FAC0044,Receptionist,2,Night
STF01402,Ravi Bhosale,FAC0091,Ambulance Driver,18,Morning
STF01403,Swapnil Patil,FAC0114,Nurse,19,Evening
STF01404,Vikram Deshpande,FAC0271,Pharmacist,1,Morning
STF01405,Dinesh Gupta,FAC0205,Nurse,9,Morning
STF01406,Swapnil Kulkarni,FAC0243,Support Staff,2,Evening
STF01407,Rajesh Patil,FAC0270,Nurse,23,Night
STF01408,Sanjay Salve,FAC0238,Technician,8,Morning
STF01409,Nitin Shinde,FAC0076,Nurse,14,Morning
STF01410,Priya Yadav,FAC0211,Support Staff,7,Morning
STF01411,Lata Kulkarni,FAC0048,Nurse,23,Evening
STF01412,Ujwala Chavan,FAC0179,Ambulance Driver,13,Evening
STF01413,Ravi Waghmare,FAC0101,Nurse,24,Evening
STF01414,Nilesh Lokhande,FAC0268,Receptionist,13,Evening
STF01415,Varun Bhosale,FAC0107,Pharmacist,23,Evening
STF01416,Savita Jadhav,FAC0143,Receptionist,2,Evening
STF01417,Rohit Waghmare,FAC0052,Nurse,11,Night
STF01418,Ravi Bhosale,FAC0290,Support Staff,16,Morning
STF01419,Sonal Waghmare,FAC0147,Nurse,6,Night
STF01420,Ravi Gaikwad,FAC0040,Nurse,9,Evening
STF01421,Sachin Chavan,FAC0172,Nurse,25,Morning
STF01422,Ravi Mane,FAC0292,Technician,15,Morning
STF01423,Omkar Mishra,FAC0116,Ambulance Driver,12,Evening
STF01424,Manisha Waghmare,FAC0022,Pharmacist,19,Evening
STF01425,Vaishali Patil,FAC0137,Nurse,14,Morning
STF01426,Kiran Raut,FAC0257,Technician,8,Evening
STF01427,Ganesh Singh,FAC0090,Technician,9,Morning
STF01428,Akash Mishra,FAC0009,Nurse,25,Morning
STF01429,Archana Desai,FAC0135,Technician,3,Night
STF01430,Suresh Bhosale,FAC0211,Technician,21,Night
STF01431,Neha Waghmare,FAC0135,Technician,17,Evening
STF01432,Abhijit Waghmare,FAC0043,Pharmacist,13,Night
STF01433,Manoj Gupta,FAC0213,Support Staff,9,Evening
STF01434,Rajesh Gupta,FAC0284,Ambulance Driver,13,Morning
STF01435,Omkar Joshi,FAC0266,Support Staff,3,Evening
STF01436,Gauri Surve,FAC0077,Technician,2,Evening
STF01437,Lata Sawant,FAC0006,Technician,4,Night
STF01438,Rahul Bhosale,FAC0288,Receptionist,21,Evening
STF01439,Ashwini Raut,FAC0220,Pharmacist,25,Morning
STF01440,Dinesh Lokhande,FAC0228,Nurse,8,Evening
STF01441,Gauri Yadav,FAC0014,Technician,7,Evening
STF01442,Pawan Tiwari,FAC0208,Receptionist,1,Evening
STF01443,Ravi Lokhande,FAC0094,Technician,5,Night
STF01444,Anil Mishra,FAC0295,Support Staff,16,Night
STF01445,Sachin Yadav,FAC0263,Receptionist,25,Evening
STF01446,Aarti Sharma,FAC0258,Pharmacist,7,Evening
STF01447,Santosh Pawar,FAC0106,Pharmacist,25,Night
STF01448,Varun Kamble,FAC0264,Receptionist,6,Night
STF01449,Shweta Sawant,FAC0013,Ambulance Driver,13,Night
STF01450,Manoj Kulkarni,FAC0155,Support Staff,22,Night
STF01451,Swapnil Nair,FAC0135,Receptionist,2,Night
STF01452,Swapnil Kadam,FAC0040,Ambulance Driver,25,Night
STF01453,Omkar Desai,FAC0106,Nurse,13,Morning
STF01454,Yogesh Raut,FAC0296,Pharmacist,6,Night
STF01455,Abhijit Chavan,FAC0298,Technician,19,Morning
STF01456,Madhuri More,FAC0291,Support Staff,3,Night
STF01457,Prakash Raut,FAC0215,Nurse,5,Night
STF01458,Swati Singh,FAC0238,Ambulance Driver,8,Morning
STF01459,Ganesh Shah,FAC0135,Technician,10,Morning
STF01460,Nitin Gaikwad,FAC0275,Nurse,7,Night
STF01461,Nitin Yadav,FAC0168,Receptionist,8,Evening
STF01462,Reshma Shah,FAC0145,Receptionist,4,Evening
STF01463,Smita More,FAC0014,Support Staff,15,Evening
STF01464,Rahul Mane,FAC0225,Receptionist,18,Morning
STF01465,Ajay Nair,FAC0084,Support Staff,17,Evening
STF01466,Manisha Kulkarni,FAC0126,Ambulance Driver,9,Morning
STF01467,Nilesh Joshi,FAC0058,Technician,18,Evening
STF01468,Ajay Gupta,FAC0139,Pharmacist,13,Night
STF01469,Swapnil Mishra,FAC0271,Nurse,21,Night
STF01470,Dinesh Singh,FAC0130,Nurse,21,Night
STF01471,Ashwini Patil,FAC0262,Support Staff,21,Morning
STF01472,Gauri Desai,FAC0024,Support Staff,25,Morning
STF01473,Swati Raut,FAC0153,Support Staff,14,Morning
STF01474,Sachin Yadav,FAC0277,Nurse,17,Morning
STF01475,Ravi Sharma,FAC0077,Technician,13,Night
STF01476,Omkar Joshi,FAC0152,Technician,21,Evening
STF01477,Manoj Joshi,FAC0010,Ambulance Driver,1,Evening
STF01478,Vaishali Yadav,FAC0290,Receptionist,11,Morning
STF01479,Rohit Patil,FAC0039,Receptionist,3,Evening
STF01480,Varun Raut,FAC0058,Support Staff,22,Night
STF01481,Ganesh Kulkarni,FAC0242,Support Staff,6,Evening
STF01482,Ajay Sharma,FAC0069,Technician,17,Morning
STF01483,Sanjay Gupta,FAC0090,Technician,21,Evening
STF01484,Ganesh Yadav,FAC0167,Nurse,7,Night
STF01485,Mamta Raut,FAC0268,Receptionist,11,Night
STF01486,Vishal Singh,FAC0092,Support Staff,3,Morning
STF01487,Ravi Gupta,FAC0074,Support Staff,22,Evening
STF01488,Vijay Surve,FAC0010,Nurse,20,Night
STF01489,Priya More,FAC0187,Support Staff,15,Morning
STF01490,Mamta Chavan,FAC0232,Support Staff,19,Evening
STF01491,Manoj Surve,FAC0230,Nurse,13,Morning
STF01492,Deepak Desai,FAC0069,Nurse,11,Night
STF01493,Sachin Mishra,FAC0218,Pharmacist,23,Evening
STF01494,Nitin Patil,FAC0189,Receptionist,15,Evening
STF01495,Komal Kulkarni,FAC0140,Support Staff,23,Night
STF01496,Nilesh Gaikwad,FAC0292,Pharmacist,23,Evening
STF01497,Rekha Pawar,FAC0205,Pharmacist,23,Evening
STF01498,Savita Waghmare,FAC0196,Nurse,2,Evening
STF01499,Rupali Jadhav,FAC0209,Ambulance Driver,17,Evening
STF01500,Madhuri Kamble,FAC0291,Pharmacist,10,Evening
STF01501,Smita Joshi,FAC0132,Nurse,2,Morning
STF01502,Manoj Patil,FAC0289,Nurse,14,Night
STF01503,Akash Lokhande,FAC0233,Pharmacist,3,Night
STF01504,Rupali Surve,FAC0194,Nurse,12,Night
STF01505,Neha Sawant,FAC0281,Receptionist,5,Morning
STF01506,Swati Kumar,FAC0285,Ambulance Driver,13,Night
STF01507,Rahul Bhosale,FAC0191,Technician,6,Evening
STF01508,Sachin Kamble,FAC0089,Nurse,17,Morning
STF01509,Sanjay Sharma,FAC0049,Support Staff,8,Evening
STF01510,Rekha Kadam,FAC0044,Ambulance Driver,25,Morning
STF01511,Amit Yadav,FAC0149,Nurse,3,Evening
STF01512,Vishal Yadav,FAC0035,Support Staff,5,Evening
STF01513,Neha Bhosale,FAC0289,Support Staff,10,Morning
STF01514,Prakash Kulkarni,FAC0295,Nurse,17,Evening
STF01515,Vaishali Sawant,FAC0277,Technician,2,Evening
STF01516,Dinesh Patil,FAC0070,Nurse,24,Evening
STF01517,Sachin More,FAC0078,Receptionist,23,Morning
STF01518,Madhuri Deshpande,FAC0016,Nurse,8,Night
STF01519,Yogesh Sharma,FAC0134,Pharmacist,4,Night
STF01520,Kiran Kamble,FAC0280,Nurse,19,Morning
STF01521,Nilesh Gupta,FAC0003,Pharmacist,5,Morning
STF01522,Santosh Lokhande,FAC0230,Nurse,1,Night
STF01523,Nilesh Kulkarni,FAC0293,Support Staff,14,Evening
STF01524,Tushar Bhosale,FAC0159,Support Staff,1,Morning
STF01525,Ajay Jadhav,FAC0084,Nurse,23,Evening
STF01526,Anita Patil,FAC0162,Technician,20,Evening
STF01527,Ravi Jadhav,FAC0101,Technician,16,Night
STF01528,Santosh Jadhav,FAC0032,Support Staff,12,Morning
STF01529,Manisha Sawant,FAC0024,Ambulance Driver,6,Morning
STF01530,Neha Joshi,FAC0037,Ambulance Driver,19,Night
STF01531,Deepak Singh,FAC0021,Nurse,15,Morning
STF01532,Lata Nair,FAC0141,Support Staff,10,Evening
STF01533,Priya Waghmare,FAC0253,Nurse,9,Evening
STF01534,Kavita Surve,FAC0116,Pharmacist,5,Evening
STF01535,Vijay Mishra,FAC0212,Receptionist,16,Evening
STF01536,Komal Kamble,FAC0018,Nurse,16,Night
STF01537,Ravi Kamble,FAC0123,Nurse,23,Night
STF01538,Sneha Pawar,FAC0138,Technician,3,Evening
STF01539,Sachin Patil,FAC0286,Nurse,3,Evening
STF01540,Vishal Tiwari,FAC0041,Nurse,24,Night
STF01541,Pawan Tiwari,FAC0134,Nurse,15,Evening
STF01542,Aarti Shinde,FAC0128,Pharmacist,12,Night
STF01543,Amit Bhosale,FAC0243,Nurse,16,Morning
STF01544,Yogesh Bhosale,FAC0160,Technician,1,Evening
STF01545,Dinesh Tiwari,FAC0128,Technician,1,Night
STF01546,Aarti Pawar,FAC0277,Nurse,3,Morning
STF01547,Deepa Desai,FAC0083,Pharmacist,25,Night
STF01548,Aarti Salve,FAC0284,Technician,18,Evening
STF01549,Manoj Kadam,FAC0277,Receptionist,18,Morning
STF01550,Yogesh Kadam,FAC0174,Nurse,23,Morning
STF01551,Vishal Gaikwad,FAC0106,Receptionist,23,Morning
STF01552,Dinesh Pawar,FAC0103,Ambulance Driver,5,Morning
STF01553,Nisha Surve,FAC0135,Support Staff,10,Morning
STF01554,Sunita Joshi,FAC0222,Support Staff,25,Evening
STF01555,Aarti Kumar,FAC0087,Technician,2,Morning
STF01556,Omkar Singh,FAC0048,Technician,20,Night
STF01557,Nitin Kamble,FAC0048,Support Staff,3,Morning
STF01558,Ashwini Nair,FAC0052,Support Staff,13,Morning
STF01559,Ravi Tiwari,FAC0025,Technician,18,Evening
STF01560,Varun Yadav,FAC0062,Nurse,22,Morning
STF01561,Rahul Sawant,FAC0082,Nurse,15,Morning
STF01562,Gauri Salve,FAC0004,Receptionist,16,Evening
STF01563,Pawan Tiwari,FAC0246,Ambulance Driver,10,Night
STF01564,Yogesh Pawar,FAC0071,Support Staff,22,Night
STF01565,Vishal Jadhav,FAC0149,Pharmacist,3,Evening
STF01566,Meena Lokhande,FAC0125,Technician,24,Night
STF01567,Ravi Gaikwad,FAC0068,Support Staff,14,Evening
STF01568,Rajesh Gaikwad,FAC0193,Ambulance Driver,19,Morning
STF01569,Rohit Bhosale,FAC0038,Nurse,13,Night
STF01570,Rahul Pawar,FAC0285,Nurse,16,Evening
STF01571,Ganesh Gaikwad,FAC0170,Technician,2,Morning
STF01572,Rajesh Desai,FAC0223,Pharmacist,8,Morning
STF01573,Vaishali Lokhande,FAC0045,Ambulance Driver,21,Night
STF01574,Suresh Patil,FAC0280,Support Staff,20,Night
STF01575,Sunita Tiwari,FAC0061,Technician,19,Morning
STF01576,Priya Sharma,FAC0187,Receptionist,5,Morning
STF01577,Abhijit Mane,FAC0103,Nurse,23,Evening
STF01578,Shweta Shinde,FAC0188,Technician,20,Morning
STF01579,Sunita Sharma,FAC0201,Receptionist,6,Morning
STF01580,Madhuri Chavan,FAC0238,Pharmacist,5,Evening
STF01581,Tushar Salve,FAC0165,Support Staff,22,Evening
STF01582,Deepa Nair,FAC0164,Support Staff,2,Evening
STF01583,Nisha Jadhav,FAC0169,Nurse,10,Morning
STF01584,Pawan Nair,FAC0288,Technician,21,Morning
STF01585,Neha Bhosale,FAC0180,Pharmacist,21,Night
STF01586,Swapnil More,FAC0208,Ambulance Driver,13,Morning
STF01587,Gauri Sharma,FAC0077,Ambulance Driver,12,Morning
STF01588,Rahul Gaikwad,FAC0209,Nurse,23,Evening
STF01589,Rohit Lokhande,FAC0072,Nurse,14,Evening
STF01590,Manoj Mishra,FAC0230,Pharmacist,10,Night
STF01591,Sanjay Mane,FAC0009,Support Staff,13,Morning
STF01592,Rajesh Pawar,FAC0014,Pharmacist,12,Morning
STF01593,Nilesh Tiwari,FAC0047,Nurse,8,Evening
STF01594,Vikram Shah,FAC0178,Nurse,2,Night
STF01595,Vijay Pawar,FAC0131,Pharmacist,6,Evening
STF01596,Meena Desai,FAC0227,Technician,10,Night
STF01597,Suresh Gupta,FAC0188,Support Staff,24,Morning
STF01598,Prakash Singh,FAC0299,Receptionist,15,Morning
STF01599,Dinesh Joshi,FAC0041,Nurse,24,Night
STF01600,Sneha Shah,FAC0154,Technician,14,Night
STF01601,Sonal Pawar,FAC0064,Pharmacist,13,Night
STF01602,Nitin Nair,FAC0136,Ambulance Driver,16,Night
STF01603,Vikram Desai,FAC0192,Pharmacist,1,Night
STF01604,Savita Singh,FAC0245,Support Staff,24,Evening
STF01605,Suresh Shah,FAC0004,Technician,8,Night
STF01606,Gauri Gaikwad,FAC0185,Nurse,20,Evening
STF01607,Savita Gupta,FAC0246,Nurse,5,Morning
STF01608,Sunita More,FAC0149,Nurse,13,Evening
STF01609,Mamta Kadam,FAC0123,Support Staff,11,Morning
STF01610,Ravi Waghmare,FAC0096,Pharmacist,19,Evening
STF01611,Vishal Nair,FAC0082,Support Staff,20,Morning
STF01612,Nitin More,FAC0070,Receptionist,2,Morning
STF01613,Santosh Sharma,FAC0001,Technician,9,Morning
STF01614,Lata Kulkarni,FAC0265,Nurse,6,Evening
STF01615,Rupali Joshi,FAC0037,Support Staff,16,Night
STF01616,Mamta Sawant,FAC0248,Support Staff,1,Evening
STF01617,Yogesh Kadam,FAC0176,Nurse,9,Morning
STF01618,Akash Kumar,FAC0166,Support Staff,15,Evening
STF01619,Anita Patil,FAC0283,Receptionist,7,Morning
STF01620,Sanjay Gupta,FAC0146,Ambulance Driver,13,Morning
STF01621,Deepa Mishra,FAC0222,Nurse,25,Night
STF01622,Swati Pawar,FAC0231,Support Staff,16,Evening
STF01623,Sunita Kadam,FAC0260,Support Staff,14,Night
STF01624,Dinesh Tiwari,FAC0245,Support Staff,24,Morning
STF01625,Ajay Kadam,FAC0186,Nurse,18,Morning
STF01626,Sachin Tiwari,FAC0087,Nurse,11,Night
STF01627,Omkar Desai,FAC0044,Nurse,10,Night
STF01628,Yogesh Deshpande,FAC0028,Ambulance Driver,10,Morning
STF01629,Tushar Mishra,FAC0223,Nurse,21,Evening
STF01630,Manoj Mane,FAC0233,Technician,14,Evening
STF01631,Mamta Desai,FAC0082,Support Staff,14,Morning
STF01632,Pallavi Yadav,FAC0261,Ambulance Driver,7,Night
STF01633,Vijay Bhosale,FAC0211,Support Staff,9,Night
STF01634,Rupali Pawar,FAC0249,Pharmacist,11,Night
STF01635,Nilesh Singh,FAC0293,Technician,7,Night
STF01636,Savita Jadhav,FAC0143,Support Staff,23,Night
STF01637,Amit Shah,FAC0260,Technician,23,Evening
STF01638,Smita Kumar,FAC0008,Support Staff,11,Evening
STF01639,Neha Kulkarni,FAC0224,Nurse,14,Evening
STF01640,Anita Kulkarni,FAC0132,Ambulance Driver,19,Evening
STF01641,Dinesh Raut,FAC0300,Nurse,18,Night
STF01642,Smita Bhosale,FAC0054,Support Staff,3,Evening
STF01643,Priya Kumar,FAC0129,Support Staff,8,Morning
STF01644,Pawan Surve,FAC0224,Nurse,15,Night
STF01645,Madhuri Bhosale,FAC0272,Nurse,7,Night
STF01646,Ganesh Kumar,FAC0083,Nurse,21,Evening
STF01647,Swapnil Joshi,FAC0252,Ambulance Driver,23,Morning
STF01648,Nisha Yadav,FAC0105,Technician,5,Evening
STF01649,Komal Kamble,FAC0169,Receptionist,2,Night
STF01650,Pawan Jadhav,FAC0026,Nurse,17,Evening
STF01651,Pallavi Kadam,FAC0295,Receptionist,9,Night
STF01652,Ganesh Patil,FAC0275,Technician,19,Evening
STF01653,Anil Shah,FAC0228,Technician,22,Night
STF01654,Rahul Kamble,FAC0278,Nurse,22,Morning
STF01655,Sneha Tiwari,FAC0079,Support Staff,15,Morning
STF01656,Yogesh Kulkarni,FAC0031,Nurse,18,Night
STF01657,Suresh Lokhande,FAC0068,Nurse,13,Morning
STF01658,Sachin Lokhande,FAC0231,Pharmacist,11,Night
STF01659,Prakash Sawant,FAC0268,Nurse,22,Evening
STF01660,Anil Deshpande,FAC0052,Support Staff,12,Morning
STF01661,Sachin Waghmare,FAC0027,Nurse,1,Evening
STF01662,Deepak Gupta,FAC0272,Technician,14,Morning
STF01663,Anil Sawant,FAC0196,Pharmacist,14,Evening
STF01664,Vijay Mishra,FAC0155,Nurse,9,Evening
STF01665,Rekha Tiwari,FAC0152,Technician,16,Morning
STF01666,Priya Joshi,FAC0274,Nurse,14,Evening
STF01667,Kavita Waghmare,FAC0022,Support Staff,16,Night
STF01668,Yogesh Sharma,FAC0100,Support Staff,14,Morning
STF01669,Sachin Yadav,FAC0079,Support Staff,9,Morning
STF01670,Amit Nair,FAC0171,Nurse,2,Night
STF01671,Reshma Kamble,FAC0016,Ambulance Driver,8,Night
STF01672,Akash Patil,FAC0138,Ambulance Driver,7,Night
STF01673,Gauri Sharma,FAC0034,Ambulance Driver,21,Night
STF01674,Omkar Salve,FAC0250,Support Staff,19,Morning
STF01675,Sanjay Mane,FAC0138,Support Staff,18,Morning
STF01676,Prakash Surve,FAC0007,Receptionist,17,Evening
STF01677,Nilesh Bhosale,FAC0194,Technician,12,Night
STF01678,Gauri Yadav,FAC0294,Support Staff,1,Evening
STF01679,Rupali Chavan,FAC0010,Technician,22,Evening
STF01680,Pooja Kumar,FAC0222,Nurse,22,Morning
STF01681,Kavita Mane,FAC0023,Nurse,5,Morning
STF01682,Nisha Salve,FAC0072,Receptionist,25,Evening
STF01683,Shweta Bhosale,FAC0240,Support Staff,1,Morning
STF01684,Swati Gupta,FAC0289,Nurse,4,Night
STF01685,Rajesh Sharma,FAC0224,Technician,18,Evening
STF01686,Sachin Raut,FAC0159,Support Staff,4,Morning
STF01687,Ravi Pawar,FAC0268,Ambulance Driver,22,Night
STF01688,Prakash Tiwari,FAC0067,Technician,25,Night
STF01689,Anita Shah,FAC0264,Support Staff,23,Evening
STF01690,Yogesh Lokhande,FAC0113,Nurse,21,Morning
STF01691,Pawan Sharma,FAC0281,Ambulance Driver,12,Evening
STF01692,Dinesh Joshi,FAC0247,Nurse,14,Evening
STF01693,Priya Kadam,FAC0099,Nurse,15,Night
STF01694,Kiran Surve,FAC0110,Nurse,19,Night
STF01695,Rohit Joshi,FAC0047,Pharmacist,17,Evening
STF01696,Mamta Sawant,FAC0196,Nurse,5,Evening
STF01697,Mamta Patil,FAC0281,Nurse,20,Night
STF01698,Vishal Kulkarni,FAC0069,Support Staff,8,Evening
STF01699,Nisha Shah,FAC0231,Receptionist,4,Night
STF01700,Nitin Chavan,FAC0117,Support Staff,6,Evening
STF01701,Mamta Salve,FAC0220,Nurse,23,Evening
STF01702,Ujwala Nair,FAC0029,Receptionist,15,Night
STF01703,Pawan Salve,FAC0298,Support Staff,15,Evening
STF01704,Prakash Sawant,FAC0216,Receptionist,15,Evening
STF01705,Smita Gupta,FAC0279,Technician,3,Night
STF01706,Sachin Jadhav,FAC0108,Support Staff,24,Evening
STF01707,Amit Nair,FAC0253,Technician,11,Night
STF01708,Sneha Chavan,FAC0200,Nurse,17,Morning
STF01709,Swati Lokhande,FAC0282,Nurse,9,Night
STF01710,Gauri Kadam,FAC0009,Technician,5,Night
STF01711,Suresh More,FAC0205,Nurse,19,Night
STF01712,Swapnil Sawant,FAC0015,Support Staff,22,Night
STF01713,Dinesh Shah,FAC0052,Technician,18,Morning
STF01714,Reshma Kulkarni,FAC0051,Technician,13,Night
STF01715,Ganesh Kumar,FAC0004,Receptionist,16,Evening
STF01716,Rupali Kulkarni,FAC0025,Nurse,4,Evening
STF01717,Sneha Nair,FAC0285,Technician,5,Morning
STF01718,Nisha Gupta,FAC0141,Support Staff,8,Night
STF01719,Ajay Kumar,FAC0233,Receptionist,20,Morning
STF01720,Sachin Sharma,FAC0168,Nurse,16,Evening
STF01721,Prakash Mane,FAC0116,Support Staff,24,Morning
STF01722,Vishal Shinde,FAC0227,Nurse,16,Morning
STF01723,Ashwini Sawant,FAC0112,Support Staff,22,Morning
STF01724,Nitin Raut,FAC0163,Receptionist,22,Evening
STF01725,Nilesh Sharma,FAC0048,Pharmacist,21,Night
STF01726,Meena Kumar,FAC0114,Receptionist,24,Night
STF01727,Rohit Pawar,FAC0189,Nurse,10,Night
STF01728,Yogesh Deshpande,FAC0033,Support Staff,10,Evening
STF01729,Dinesh Gaikwad,FAC0053,Receptionist,23,Morning
STF01730,Vikram Shinde,FAC0206,Support Staff,7,Night
STF01731,Vijay Singh,FAC0274,Receptionist,13,Night
STF01732,Vikram Nair,FAC0231,Technician,15,Night
STF01733,Deepak Tiwari,FAC0119,Support Staff,5,Night
STF01734,Santosh Deshpande,FAC0150,Pharmacist,17,Evening
STF01735,Deepa Kamble,FAC0119,Support Staff,1,Evening
STF01736,Sanjay Kulkarni,FAC0034,Support Staff,1,Evening
STF01737,Aarti Pawar,FAC0256,Nurse,7,Night
STF01738,Pawan Surve,FAC0188,Pharmacist,16,Evening
STF01739,Swati Gaikwad,FAC0076,Receptionist,23,Night
STF01740,Amit Kulkarni,FAC0107,Technician,18,Night
STF01741,Madhuri Kumar,FAC0287,Support Staff,11,Evening
STF01742,Deepak Jadhav,FAC0117,Receptionist,8,Morning
STF01743,Rohit Mane,FAC0191,Support Staff,24,Morning
STF01744,Rahul Waghmare,FAC0222,Technician,19,Evening
STF01745,Meena Kadam,FAC0242,Nurse,13,Night
STF01746,Komal Bhosale,FAC0294,Ambulance Driver,12,Evening
STF01747,Dinesh Surve,FAC0138,Support Staff,16,Night
STF01748,Ashwini Patil,FAC0227,Nurse,3,Morning
STF01749,Anita Kadam,FAC0263,Support Staff,3,Night
STF01750,Sonal Tiwari,FAC0147,Technician,21,Morning
STF01751,Pawan Raut,FAC0246,Support Staff,22,Evening
STF01752,Pawan Deshpande,FAC0288,Ambulance Driver,9,Morning
STF01753,Tushar Singh,FAC0066,Nurse,24,Night
STF01754,Reshma Surve,FAC0124,Technician,10,Morning
STF01755,Rahul Shah,FAC0179,Support Staff,14,Night
STF01756,Ujwala Pawar,FAC0060,Pharmacist,6,Night
STF01757,Vishal Kadam,FAC0064,Pharmacist,15,Night
STF01758,Prakash Singh,FAC0001,Pharmacist,3,Morning
STF01759,Manoj Tiwari,FAC0090,Support Staff,9,Morning
STF01760,Smita Shah,FAC0113,Nurse,23,Evening
STF01761,Komal Gaikwad,FAC0225,Nurse,7,Evening
STF01762,Nilesh Kamble,FAC0009,Technician,20,Morning
STF01763,Deepak Salve,FAC0077,Receptionist,11,Night
STF01764,Ravi Pawar,FAC0014,Nurse,10,Night
STF01765,Lata Kamble,FAC0033,Ambulance Driver,12,Evening
STF01766,Swapnil Tiwari,FAC0158,Support Staff,14,Morning
STF01767,Ajay Deshpande,FAC0282,Support Staff,4,Evening
STF01768,Savita Mishra,FAC0291,Pharmacist,3,Night
STF01769,Kiran Sawant,FAC0196,Ambulance Driver,21,Night
STF01770,Nitin Waghmare,FAC0094,Technician,6,Evening
STF01771,Varun Desai,FAC0048,Support Staff,9,Evening
STF01772,Ravi Singh,FAC0166,Nurse,18,Morning
STF01773,Abhijit Bhosale,FAC0107,Nurse,24,Evening
STF01774,Ravi Nair,FAC0247,Support Staff,13,Morning
STF01775,Reshma Gaikwad,FAC0154,Nurse,1,Evening
STF01776,Deepa Singh,FAC0142,Nurse,12,Evening
STF01777,Omkar Pawar,FAC0150,Pharmacist,16,Night
STF01778,Savita Shah,FAC0134,Pharmacist,4,Night
STF01779,Vijay Kulkarni,FAC0163,Technician,15,Morning
STF01780,Ajay Waghmare,FAC0165,Nurse,19,Evening
STF01781,Sanjay Desai,FAC0049,Receptionist,14,Night
STF01782,Anita Singh,FAC0027,Support Staff,17,Morning
STF01783,Neha Shah,FAC0044,Technician,8,Evening
STF01784,Santosh Deshpande,FAC0129,Nurse,3,Morning
STF01785,Gauri Tiwari,FAC0054,Pharmacist,21,Morning
STF01786,Smita Gupta,FAC0050,Nurse,15,Morning
STF01787,Manoj Sawant,FAC0217,Receptionist,11,Evening
STF01788,Omkar Patil,FAC0281,Support Staff,14,Night
STF01789,Madhuri Tiwari,FAC0102,Support Staff,19,Morning
STF01790,Vishal Pawar,FAC0092,Pharmacist,9,Night
STF01791,Amit More,FAC0095,Pharmacist,2,Morning
STF01792,Priya Gupta,FAC0172,Pharmacist,11,Night
STF01793,Vishal Shinde,FAC0087,Support Staff,5,Evening
STF01794,Santosh Deshpande,FAC0014,Nurse,5,Evening
STF01795,Vishal Shah,FAC0132,Nurse,3,Evening
STF01796,Ujwala Gaikwad,FAC0206,Nurse,4,Evening
STF01797,Rekha Kamble,FAC0073,Support Staff,17,Morning
STF01798,Shweta Shah,FAC0164,Nurse,2,Morning
STF01799,Sneha Kulkarni,FAC0025,Nurse,6,Evening
STF01800,Suresh Mishra,FAC0024,Nurse,22,Morning
STF01801,Rupali Shinde,FAC0108,Nurse,10,Morning
STF01802,Nisha Kadam,FAC0187,Nurse,6,Morning
STF01803,Varun Salve,FAC0125,Ambulance Driver,6,Night
STF01804,Manoj Pawar,FAC0146,Support Staff,14,Evening
STF01805,Varun Waghmare,FAC0153,Nurse,13,Evening
STF01806,Sachin Lokhande,FAC0136,Ambulance Driver,6,Night
STF01807,Tushar Shah,FAC0028,Nurse,6,Night
STF01808,Nitin Deshpande,FAC0233,Nurse,25,Night
STF01809,Vaishali Mane,FAC0282,Nurse,19,Night
STF01810,Mamta Mishra,FAC0183,Receptionist,8,Evening
STF01811,Rajesh Chavan,FAC0197,Nurse,6,Evening
STF01812,Abhijit Raut,FAC0137,Technician,3,Evening
STF01813,Sachin Desai,FAC0127,Support Staff,12,Night
STF01814,Meena Deshpande,FAC0154,Support Staff,14,Morning
STF01815,Rajesh More,FAC0298,Nurse,13,Night
STF01816,Santosh Singh,FAC0139,Support Staff,25,Evening
STF01817,Akash Kumar,FAC0107,Receptionist,11,Night
STF01818,Yogesh Sawant,FAC0296,Nurse,21,Night
STF01819,Madhuri Shah,FAC0199,Nurse,7,Evening
STF01820,Pooja Yadav,FAC0244,Nurse,11,Morning
STF01821,Vishal Yadav,FAC0215,Support Staff,23,Morning
STF01822,Aarti Bhosale,FAC0139,Support Staff,11,Morning
STF01823,Nitin Shah,FAC0220,Technician,17,Morning
STF01824,Rohit Kulkarni,FAC0202,Pharmacist,4,Night
STF01825,Varun Mishra,FAC0122,Technician,19,Night
STF01826,Pallavi Kamble,FAC0213,Ambulance Driver,3,Morning
STF01827,Sneha Raut,FAC0043,Receptionist,17,Morning
STF01828,Priya Gaikwad,FAC0237,Receptionist,23,Morning
STF01829,Ganesh Desai,FAC0243,Technician,7,Morning
STF01830,Anil Nair,FAC0003,Receptionist,25,Morning
STF01831,Priya Nair,FAC0284,Pharmacist,16,Night
STF01832,Anita Kulkarni,FAC0294,Pharmacist,9,Morning
STF01833,Abhijit Bhosale,FAC0101,Support Staff,13,Night
STF01834,Vishal Shah,FAC0143,Pharmacist,11,Morning
STF01835,Reshma Kadam,FAC0152,Pharmacist,23,Evening
STF01836,Rekha Singh,FAC0056,Support Staff,7,Evening
STF01837,Neha Kadam,FAC0154,Support Staff,19,Morning
STF01838,Anita More,FAC0041,Nurse,22,Night
STF01839,Vikram Jadhav,FAC0150,Ambulance Driver,13,Night
STF01840,Aarti Raut,FAC0014,Pharmacist,22,Evening
STF01841,Anita Desai,FAC0113,Nurse,11,Night
STF01842,Tushar Mishra,FAC0087,Support Staff,4,Evening
STF01843,Smita Salve,FAC0127,Nurse,13,Night
STF01844,Sonal Gaikwad,FAC0042,Nurse,25,Morning
STF01845,Santosh Chavan,FAC0244,Support Staff,7,Night
STF01846,Tushar Shinde,FAC0141,Receptionist,7,Night
STF01847,Anil Jadhav,FAC0280,Nurse,19,Night
STF01848,Sanjay Desai,FAC0253,Support Staff,14,Night
STF01849,Ganesh Patil,FAC0047,Support Staff,18,Morning
STF01850,Amit Kamble,FAC0043,Technician,23,Morning
STF01851,Sachin Nair,FAC0020,Receptionist,6,Morning
STF01852,Amit Singh,FAC0207,Support Staff,4,Night
STF01853,Deepak Kulkarni,FAC0021,Support Staff,20,Morning
STF01854,Sachin Raut,FAC0103,Support Staff,25,Evening
STF01855,Sanjay Sawant,FAC0080,Nurse,9,Morning
STF01856,Aarti Shinde,FAC0245,Nurse,2,Night
STF01857,Dinesh Nair,FAC0052,Support Staff,19,Morning
STF01858,Swapnil Kumar,FAC0247,Nurse,11,Morning
STF01859,Tushar Kumar,FAC0105,Ambulance Driver,4,Morning
STF01860,Deepak Raut,FAC0009,Technician,10,Morning
STF01861,Rohit Tiwari,FAC0083,Receptionist,1,Night
STF01862,Vikram Kamble,FAC0068,Nurse,4,Night
STF01863,Sanjay Lokhande,FAC0039,Nurse,16,Night
STF01864,Deepak Kamble,FAC0252,Support Staff,12,Evening
STF01865,Tushar Jadhav,FAC0123,Nurse,3,Night
STF01866,Suresh Gupta,FAC0155,Support Staff,16,Night
STF01867,Ajay Yadav,FAC0147,Nurse,19,Morning
STF01868,Manisha Gaikwad,FAC0025,Nurse,10,Morning
STF01869,Santosh Sharma,FAC0170,Support Staff,7,Morning
STF01870,Santosh Nair,FAC0199,Support Staff,6,Morning
STF01871,Ravi Mishra,FAC0086,Support Staff,11,Evening
STF01872,Kiran Mane,FAC0002,Ambulance Driver,3,Morning
STF01873,Rohit Sharma,FAC0239,Technician,3,Night
STF01874,Sneha Sharma,FAC0184,Nurse,17,Evening
STF01875,Rahul Mane,FAC0114,Technician,20,Morning
STF01876,Vikram Mane,FAC0175,Technician,21,Evening
STF01877,Yogesh Kulkarni,FAC0259,Nurse,12,Evening
STF01878,Rekha Kadam,FAC0045,Pharmacist,24,Evening
STF01879,Rajesh Patil,FAC0186,Nurse,21,Evening
STF01880,Nitin Desai,FAC0244,Pharmacist,1,Morning
STF01881,Omkar Gaikwad,FAC0141,Nurse,21,Morning
STF01882,Santosh Kamble,FAC0261,Support Staff,13,Night
STF01883,Reshma Tiwari,FAC0263,Nurse,23,Evening
STF01884,Rohit Sharma,FAC0211,Support Staff,1,Evening
STF01885,Manoj Nair,FAC0052,Receptionist,25,Evening
STF01886,Nisha Singh,FAC0087,Nurse,14,Morning
STF01887,Ajay Kulkarni,FAC0083,Nurse,22,Morning
STF01888,Lata Patil,FAC0285,Nurse,6,Morning
STF01889,Neha Mane,FAC0080,Nurse,11,Night
STF01890,Meena Jadhav,FAC0017,Technician,10,Morning
STF01891,Varun Tiwari,FAC0138,Ambulance Driver,18,Evening
STF01892,Rajesh Gupta,FAC0060,Nurse,4,Morning
STF01893,Prakash Mishra,FAC0161,Support Staff,25,Morning
STF01894,Manoj Surve,FAC0272,Support Staff,6,Night
STF01895,Kiran Kumar,FAC0149,Ambulance Driver,14,Morning
STF01896,Abhijit Waghmare,FAC0021,Support Staff,18,Night
STF01897,Shweta Jadhav,FAC0277,Nurse,5,Morning
STF01898,Prakash Gaikwad,FAC0148,Support Staff,4,Night
STF01899,Abhijit Surve,FAC0065,Nurse,11,Night
STF01900,Rohit Lokhande,FAC0148,Support Staff,9,Evening
STF01901,Amit More,FAC0066,Nurse,21,Night
STF01902,Ajay Patil,FAC0285,Receptionist,22,Night
STF01903,Kiran Kumar,FAC0255,Nurse,12,Night
STF01904,Akash Mishra,FAC0238,Receptionist,8,Night
STF01905,Varun Singh,FAC0114,Receptionist,4,Night
STF01906,Akash Patil,FAC0207,Nurse,8,Night
STF01907,Dinesh Deshpande,FAC0166,Support Staff,18,Evening
STF01908,Abhijit Salve,FAC0011,Technician,10,Night
STF01909,Smita Lokhande,FAC0001,Technician,24,Evening
STF01910,Ujwala Kulkarni,FAC0153,Receptionist,23,Evening
STF01911,Sneha Jadhav,FAC0220,Receptionist,18,Morning
STF01912,Ajay Waghmare,FAC0236,Pharmacist,14,Morning
STF01913,Prakash Kulkarni,FAC0043,Pharmacist,2,Evening
STF01914,Rohit Jadhav,FAC0215,Pharmacist,8,Night
STF01915,Rajesh Gaikwad,FAC0030,Technician,18,Morning
STF01916,Ganesh Sharma,FAC0246,Technician,7,Night
STF01917,Meena Bhosale,FAC0204,Nurse,20,Evening
STF01918,Tushar Raut,FAC0093,Ambulance Driver,16,Evening
STF01919,Vishal Kulkarni,FAC0095,Technician,22,Morning
STF01920,Abhijit Desai,FAC0263,Nurse,10,Morning
STF01921,Suresh Singh,FAC0065,Nurse,23,Evening
STF01922,Rohit Sawant,FAC0056,Nurse,13,Evening
STF01923,Ravi Chavan,FAC0015,Technician,19,Evening
STF01924,Anil More,FAC0008,Technician,13,Morning
STF01925,Nitin Kulkarni,FAC0110,Technician,8,Morning
STF01926,Pooja Surve,FAC0150,Ambulance Driver,22,Evening
STF01927,Nisha Kadam,FAC0276,Support Staff,11,Morning
STF01928,Archana Kadam,FAC0072,Nurse,1,Night
STF01929,Pooja Shinde,FAC0047,Support Staff,23,Evening
STF01930,Rahul Bhosale,FAC0072,Nurse,6,Morning
STF01931,Rajesh Gupta,FAC0091,Pharmacist,18,Morning
STF01932,Neha Deshpande,FAC0196,Technician,13,Night
STF01933,Sanjay Shinde,FAC0182,Pharmacist,5,Morning
STF01934,Komal Mishra,FAC0024,Technician,17,Evening
STF01935,Suresh Gupta,FAC0024,Nurse,5,Evening
STF01936,Sonal Pawar,FAC0123,Nurse,19,Night
STF01937,Varun Desai,FAC0250,Receptionist,16,Morning
STF01938,Akash Yadav,FAC0095,Nurse,1,Night
STF01939,Omkar Sawant,FAC0075,Pharmacist,13,Morning
STF01940,Nilesh Jadhav,FAC0144,Ambulance Driver,22,Night
STF01941,Deepa Waghmare,FAC0159,Ambulance Driver,12,Morning
STF01942,Lata Tiwari,FAC0117,Support Staff,5,Morning
STF01943,Ajay Jadhav,FAC0070,Ambulance Driver,7,Night
STF01944,Abhijit Jadhav,FAC0239,Receptionist,15,Night
STF01945,Deepak Chavan,FAC0226,Nurse,10,Night
STF01946,Lata Mishra,FAC0061,Pharmacist,24,Night
STF01947,Nitin Waghmare,FAC0054,Nurse,20,Morning
STF01948,Amit Mane,FAC0220,Pharmacist,14,Evening
STF01949,Rekha Patil,FAC0215,Receptionist,21,Morning
STF01950,Komal Desai,FAC0165,Nurse,3,Evening
STF01951,Manoj Gaikwad,FAC0031,Receptionist,24,Morning
STF01952,Rohit Gupta,FAC0245,Receptionist,13,Night
STF01953,Santosh Pawar,FAC0245,Nurse,21,Night
STF01954,Nilesh Shinde,FAC0102,Nurse,5,Night
STF01955,Sneha Chavan,FAC0037,Pharmacist,5,Morning
STF01956,Archana Gaikwad,FAC0263,Ambulance Driver,21,Evening
STF01957,Deepak Pawar,FAC0078,Nurse,10,Night
STF01958,Omkar Sawant,FAC0126,Nurse,24,Evening
STF01959,Rekha Kamble,FAC0290,Technician,18,Night
STF01960,Meena Lokhande,FAC0107,Ambulance Driver,3,Morning
STF01961,Ganesh Sharma,FAC0258,Technician,21,Evening
STF01962,Meena Shinde,FAC0275,Nurse,16,Night
STF01963,Prakash Shah,FAC0255,Receptionist,7,Evening
STF01964,Manoj Desai,FAC0108,Support Staff,11,Night
STF01965,Tushar Mane,FAC0016,Nurse,9,Evening
STF01966,Archana Waghmare,FAC0150,Ambulance Driver,13,Morning
STF01967,Gauri More,FAC0033,Support Staff,12,Morning
STF01968,Nilesh Chavan,FAC0113,Nurse,12,Morning
STF01969,Nilesh Lokhande,FAC0198,Receptionist,11,Night
STF01970,Santosh More,FAC0151,Technician,17,Night
STF01971,Pallavi Chavan,FAC0148,Nurse,19,Night
STF01972,Rahul Lokhande,FAC0071,Nurse,14,Evening
STF01973,Sneha Nair,FAC0215,Nurse,19,Evening
STF01974,Abhijit Kulkarni,FAC0028,Support Staff,5,Evening
STF01975,Varun Gaikwad,FAC0253,Support Staff,23,Morning
STF01976,Abhijit Pawar,FAC0226,Ambulance Driver,20,Night
STF01977,Manoj Shah,FAC0071,Receptionist,9,Morning
STF01978,Ravi Kulkarni,FAC0191,Nurse,22,Morning
STF01979,Shweta Kumar,FAC0237,Nurse,16,Night
STF01980,Akash Waghmare,FAC0253,Nurse,12,Night
STF01981,Vaishali Desai,FAC0150,Pharmacist,17,Night
STF01982,Vijay Bhosale,FAC0272,Nurse,8,Morning
STF01983,Vikram Yadav,FAC0125,Technician,5,Morning
STF01984,Kavita Kumar,FAC0139,Receptionist,19,Evening
STF01985,Ganesh Pawar,FAC0228,Technician,25,Morning
STF01986,Santosh Pawar,FAC0072,Receptionist,22,Night
STF01987,Omkar Chavan,FAC0078,Nurse,5,Morning
STF01988,Sachin Surve,FAC0266,Support Staff,24,Evening
STF01989,Sanjay Mishra,FAC0279,Nurse,9,Morning
STF01990,Priya Tiwari,FAC0296,Pharmacist,15,Evening
STF01991,Sneha Deshpande,FAC0277,Nurse,23,Night
STF01992,Kiran Gupta,FAC0005,Receptionist,13,Evening
STF01993,Manoj Patil,FAC0223,Receptionist,10,Night
STF01994,Manisha Chavan,FAC0144,Support Staff,14,Night
STF01995,Varun Mane,FAC0075,Nurse,7,Evening
STF01996,Omkar Yadav,FAC0192,Support Staff,7,Morning
STF01997,Suresh Deshpande,FAC0150,Nurse,11,Evening
STF01998,Yogesh Desai,FAC0031,Ambulance Driver,17,Night
STF01999,Vaishali Mishra,FAC0261,Support Staff,24,Night
STF02000,Deepak Desai,FAC0035,Nurse,21,Morning
STF02001,Yogesh Joshi,FAC0208,Nurse,12,Evening
STF02002,Sachin Yadav,FAC0170,Nurse,7,Morning
STF02003,Deepak Waghmare,FAC0112,Nurse,21,Evening
STF02004,Varun Yadav,FAC0101,Pharmacist,2,Morning
STF02005,Ganesh Bhosale,FAC0265,Nurse,13,Evening
STF02006,Amit Jadhav,FAC0282,Nurse,15,Evening
STF02007,Ujwala Sharma,FAC0053,Nurse,15,Evening
STF02008,Manisha Shinde,FAC0105,Receptionist,21,Evening
STF02009,Santosh Tiwari,FAC0265,Nurse,12,Evening
STF02010,Rupali Deshpande,FAC0044,Support Staff,4,Night
STF02011,Nitin Pawar,FAC0267,Pharmacist,19,Morning
STF02012,Ashwini Kamble,FAC0022,Pharmacist,16,Night
STF02013,Sanjay Salve,FAC0107,Nurse,18,Evening
STF02014,Prakash Waghmare,FAC0179,Receptionist,3,Evening
STF02015,Sonal Shah,FAC0187,Technician,8,Morning
STF02016,Pooja Kadam,FAC0084,Ambulance Driver,17,Evening
STF02017,Nilesh Sawant,FAC0240,Receptionist,4,Night
STF02018,Mamta Salve,FAC0170,Nurse,22,Night
STF02019,Omkar Kamble,FAC0107,Pharmacist,16,Morning
STF02020,Pooja Raut,FAC0175,Nurse,17,Morning
STF02021,Akash Nair,FAC0197,Nurse,25,Evening
STF02022,Manisha Desai,FAC0190,Nurse,3,Night
STF02023,Archana Shinde,FAC0190,Nurse,17,Evening
STF02024,Madhuri Patil,FAC0240,Nurse,18,Morning
STF02025,Mamta Patil,FAC0065,Support Staff,16,Night
STF02026,Swapnil More,FAC0285,Ambulance Driver,8,Night
STF02027,Abhijit Shinde,FAC0234,Ambulance Driver,16,Night
STF02028,Prakash Kulkarni,FAC0150,Support Staff,17,Morning
STF02029,Abhijit Sharma,FAC0102,Receptionist,13,Morning
STF02030,Amit Chavan,FAC0075,Nurse,3,Morning
STF02031,Lata Gupta,FAC0073,Ambulance Driver,9,Morning
STF02032,Vishal Gupta,FAC0027,Technician,22,Evening
STF02033,Suresh Mishra,FAC0229,Support Staff,23,Evening
STF02034,Aarti Shah,FAC0219,Support Staff,23,Morning
STF02035,Manisha Sharma,FAC0193,Receptionist,4,Evening
STF02036,Santosh Bhosale,FAC0207,Nurse,13,Evening
STF02037,Swapnil Gaikwad,FAC0194,Receptionist,24,Night
STF02038,Smita Kumar,FAC0009,Nurse,9,Morning
STF02039,Ganesh Gupta,FAC0071,Nurse,10,Night
STF02040,Ravi Kulkarni,FAC0103,Nurse,15,Night
STF02041,Varun Kumar,FAC0133,Technician,25,Morning
STF02042,Nitin Gaikwad,FAC0146,Technician,12,Evening
STF02043,Tushar Yadav,FAC0172,Nurse,4,Evening
STF02044,Manisha Shinde,FAC0020,Nurse,11,Night
STF02045,Rahul Patil,FAC0078,Nurse,23,Evening
STF02046,Rupali Kumar,FAC0179,Nurse,13,Night
STF02047,Swati Kamble,FAC0173,Receptionist,15,Night
STF02048,Lata Joshi,FAC0113,Support Staff,7,Evening
STF02049,Smita More,FAC0252,Ambulance Driver,12,Morning
STF02050,Vijay Chavan,FAC0242,Nurse,13,Night
STF02051,Kiran Kadam,FAC0259,Pharmacist,23,Evening
STF02052,Yogesh Pawar,FAC0080,Receptionist,8,Morning
STF02053,Santosh Lokhande,FAC0072,Support Staff,16,Night
STF02054,Ganesh Nair,FAC0073,Nurse,17,Evening
STF02055,Nilesh Gupta,FAC0086,Nurse,19,Night
STF02056,Ujwala Singh,FAC0018,Nurse,2,Night
STF02057,Lata Gupta,FAC0026,Nurse,13,Morning
STF02058,Rahul Nair,FAC0045,Ambulance Driver,11,Night
STF02059,Ganesh Yadav,FAC0254,Nurse,5,Morning
STF02060,Ashwini Raut,FAC0102,Ambulance Driver,21,Morning
STF02061,Pawan Mishra,FAC0196,Support Staff,7,Night
STF02062,Deepa Desai,FAC0030,Support Staff,3,Morning
STF02063,Komal Waghmare,FAC0121,Nurse,20,Morning
STF02064,Sunita More,FAC0159,Nurse,1,Night
STF02065,Meena Jadhav,FAC0172,Receptionist,8,Night
STF02066,Nitin Desai,FAC0093,Technician,20,Night
STF02067,Sonal Yadav,FAC0135,Ambulance Driver,2,Night
STF02068,Ganesh More,FAC0125,Pharmacist,3,Evening
STF02069,Rekha Kulkarni,FAC0263,Support Staff,1,Morning
STF02070,Abhijit Waghmare,FAC0293,Technician,12,Evening
STF02071,Ajay Jadhav,FAC0178,Ambulance Driver,1,Night
STF02072,Nitin Mishra,FAC0281,Nurse,12,Morning
STF02073,Madhuri Pawar,FAC0222,Nurse,20,Evening
STF02074,Anita Nair,FAC0149,Pharmacist,17,Morning
STF02075,Aarti Lokhande,FAC0158,Support Staff,24,Morning
STF02076,Priya Mishra,FAC0183,Nurse,14,Night
STF02077,Pawan Kamble,FAC0219,Pharmacist,16,Evening
STF02078,Nitin Joshi,FAC0204,Technician,16,Morning
STF02079,Archana Nair,FAC0210,Support Staff,7,Morning
STF02080,Kavita Singh,FAC0184,Support Staff,22,Morning
STF02081,Dinesh Kadam,FAC0083,Support Staff,21,Evening
STF02082,Archana Waghmare,FAC0218,Technician,6,Evening
STF02083,Manisha Kumar,FAC0006,Support Staff,17,Night
STF02084,Mamta Sawant,FAC0044,Pharmacist,13,Evening
STF02085,Priya Waghmare,FAC0276,Nurse,21,Night
STF02086,Rohit Shinde,FAC0163,Technician,8,Night
STF02087,Swati Kulkarni,FAC0245,Nurse,20,Evening
STF02088,Deepak Patil,FAC0254,Nurse,20,Evening
STF02089,Komal Patil,FAC0190,Support Staff,18,Night
STF02090,Abhijit Waghmare,FAC0149,Nurse,3,Morning
STF02091,Nilesh Nair,FAC0199,Support Staff,25,Evening
STF02092,Shweta Mane,FAC0072,Nurse,3,Night
STF02093,Vikram Jadhav,FAC0274,Pharmacist,3,Night
STF02094,Amit Desai,FAC0270,Support Staff,10,Evening
STF02095,Anil Sharma,FAC0095,Ambulance Driver,1,Evening
STF02096,Pallavi Yadav,FAC0288,Technician,15,Evening
STF02097,Rahul Mishra,FAC0120,Support Staff,21,Night
STF02098,Deepa Raut,FAC0064,Technician,1,Morning
STF02099,Nisha Kadam,FAC0033,Nurse,1,Night
STF02100,Ganesh Gupta,FAC0293,Technician,6,Morning
STF02101,Shweta Pawar,FAC0083,Nurse,6,Morning
STF02102,Ganesh More,FAC0288,Receptionist,4,Morning
STF02103,Manoj Tiwari,FAC0101,Nurse,16,Morning
STF02104,Anil Kumar,FAC0217,Ambulance Driver,13,Morning
STF02105,Vaishali Bhosale,FAC0241,Technician,8,Night
STF02106,Vijay Tiwari,FAC0254,Receptionist,11,Night
STF02107,Nitin Mishra,FAC0189,Nurse,22,Evening
STF02108,Yogesh Deshpande,FAC0195,Nurse,24,Night
STF02109,Sonal Salve,FAC0130,Pharmacist,10,Evening
STF02110,Santosh Raut,FAC0195,Ambulance Driver,9,Night
STF02111,Madhuri Kamble,FAC0215,Support Staff,22,Evening
STF02112,Neha Tiwari,FAC0138,Nurse,24,Night
STF02113,Rohit Lokhande,FAC0181,Technician,8,Night
STF02114,Sneha Chavan,FAC0111,Support Staff,16,Evening
STF02115,Swapnil Gupta,FAC0079,Technician,8,Morning
STF02116,Dinesh Joshi,FAC0242,Technician,17,Morning
STF02117,Komal Pawar,FAC0210,Nurse,6,Night
STF02118,Pawan Sawant,FAC0221,Nurse,24,Night
STF02119,Savita Desai,FAC0157,Nurse,1,Evening
STF02120,Anil Kadam,FAC0090,Support Staff,2,Night
STF02121,Sanjay Salve,FAC0027,Nurse,1,Evening
STF02122,Sunita Kumar,FAC0101,Support Staff,25,Night
STF02123,Swapnil Shah,FAC0251,Pharmacist,24,Morning
STF02124,Rohit Surve,FAC0003,Nurse,12,Morning
STF02125,Rajesh Shinde,FAC0172,Nurse,5,Night
STF02126,Prakash Patil,FAC0003,Nurse,5,Evening
STF02127,Ashwini Gaikwad,FAC0160,Support Staff,4,Morning
STF02128,Nitin Gupta,FAC0136,Nurse,15,Night
STF02129,Shweta Chavan,FAC0252,Support Staff,25,Night
STF02130,Manoj Gaikwad,FAC0052,Nurse,24,Morning
STF02131,Rajesh More,FAC0086,Technician,9,Evening
STF02132,Omkar Gupta,FAC0283,Support Staff,5,Evening
STF02133,Pawan Desai,FAC0177,Support Staff,22,Morning
STF02134,Komal Kumar,FAC0271,Pharmacist,8,Morning
STF02135,Kiran Mishra,FAC0042,Nurse,11,Evening
STF02136,Ajay Sawant,FAC0042,Support Staff,20,Night
STF02137,Omkar Mane,FAC0156,Nurse,22,Evening
STF02138,Amit Surve,FAC0233,Ambulance Driver,8,Night
STF02139,Santosh Waghmare,FAC0279,Nurse,6,Morning
STF02140,Mamta Kulkarni,FAC0198,Nurse,9,Morning
STF02141,Vishal Singh,FAC0192,Receptionist,16,Evening
STF02142,Reshma Lokhande,FAC0052,Ambulance Driver,9,Morning
STF02143,Tushar Yadav,FAC0061,Technician,17,Night
STF02144,Akash Gaikwad,FAC0031,Pharmacist,1,Evening
STF02145,Tushar Kamble,FAC0124,Receptionist,14,Morning
STF02146,Archana Singh,FAC0173,Support Staff,20,Morning
STF02147,Pawan Sawant,FAC0172,Support Staff,10,Morning
STF02148,Madhuri Gupta,FAC0074,Support Staff,18,Morning
STF02149,Abhijit Pawar,FAC0052,Pharmacist,22,Morning
STF02150,Sachin Desai,FAC0272,Ambulance Driver,25,Night
STF02151,Manoj Desai,FAC0150,Technician,3,Night
STF02152,Pallavi Desai,FAC0206,Pharmacist,8,Evening
STF02153,Sonal Salve,FAC0122,Technician,24,Morning
STF02154,Sneha Waghmare,FAC0190,Technician,25,Evening
STF02155,Ashwini Bhosale,FAC0057,Receptionist,3,Night
STF02156,Ujwala Jadhav,FAC0133,Nurse,10,Morning
STF02157,Archana Raut,FAC0154,Support Staff,7,Morning
STF02158,Vaishali Kamble,FAC0020,Pharmacist,3,Night
STF02159,Anita Gupta,FAC0248,Receptionist,19,Evening
STF02160,Akash Shinde,FAC0076,Nurse,14,Night
STF02161,Dinesh Waghmare,FAC0174,Receptionist,13,Morning
STF02162,Rekha Gupta,FAC0058,Support Staff,17,Evening
STF02163,Sonal Chavan,FAC0258,Nurse,2,Evening
STF02164,Sneha Shah,FAC0282,Nurse,4,Morning
STF02165,Vikram Lokhande,FAC0112,Ambulance Driver,15,Night
STF02166,Akash Joshi,FAC0184,Nurse,1,Morning
STF02167,Swapnil Sharma,FAC0150,Technician,15,Evening
STF02168,Sunita Salve,FAC0192,Support Staff,3,Morning
STF02169,Manoj Mishra,FAC0091,Nurse,1,Morning
STF02170,Nilesh Nair,FAC0125,Ambulance Driver,17,Night
STF02171,Pallavi Raut,FAC0159,Nurse,7,Night
STF02172,Vikram Mishra,FAC0258,Nurse,11,Evening
STF02173,Rahul Sharma,FAC0025,Nurse,21,Evening
STF02174,Pallavi Bhosale,FAC0236,Nurse,22,Night
STF02175,Tushar Lokhande,FAC0075,Technician,24,Morning
STF02176,Mamta Nair,FAC0039,Technician,2,Morning
STF02177,Anita Gaikwad,FAC0025,Pharmacist,3,Evening
STF02178,Lata More,FAC0052,Nurse,2,Night
STF02179,Komal More,FAC0275,Nurse,8,Night
STF02180,Vishal Pawar,FAC0017,Ambulance Driver,6,Night
STF02181,Suresh Singh,FAC0199,Support Staff,22,Night
STF02182,Akash Gupta,FAC0122,Nurse,1,Night
STF02183,Vishal Kadam,FAC0246,Receptionist,23,Morning
STF02184,Manisha Bhosale,FAC0262,Nurse,24,Night
STF02185,Rahul Mane,FAC0024,Pharmacist,6,Morning
STF02186,Gauri Surve,FAC0052,Nurse,23,Morning
STF02187,Rohit Mane,FAC0124,Technician,14,Evening
STF02188,Prakash Shinde,FAC0273,Ambulance Driver,22,Night
STF02189,Kavita Mishra,FAC0271,Nurse,1,Evening
STF02190,Anil Tiwari,FAC0042,Support Staff,19,Night
STF02191,Nilesh Kulkarni,FAC0216,Pharmacist,12,Night
STF02192,Smita More,FAC0200,Pharmacist,11,Morning
STF02193,Vikram Singh,FAC0121,Pharmacist,3,Evening
STF02194,Santosh Mishra,FAC0257,Receptionist,22,Night
STF02195,Sneha Shinde,FAC0300,Support Staff,8,Evening
STF02196,Komal Gaikwad,FAC0196,Ambulance Driver,25,Evening
STF02197,Suresh Pawar,FAC0107,Pharmacist,16,Evening
STF02198,Lata Chavan,FAC0245,Support Staff,17,Night
STF02199,Kiran Surve,FAC0112,Nurse,5,Night
STF02200,Tushar Kadam,FAC0155,Receptionist,3,Evening
STF02201,Sanjay Patil,FAC0105,Nurse,14,Night
STF02202,Santosh Mishra,FAC0037,Support Staff,4,Evening
STF02203,Ravi Bhosale,FAC0053,Receptionist,6,Evening
STF02204,Deepa Lokhande,FAC0204,Nurse,20,Night
STF02205,Priya Chavan,FAC0135,Support Staff,14,Evening
STF02206,Ganesh Shah,FAC0276,Pharmacist,13,Night
STF02207,Komal Nair,FAC0111,Support Staff,1,Evening
STF02208,Gauri Gupta,FAC0278,Nurse,9,Morning
STF02209,Sonal Kumar,FAC0206,Support Staff,8,Night
STF02210,Manoj Mishra,FAC0093,Ambulance Driver,19,Night
STF02211,Madhuri Desai,FAC0086,Nurse,21,Evening
STF02212,Amit Surve,FAC0144,Nurse,8,Morning
STF02213,Suresh Jadhav,FAC0075,Nurse,24,Night
STF02214,Meena Deshpande,FAC0263,Technician,5,Morning
STF02215,Suresh Waghmare,FAC0045,Technician,1,Night
STF02216,Ashwini Gupta,FAC0028,Ambulance Driver,13,Evening
STF02217,Anil Chavan,FAC0267,Technician,24,Night
STF02218,Swati Sharma,FAC0298,Technician,10,Night
STF02219,Gauri Shinde,FAC0070,Nurse,6,Morning
STF02220,Rajesh Joshi,FAC0172,Nurse,14,Evening
STF02221,Santosh Jadhav,FAC0053,Technician,18,Morning
STF02222,Swapnil Gaikwad,FAC0161,Nurse,22,Evening
STF02223,Varun Waghmare,FAC0049,Support Staff,7,Morning
STF02224,Swapnil Mishra,FAC0092,Support Staff,15,Night
STF02225,Santosh Pawar,FAC0157,Nurse,20,Night
STF02226,Akash Chavan,FAC0037,Support Staff,17,Morning
STF02227,Sunita Kadam,FAC0298,Technician,23,Night
STF02228,Reshma Pawar,FAC0025,Support Staff,6,Morning
STF02229,Sanjay Tiwari,FAC0253,Technician,14,Evening
STF02230,Madhuri Shinde,FAC0100,Nurse,8,Evening
STF02231,Meena Shah,FAC0270,Nurse,20,Evening
STF02232,Varun Chavan,FAC0159,Ambulance Driver,2,Night
STF02233,Rajesh Singh,FAC0084,Nurse,22,Night
STF02234,Ajay Sawant,FAC0171,Pharmacist,25,Night
STF02235,Manoj Deshpande,FAC0281,Support Staff,8,Morning
STF02236,Dinesh Sawant,FAC0079,Support Staff,7,Morning
STF02237,Pawan Singh,FAC0036,Nurse,9,Night
STF02238,Shweta Lokhande,FAC0131,Nurse,3,Evening
STF02239,Neha Kadam,FAC0094,Support Staff,4,Night
STF02240,Akash Sharma,FAC0203,Nurse,18,Morning
STF02241,Abhijit Nair,FAC0107,Pharmacist,4,Night
STF02242,Sanjay Mishra,FAC0161,Nurse,4,Evening
STF02243,Ganesh Joshi,FAC0241,Receptionist,1,Night
STF02244,Akash Lokhande,FAC0024,Ambulance Driver,20,Night
STF02245,Manoj Yadav,FAC0276,Pharmacist,19,Evening
STF02246,Varun Sharma,FAC0288,Support Staff,2,Night
STF02247,Reshma Raut,FAC0248,Ambulance Driver,15,Night
STF02248,Sneha Joshi,FAC0048,Nurse,25,Evening
STF02249,Nilesh Pawar,FAC0111,Nurse,7,Night
STF02250,Nilesh Gupta,FAC0070,Technician,16,Morning
STF02251,Rekha Yadav,FAC0093,Ambulance Driver,1,Evening
STF02252,Manisha Sharma,FAC0139,Receptionist,24,Morning
STF02253,Archana Gupta,FAC0118,Support Staff,24,Morning
STF02254,Lata Raut,FAC0223,Nurse,8,Evening
STF02255,Tushar Bhosale,FAC0052,Nurse,18,Night
STF02256,Manoj Gupta,FAC0284,Nurse,10,Evening
STF02257,Rahul Kumar,FAC0126,Nurse,9,Evening
STF02258,Ujwala Jadhav,FAC0180,Nurse,14,Night
STF02259,Vijay Sawant,FAC0219,Receptionist,17,Night
STF02260,Suresh Bhosale,FAC0295,Support Staff,1,Evening
STF02261,Pawan Jadhav,FAC0277,Pharmacist,20,Night
STF02262,Rekha Bhosale,FAC0160,Technician,11,Night
STF02263,Dinesh Chavan,FAC0029,Support Staff,22,Night
STF02264,Vaishali Pawar,FAC0037,Pharmacist,3,Morning
STF02265,Vishal Shah,FAC0137,Pharmacist,20,Morning
STF02266,Gauri Kadam,FAC0090,Support Staff,2,Morning
STF02267,Ravi Mishra,FAC0217,Pharmacist,22,Night
STF02268,Sneha Jadhav,FAC0119,Technician,8,Night
STF02269,Smita Gupta,FAC0278,Nurse,3,Morning
STF02270,Anil Yadav,FAC0157,Support Staff,8,Morning
STF02271,Pooja Joshi,FAC0218,Nurse,13,Night
STF02272,Aarti Joshi,FAC0104,Nurse,7,Evening
STF02273,Gauri Mane,FAC0132,Receptionist,8,Morning
STF02274,Santosh Raut,FAC0270,Support Staff,24,Evening
STF02275,Reshma Tiwari,FAC0260,Nurse,2,Evening
STF02276,Vishal Nair,FAC0146,Support Staff,6,Morning
STF02277,Ashwini Sawant,FAC0069,Pharmacist,20,Night
STF02278,Akash Kamble,FAC0175,Pharmacist,7,Morning
STF02279,Yogesh Surve,FAC0287,Nurse,25,Night
STF02280,Mamta Yadav,FAC0140,Support Staff,12,Evening
STF02281,Prakash Pawar,FAC0217,Nurse,14,Evening
STF02282,Amit Salve,FAC0208,Receptionist,16,Evening
STF02283,Rahul Desai,FAC0268,Nurse,18,Morning
STF02284,Komal Joshi,FAC0141,Ambulance Driver,11,Morning
STF02285,Vishal Sharma,FAC0146,Nurse,9,Night
STF02286,Vikram Shah,FAC0223,Receptionist,17,Evening
STF02287,Archana Kumar,FAC0234,Receptionist,9,Morning
STF02288,Akash Desai,FAC0012,Technician,21,Evening
STF02289,Vijay Patil,FAC0226,Support Staff,20,Morning
STF02290,Ashwini Kadam,FAC0230,Ambulance Driver,9,Morning
STF02291,Prakash Patil,FAC0222,Support Staff,14,Night
STF02292,Rahul Gupta,FAC0259,Nurse,24,Evening
STF02293,Akash Raut,FAC0150,Pharmacist,22,Evening
STF02294,Smita Raut,FAC0107,Nurse,23,Evening
STF02295,Prakash Mishra,FAC0010,Technician,11,Evening
STF02296,Akash Tiwari,FAC0210,Receptionist,14,Night
STF02297,Mamta Kumar,FAC0024,Technician,10,Morning
STF02298,Nilesh Chavan,FAC0223,Support Staff,18,Morning
STF02299,Lata Desai,FAC0229,Technician,11,Morning
STF02300,Ashwini Kamble,FAC0124,Nurse,22,Night
STF02301,Sachin Tiwari,FAC0193,Pharmacist,6,Evening
STF02302,Kiran Bhosale,FAC0128,Receptionist,25,Night
STF02303,Shweta Desai,FAC0209,Nurse,24,Night
STF02304,Rahul Singh,FAC0180,Nurse,17,Morning
STF02305,Rohit Shah,FAC0073,Nurse,3,Evening
STF02306,Abhijit Bhosale,FAC0107,Receptionist,3,Morning
STF02307,Pallavi Joshi,FAC0251,Support Staff,5,Evening
STF02308,Prakash Lokhande,FAC0111,Ambulance Driver,2,Evening
STF02309,Meena Bhosale,FAC0217,Nurse,7,Morning
STF02310,Sachin Mishra,FAC0133,Nurse,20,Evening
STF02311,Anita Nair,FAC0126,Pharmacist,24,Morning
STF02312,Rajesh Waghmare,FAC0101,Receptionist,5,Morning
STF02313,Yogesh Gaikwad,FAC0025,Nurse,23,Evening
STF02314,Vikram Waghmare,FAC0144,Support Staff,10,Evening
STF02315,Ajay Kadam,FAC0070,Nurse,14,Evening
STF02316,Varun Raut,FAC0022,Technician,23,Night
STF02317,Meena Tiwari,FAC0251,Support Staff,20,Evening
STF02318,Deepak Yadav,FAC0140,Support Staff,12,Night
STF02319,Rupali Mane,FAC0172,Support Staff,17,Morning
STF02320,Reshma Tiwari,FAC0130,Pharmacist,15,Morning
STF02321,Gauri Bhosale,FAC0215,Technician,15,Night
STF02322,Santosh Waghmare,FAC0012,Nurse,5,Evening
STF02323,Sanjay Bhosale,FAC0228,Nurse,20,Evening
STF02324,Kiran Mishra,FAC0242,Nurse,25,Morning
STF02325,Vaishali Kumar,FAC0030,Nurse,19,Morning
STF02326,Rajesh Kadam,FAC0018,Technician,9,Evening
STF02327,Deepak Singh,FAC0124,Ambulance Driver,5,Night
STF02328,Nitin Lokhande,FAC0171,Nurse,17,Night
STF02329,Manoj Lokhande,FAC0103,Nurse,6,Night
STF02330,Anil Waghmare,FAC0007,Support Staff,21,Morning
STF02331,Amit Singh,FAC0041,Support Staff,19,Morning
STF02332,Kavita Jadhav,FAC0186,Support Staff,19,Evening
STF02333,Rupali Singh,FAC0257,Receptionist,20,Night
STF02334,Suresh Gupta,FAC0045,Support Staff,3,Night
STF02335,Ganesh Lokhande,FAC0230,Technician,24,Evening
STF02336,Santosh Surve,FAC0241,Nurse,10,Evening
STF02337,Nilesh Gupta,FAC0210,Technician,25,Night
STF02338,Ganesh Gupta,FAC0299,Nurse,15,Evening
STF02339,Rajesh Kumar,FAC0009,Technician,5,Night
STF02340,Nisha Yadav,FAC0192,Pharmacist,11,Morning
STF02341,Sonal Kumar,FAC0085,Nurse,23,Night
STF02342,Pooja Deshpande,FAC0295,Nurse,6,Night
STF02343,Omkar Deshpande,FAC0162,Support Staff,1,Evening
STF02344,Kavita Salve,FAC0090,Receptionist,14,Morning
STF02345,Ganesh Kadam,FAC0046,Pharmacist,7,Night
STF02346,Sanjay Nair,FAC0231,Nurse,10,Morning
STF02347,Deepa Joshi,FAC0233,Support Staff,9,Night
STF02348,Omkar Kulkarni,FAC0154,Nurse,15,Evening
STF02349,Suresh Patil,FAC0135,Nurse,20,Evening
STF02350,Vaishali Gaikwad,FAC0259,Support Staff,8,Evening
STF02351,Deepak Surve,FAC0209,Support Staff,18,Evening
STF02352,Sanjay Surve,FAC0105,Technician,4,Morning
STF02353,Manoj Mane,FAC0097,Nurse,22,Morning
STF02354,Komal Chavan,FAC0215,Pharmacist,9,Evening
STF02355,Rajesh Yadav,FAC0270,Nurse,20,Night
STF02356,Ashwini Sawant,FAC0282,Receptionist,16,Night
STF02357,Lata Kumar,FAC0296,Support Staff,2,Night
STF02358,Rajesh Tiwari,FAC0193,Support Staff,18,Evening
STF02359,Pallavi Mishra,FAC0193,Support Staff,4,Evening
STF02360,Rupali Gaikwad,FAC0106,Nurse,18,Morning
STF02361,Yogesh Kumar,FAC0047,Technician,19,Night
STF02362,Omkar Salve,FAC0273,Ambulance Driver,7,Morning
STF02363,Dinesh More,FAC0089,Nurse,5,Evening
STF02364,Vishal Chavan,FAC0295,Receptionist,12,Evening
STF02365,Kavita Joshi,FAC0053,Support Staff,2,Morning
STF02366,Vijay Bhosale,FAC0152,Nurse,7,Morning
STF02367,Yogesh Yadav,FAC0043,Nurse,8,Evening
STF02368,Ajay Desai,FAC0033,Pharmacist,2,Evening
STF02369,Swati Waghmare,FAC0152,Nurse,10,Morning
STF02370,Smita Raut,FAC0052,Nurse,23,Morning
STF02371,Abhijit Sawant,FAC0156,Pharmacist,18,Night
STF02372,Vishal Tiwari,FAC0222,Technician,24,Morning
STF02373,Vishal More,FAC0062,Nurse,10,Night
STF02374,Shweta Raut,FAC0209,Technician,5,Night
STF02375,Lata Gupta,FAC0029,Nurse,5,Evening
STF02376,Santosh Shinde,FAC0053,Support Staff,24,Morning
STF02377,Amit Raut,FAC0048,Support Staff,13,Morning
STF02378,Savita Singh,FAC0129,Receptionist,6,Morning
STF02379,Dinesh Kulkarni,FAC0214,Pharmacist,5,Night
STF02380,Madhuri Yadav,FAC0256,Receptionist,21,Evening
STF02381,Manoj Patil,FAC0292,Nurse,13,Evening
STF02382,Savita Surve,FAC0255,Nurse,9,Night
STF02383,Ajay Kulkarni,FAC0177,Ambulance Driver,1,Night
STF02384,Kiran Waghmare,FAC0068,Technician,25,Night
STF02385,Amit Yadav,FAC0075,Ambulance Driver,6,Morning
STF02386,Varun Deshpande,FAC0287,Support Staff,9,Evening
STF02387,Anita Kulkarni,FAC0285,Nurse,7,Evening
STF02388,Ujwala Kumar,FAC0172,Nurse,10,Morning
STF02389,Dinesh Kulkarni,FAC0012,Nurse,17,Night
STF02390,Komal Patil,FAC0023,Pharmacist,13,Evening
STF02391,Archana Tiwari,FAC0135,Ambulance Driver,6,Morning
STF02392,Tushar Kadam,FAC0135,Support Staff,16,Evening
STF02393,Meena Kamble,FAC0297,Support Staff,2,Morning
STF02394,Prakash Lokhande,FAC0300,Receptionist,24,Night
STF02395,Suresh Raut,FAC0105,Support Staff,9,Morning
STF02396,Ajay Joshi,FAC0221,Nurse,12,Morning
STF02397,Deepa Raut,FAC0262,Technician,17,Evening
STF02398,Sanjay Kadam,FAC0122,Nurse,23,Morning
STF02399,Rahul Raut,FAC0071,Pharmacist,5,Night
STF02400,Ganesh Patil,FAC0100,Support Staff,24,Night
STF02401,Abhijit Waghmare,FAC0142,Technician,19,Night
STF02402,Sachin Patil,FAC0008,Ambulance Driver,20,Morning
STF02403,Rupali Tiwari,FAC0132,Nurse,25,Night
STF02404,Akash Bhosale,FAC0087,Ambulance Driver,18,Night
STF02405,Vikram Tiwari,FAC0063,Nurse,23,Evening
STF02406,Swati Kulkarni,FAC0120,Ambulance Driver,12,Evening
STF02407,Archana Deshpande,FAC0048,Nurse,12,Night
STF02408,Sonal Kulkarni,FAC0170,Receptionist,19,Night
STF02409,Abhijit Joshi,FAC0131,Technician,18,Night
STF02410,Ganesh Kumar,FAC0212,Support Staff,17,Evening
STF02411,Aarti Nair,FAC0189,Technician,6,Night
STF02412,Manisha Nair,FAC0270,Support Staff,6,Morning
STF02413,Manoj Gaikwad,FAC0270,Ambulance Driver,4,Morning
STF02414,Prakash Lokhande,FAC0262,Nurse,14,Night
STF02415,Madhuri Lokhande,FAC0217,Ambulance Driver,22,Evening
STF02416,Prakash Tiwari,FAC0205,Technician,20,Evening
STF02417,Ashwini Chavan,FAC0144,Nurse,9,Night
STF02418,Pallavi Yadav,FAC0041,Technician,5,Morning
STF02419,Aarti Tiwari,FAC0166,Nurse,16,Evening
STF02420,Varun Deshpande,FAC0258,Technician,6,Night
STF02421,Nitin Jadhav,FAC0142,Technician,15,Morning
STF02422,Vikram Sawant,FAC0081,Support Staff,13,Evening
STF02423,Varun Deshpande,FAC0061,Support Staff,21,Night
STF02424,Santosh Mane,FAC0138,Nurse,8,Night
STF02425,Yogesh Shinde,FAC0224,Nurse,12,Evening
STF02426,Madhuri Singh,FAC0219,Pharmacist,17,Morning
STF02427,Rajesh Singh,FAC0290,Support Staff,2,Morning
STF02428,Savita Pawar,FAC0057,Support Staff,2,Evening
STF02429,Nilesh Yadav,FAC0168,Nurse,24,Night
STF02430,Nisha Salve,FAC0075,Nurse,9,Morning
STF02431,Smita More,FAC0157,Ambulance Driver,7,Night
STF02432,Kiran Joshi,FAC0025,Pharmacist,18,Night
STF02433,Tushar Yadav,FAC0026,Pharmacist,23,Morning
STF02434,Neha Surve,FAC0005,Support Staff,9,Morning
STF02435,Vikram Singh,FAC0171,Technician,3,Morning
STF02436,Deepa Deshpande,FAC0205,Pharmacist,17,Evening
STF02437,Santosh Raut,FAC0134,Support Staff,11,Evening
STF02438,Amit Sharma,FAC0079,Nurse,19,Evening
STF02439,Pawan Kulkarni,FAC0207,Technician,9,Night
STF02440,Sanjay Kadam,FAC0171,Nurse,21,Night
STF02441,Pawan Kulkarni,FAC0055,Receptionist,3,Night
STF02442,Deepa Yadav,FAC0210,Support Staff,12,Evening
STF02443,Kavita Raut,FAC0022,Support Staff,12,Morning
STF02444,Ajay Kamble,FAC0112,Support Staff,24,Night
STF02445,Rohit Kulkarni,FAC0175,Receptionist,15,Evening
STF02446,Anil Pawar,FAC0094,Support Staff,13,Evening
STF02447,Lata Singh,FAC0263,Pharmacist,16,Evening
STF02448,Omkar Sawant,FAC0012,Nurse,18,Evening
STF02449,Varun Joshi,FAC0292,Receptionist,19,Morning
STF02450,Manoj Shah,FAC0190,Technician,12,Morning
STF02451,Sanjay Gupta,FAC0085,Nurse,10,Evening
STF02452,Sachin Mishra,FAC0278,Pharmacist,9,Morning
STF02453,Rupali Deshpande,FAC0173,Technician,21,Night
STF02454,Abhijit Sawant,FAC0180,Pharmacist,14,Evening
STF02455,Ashwini Bhosale,FAC0010,Support Staff,16,Evening
STF02456,Mamta Bhosale,FAC0108,Nurse,23,Night
STF02457,Aarti Deshpande,FAC0275,Support Staff,14,Evening
STF02458,Manoj Singh,FAC0289,Nurse,14,Morning
STF02459,Ganesh Kumar,FAC0028,Support Staff,9,Evening
STF02460,Pallavi Shah,FAC0178,Nurse,4,Morning
STF02461,Suresh Sawant,FAC0025,Technician,2,Morning
STF02462,Anil Gaikwad,FAC0148,Technician,8,Night
STF02463,Rohit Deshpande,FAC0135,Support Staff,22,Night
STF02464,Ashwini Kadam,FAC0240,Nurse,12,Night
STF02465,Vishal Yadav,FAC0139,Nurse,11,Night
STF02466,Yogesh Yadav,FAC0274,Nurse,13,Evening
STF02467,Ajay Kamble,FAC0161,Technician,20,Morning
STF02468,Priya Chavan,FAC0179,Technician,12,Night
STF02469,Smita Bhosale,FAC0249,Ambulance Driver,12,Night
STF02470,Santosh Kadam,FAC0051,Pharmacist,17,Night
STF02471,Kiran Shinde,FAC0135,Nurse,17,Night
STF02472,Deepa Yadav,FAC0110,Pharmacist,8,Night
STF02473,Suresh Salve,FAC0010,Pharmacist,10,Evening
STF02474,Vishal Deshpande,FAC0050,Support Staff,15,Evening
STF02475,Anita Nair,FAC0126,Technician,23,Evening
STF02476,Sachin Kumar,FAC0175,Ambulance Driver,19,Morning
STF02477,Reshma Kadam,FAC0191,Technician,10,Night
STF02478,Omkar Kadam,FAC0098,Nurse,1,Night
STF02479,Nitin Patil,FAC0179,Nurse,15,Night
STF02480,Vikram Shah,FAC0019,Ambulance Driver,15,Evening
STF02481,Pawan Sharma,FAC0279,Technician,16,Evening
STF02482,Anita Kadam,FAC0161,Support Staff,11,Night
STF02483,Aarti Nair,FAC0297,Nurse,12,Morning
STF02484,Neha Tiwari,FAC0128,Pharmacist,13,Evening
STF02485,Tushar Mane,FAC0189,Technician,8,Night
STF02486,Swati Kulkarni,FAC0251,Technician,2,Morning
STF02487,Neha Gaikwad,FAC0139,Technician,7,Morning
STF02488,Rahul Jadhav,FAC0100,Support Staff,25,Night
STF02489,Ravi Deshpande,FAC0240,Nurse,20,Evening
STF02490,Swapnil Gupta,FAC0222,Support Staff,8,Evening
STF02491,Swati Mishra,FAC0291,Nurse,23,Evening
STF02492,Sanjay Kumar,FAC0267,Support Staff,9,Morning
STF02493,Abhijit Yadav,FAC0117,Receptionist,15,Evening
STF02494,Omkar Patil,FAC0079,Support Staff,18,Evening
STF02495,Archana Gaikwad,FAC0093,Nurse,11,Night
STF02496,Yogesh Joshi,FAC0035,Support Staff,9,Morning
STF02497,Savita Kulkarni,FAC0054,Pharmacist,19,Morning
STF02498,Vaishali Gupta,FAC0039,Support Staff,6,Evening
STF02499,Madhuri Shinde,FAC0194,Nurse,6,Morning
STF02500,Savita Kulkarni,FAC0280,Technician,21,Night
STF02501,Vikram Salve,FAC0202,Support Staff,10,Evening
STF02502,Rajesh Gupta,FAC0110,Pharmacist,12,Morning
STF02503,Suresh Tiwari,FAC0057,Nurse,3,Night
STF02504,Neha Kadam,FAC0176,Receptionist,25,Morning
STF02505,Amit Pawar,FAC0174,Nurse,1,Morning
STF02506,Manisha Shah,FAC0277,Support Staff,21,Morning
STF02507,Lata Mishra,FAC0220,Pharmacist,24,Night
STF02508,Anil Kadam,FAC0255,Technician,9,Morning
STF02509,Nisha Gaikwad,FAC0134,Nurse,3,Night
STF02510,Anita More,FAC0031,Nurse,9,Morning
STF02511,Sanjay Patil,FAC0200,Nurse,7,Morning
STF02512,Swati Surve,FAC0203,Technician,25,Evening
STF02513,Nitin Gupta,FAC0006,Nurse,19,Evening
STF02514,Ganesh Kulkarni,FAC0122,Pharmacist,18,Evening
STF02515,Gauri Kumar,FAC0216,Pharmacist,16,Night
STF02516,Manoj Desai,FAC0049,Receptionist,6,Evening
STF02517,Amit Gupta,FAC0203,Technician,17,Night
STF02518,Amit Gaikwad,FAC0295,Nurse,13,Morning
STF02519,Meena Sharma,FAC0169,Pharmacist,10,Evening
STF02520,Amit Sawant,FAC0043,Technician,4,Evening
STF02521,Savita Tiwari,FAC0199,Receptionist,1,Evening
STF02522,Priya Gaikwad,FAC0250,Nurse,19,Night
STF02523,Varun Waghmare,FAC0059,Nurse,22,Night
STF02524,Akash Shinde,FAC0192,Nurse,3,Night
STF02525,Sneha Waghmare,FAC0073,Pharmacist,18,Night
STF02526,Dinesh Gaikwad,FAC0061,Technician,6,Evening
STF02527,Manoj Mishra,FAC0204,Technician,21,Night
STF02528,Ravi Shinde,FAC0002,Support Staff,13,Morning
STF02529,Pawan Joshi,FAC0013,Technician,25,Night
STF02530,Manoj Kamble,FAC0264,Pharmacist,9,Morning
STF02531,Sonal Mishra,FAC0189,Nurse,25,Night
STF02532,Archana Mane,FAC0043,Support Staff,7,Morning
STF02533,Deepak Sawant,FAC0044,Nurse,11,Evening
STF02534,Rahul Raut,FAC0177,Pharmacist,7,Morning
STF02535,Rekha Surve,FAC0025,Ambulance Driver,10,Morning
STF02536,Pallavi Joshi,FAC0293,Nurse,3,Evening
STF02537,Madhuri Gaikwad,FAC0297,Ambulance Driver,19,Morning
STF02538,Nilesh Surve,FAC0233,Support Staff,20,Morning
STF02539,Amit Mane,FAC0014,Nurse,16,Morning
STF02540,Vijay Kulkarni,FAC0294,Technician,2,Evening
STF02541,Prakash Jadhav,FAC0196,Support Staff,23,Morning
STF02542,Prakash Pawar,FAC0285,Nurse,8,Night
STF02543,Reshma Nair,FAC0133,Pharmacist,18,Morning
STF02544,Swapnil Gupta,FAC0235,Ambulance Driver,13,Evening
STF02545,Ajay Bhosale,FAC0199,Support Staff,1,Evening
STF02546,Kiran Gupta,FAC0233,Support Staff,21,Night
STF02547,Sunita Gaikwad,FAC0242,Support Staff,21,Morning
STF02548,Mamta Singh,FAC0216,Nurse,19,Night
STF02549,Swapnil Sawant,FAC0256,Nurse,25,Evening
STF02550,Yogesh Nair,FAC0278,Ambulance Driver,10,Evening
STF02551,Tushar Pawar,FAC0225,Technician,23,Night
STF02552,Swapnil Sawant,FAC0199,Technician,12,Morning
STF02553,Abhijit Kamble,FAC0233,Nurse,2,Night
STF02554,Ujwala Bhosale,FAC0297,Support Staff,12,Night
STF02555,Amit Deshpande,FAC0054,Pharmacist,4,Morning
STF02556,Lata Gupta,FAC0231,Technician,10,Evening
STF02557,Akash Tiwari,FAC0077,Pharmacist,15,Night
STF02558,Deepak Joshi,FAC0296,Nurse,13,Morning
STF02559,Akash Patil,FAC0013,Nurse,22,Morning
STF02560,Shweta Mane,FAC0195,Technician,22,Night
STF02561,Akash Singh,FAC0195,Nurse,14,Night
STF02562,Neha Joshi,FAC0209,Nurse,21,Morning
STF02563,Smita Mishra,FAC0244,Support Staff,18,Morning
STF02564,Rajesh Waghmare,FAC0225,Support Staff,15,Night
STF02565,Yogesh Chavan,FAC0292,Ambulance Driver,7,Night
STF02566,Akash More,FAC0255,Nurse,8,Evening
STF02567,Abhijit Gaikwad,FAC0029,Nurse,3,Evening
STF02568,Ravi Gupta,FAC0215,Nurse,18,Morning
STF02569,Sanjay More,FAC0086,Pharmacist,21,Evening
STF02570,Savita Kulkarni,FAC0124,Nurse,25,Morning
STF02571,Sneha Patil,FAC0130,Receptionist,8,Evening
STF02572,Anil Kumar,FAC0194,Support Staff,1,Night
STF02573,Pallavi Yadav,FAC0205,Receptionist,1,Night
STF02574,Ashwini Mishra,FAC0276,Nurse,15,Evening
STF02575,Ashwini Gaikwad,FAC0070,Technician,3,Night
STF02576,Swapnil Salve,FAC0017,Ambulance Driver,2,Evening
STF02577,Rohit Deshpande,FAC0173,Technician,18,Evening
STF02578,Abhijit Mishra,FAC0297,Nurse,4,Night
STF02579,Pallavi Bhosale,FAC0086,Ambulance Driver,9,Evening
STF02580,Swati Lokhande,FAC0166,Technician,1,Morning
STF02581,Nilesh Nair,FAC0171,Support Staff,12,Morning
STF02582,Ganesh Patil,FAC0229,Technician,21,Night
STF02583,Anita Gaikwad,FAC0067,Nurse,24,Morning
STF02584,Pawan Raut,FAC0048,Support Staff,2,Night
STF02585,Abhijit Shah,FAC0107,Technician,14,Night
STF02586,Reshma Deshpande,FAC0290,Technician,16,Night
STF02587,Mamta Tiwari,FAC0255,Support Staff,17,Morning
STF02588,Rajesh Tiwari,FAC0159,Nurse,6,Night
STF02589,Akash Kadam,FAC0243,Nurse,4,Night
STF02590,Sanjay Mishra,FAC0005,Nurse,14,Morning
STF02591,Priya Patil,FAC0004,Technician,17,Evening
STF02592,Nilesh Bhosale,FAC0092,Nurse,2,Night
STF02593,Nitin More,FAC0011,Receptionist,5,Morning
STF02594,Rajesh Salve,FAC0185,Nurse,16,Evening
STF02595,Manoj Gupta,FAC0256,Pharmacist,17,Night
STF02596,Manoj Kamble,FAC0208,Nurse,9,Evening
STF02597,Rajesh More,FAC0010,Nurse,24,Morning
STF02598,Anil More,FAC0230,Receptionist,19,Evening
STF02599,Nilesh Nair,FAC0204,Nurse,24,Morning
STF02600,Rahul Shah,FAC0097,Nurse,18,Morning
STF02601,Pawan Nair,FAC0073,Technician,16,Morning
STF02602,Sunita Tiwari,FAC0006,Pharmacist,23,Evening
STF02603,Manoj Gaikwad,FAC0229,Support Staff,11,Night
STF02604,Aarti Nair,FAC0138,Pharmacist,3,Night
STF02605,Suresh Mane,FAC0236,Technician,4,Morning
STF02606,Varun Kamble,FAC0222,Ambulance Driver,19,Evening
STF02607,Vijay Shah,FAC0067,Receptionist,1,Evening
STF02608,Deepa Singh,FAC0080,Nurse,18,Night
STF02609,Vikram Chavan,FAC0077,Nurse,8,Night
STF02610,Akash Sawant,FAC0102,Support Staff,19,Evening
STF02611,Vaishali Surve,FAC0176,Nurse,4,Night
STF02612,Omkar Pawar,FAC0040,Support Staff,4,Evening
STF02613,Pooja Patil,FAC0145,Receptionist,3,Night
STF02614,Swapnil Shinde,FAC0155,Nurse,15,Night
STF02615,Omkar Gaikwad,FAC0288,Support Staff,10,Evening
STF02616,Smita Jadhav,FAC0067,Pharmacist,13,Evening
STF02617,Lata Yadav,FAC0036,Support Staff,8,Morning
STF02618,Reshma Surve,FAC0231,Support Staff,16,Morning
STF02619,Yogesh Mishra,FAC0246,Ambulance Driver,15,Morning
STF02620,Kiran Raut,FAC0157,Nurse,21,Morning
STF02621,Nilesh More,FAC0237,Support Staff,20,Night
STF02622,Anita Sawant,FAC0186,Support Staff,13,Evening
STF02623,Swapnil Gupta,FAC0115,Ambulance Driver,10,Night
STF02624,Abhijit Tiwari,FAC0293,Support Staff,20,Morning
STF02625,Lata Kulkarni,FAC0010,Nurse,18,Night
STF02626,Rahul Singh,FAC0026,Technician,14,Night
STF02627,Pawan Mane,FAC0034,Technician,1,Evening
STF02628,Yogesh More,FAC0066,Nurse,14,Evening
STF02629,Rajesh Salve,FAC0071,Pharmacist,25,Morning
STF02630,Savita Sharma,FAC0114,Nurse,2,Evening
STF02631,Meena Surve,FAC0044,Nurse,25,Night
STF02632,Vikram Gaikwad,FAC0171,Support Staff,22,Morning
STF02633,Omkar More,FAC0236,Support Staff,4,Morning
STF02634,Swapnil Sawant,FAC0133,Nurse,3,Evening
STF02635,Vijay Joshi,FAC0006,Technician,1,Night
STF02636,Prakash Sharma,FAC0115,Nurse,20,Morning
STF02637,Pooja More,FAC0230,Support Staff,9,Evening
STF02638,Archana Gupta,FAC0166,Technician,8,Night
STF02639,Rajesh Gaikwad,FAC0245,Support Staff,16,Morning
STF02640,Reshma Surve,FAC0086,Nurse,6,Evening
STF02641,Ashwini Patil,FAC0121,Ambulance Driver,15,Evening
STF02642,Akash Desai,FAC0289,Ambulance Driver,5,Morning
STF02643,Swapnil Chavan,FAC0209,Pharmacist,15,Morning
STF02644,Ajay Chavan,FAC0258,Nurse,15,Evening
STF02645,Dinesh Bhosale,FAC0027,Nurse,22,Night
STF02646,Gauri Sharma,FAC0206,Receptionist,4,Night
STF02647,Archana Waghmare,FAC0032,Ambulance Driver,24,Night
STF02648,Varun Pawar,FAC0293,Support Staff,9,Morning
STF02649,Akash Patil,FAC0295,Support Staff,22,Evening
STF02650,Rajesh More,FAC0094,Nurse,7,Night
STF02651,Swati Pawar,FAC0114,Technician,23,Evening
STF02652,Sonal Patil,FAC0051,Support Staff,17,Morning
STF02653,Yogesh Chavan,FAC0128,Nurse,11,Night
STF02654,Anita Kamble,FAC0217,Nurse,8,Evening
STF02655,Priya Yadav,FAC0244,Nurse,25,Evening
STF02656,Sunita Gaikwad,FAC0235,Technician,7,Morning
STF02657,Sunita Kulkarni,FAC0038,Nurse,11,Evening
STF02658,Gauri Kumar,FAC0050,Support Staff,11,Morning
STF02659,Swapnil Deshpande,FAC0167,Pharmacist,12,Night
STF02660,Manoj Kulkarni,FAC0027,Support Staff,9,Evening
STF02661,Vijay Shah,FAC0157,Support Staff,13,Morning
STF02662,Ashwini Gaikwad,FAC0045,Nurse,12,Morning
STF02663,Kavita Shah,FAC0249,Support Staff,2,Night
STF02664,Rajesh Kumar,FAC0177,Support Staff,24,Morning
STF02665,Smita Kumar,FAC0131,Ambulance Driver,10,Morning
STF02666,Rajesh Deshpande,FAC0255,Nurse,23,Evening
STF02667,Ravi Joshi,FAC0222,Support Staff,13,Morning
STF02668,Mamta Tiwari,FAC0126,Support Staff,14,Morning
STF02669,Nitin Gupta,FAC0069,Nurse,14,Morning
STF02670,Ashwini Kulkarni,FAC0222,Receptionist,23,Morning
STF02671,Vijay Sawant,FAC0235,Support Staff,1,Evening
STF02672,Rohit Gupta,FAC0161,Nurse,2,Night
STF02673,Vikram Waghmare,FAC0216,Technician,12,Night
STF02674,Santosh Patil,FAC0111,Nurse,22,Night
STF02675,Sunita Jadhav,FAC0020,Nurse,25,Morning
STF02676,Vishal Pawar,FAC0050,Ambulance Driver,14,Morning
STF02677,Komal Shinde,FAC0269,Nurse,17,Night
STF02678,Aarti Shinde,FAC0144,Technician,2,Evening
STF02679,Santosh Joshi,FAC0268,Support Staff,18,Morning
STF02680,Sachin Chavan,FAC0181,Ambulance Driver,24,Morning
STF02681,Kiran Desai,FAC0024,Support Staff,20,Evening
STF02682,Reshma More,FAC0286,Pharmacist,13,Night
STF02683,Nilesh Kulkarni,FAC0018,Technician,17,Morning
STF02684,Nitin Gupta,FAC0284,Nurse,1,Morning
STF02685,Sanjay Mane,FAC0099,Pharmacist,21,Evening
STF02686,Vishal Singh,FAC0265,Nurse,15,Morning
STF02687,Varun Waghmare,FAC0026,Support Staff,8,Evening
STF02688,Anita Yadav,FAC0292,Ambulance Driver,19,Evening
STF02689,Santosh Waghmare,FAC0281,Nurse,10,Morning
STF02690,Amit Lokhande,FAC0135,Nurse,16,Night
STF02691,Rajesh Jadhav,FAC0214,Technician,24,Evening
STF02692,Archana Bhosale,FAC0052,Nurse,16,Morning
STF02693,Sanjay Bhosale,FAC0188,Pharmacist,12,Evening
STF02694,Madhuri Yadav,FAC0258,Support Staff,3,Morning
STF02695,Amit Kulkarni,FAC0009,Nurse,5,Night
STF02696,Abhijit Tiwari,FAC0220,Technician,12,Evening
STF02697,Savita Gaikwad,FAC0245,Nurse,16,Evening
STF02698,Pawan Nair,FAC0194,Receptionist,4,Evening
STF02699,Rajesh Bhosale,FAC0213,Nurse,6,Morning
STF02700,Rekha Salve,FAC0007,Technician,5,Morning
STF02701,Prakash Patil,FAC0149,Nurse,12,Evening
STF02702,Vishal Singh,FAC0017,Support Staff,10,Night
STF02703,Akash Kamble,FAC0282,Receptionist,19,Morning
STF02704,Sachin Deshpande,FAC0122,Pharmacist,15,Night
STF02705,Priya Pawar,FAC0201,Nurse,4,Morning
STF02706,Rahul Shah,FAC0031,Nurse,8,Morning
STF02707,Deepak Sharma,FAC0081,Nurse,11,Night
STF02708,Swati Shah,FAC0143,Support Staff,16,Morning
STF02709,Archana Mishra,FAC0161,Support Staff,14,Evening
STF02710,Sanjay Mane,FAC0255,Nurse,20,Night
STF02711,Prakash Kulkarni,FAC0081,Technician,13,Morning
STF02712,Rahul More,FAC0207,Ambulance Driver,21,Morning
STF02713,Sunita Mane,FAC0115,Nurse,5,Evening
STF02714,Rajesh Jadhav,FAC0053,Ambulance Driver,15,Morning
STF02715,Suresh Surve,FAC0023,Technician,24,Evening
STF02716,Ashwini Jadhav,FAC0260,Support Staff,6,Morning
STF02717,Swapnil More,FAC0278,Pharmacist,2,Morning
STF02718,Lata Mishra,FAC0270,Technician,16,Night
STF02719,Rohit Kadam,FAC0018,Technician,20,Night
STF02720,Sneha Sharma,FAC0072,Pharmacist,11,Evening
STF02721,Manoj Patil,FAC0156,Support Staff,10,Evening
STF02722,Meena Nair,FAC0285,Nurse,9,Morning
STF02723,Shweta Waghmare,FAC0037,Support Staff,7,Morning
STF02724,Sonal Jadhav,FAC0188,Technician,10,Morning
STF02725,Nitin Kadam,FAC0079,Support Staff,2,Evening
STF02726,Reshma Gaikwad,FAC0063,Support Staff,9,Night
STF02727,Meena Waghmare,FAC0044,Pharmacist,13,Morning
STF02728,Omkar Shah,FAC0064,Support Staff,19,Morning
STF02729,Aarti Sharma,FAC0194,Nurse,11,Night
STF02730,Komal Nair,FAC0249,Support Staff,24,Evening
STF02731,Kavita Salve,FAC0113,Nurse,2,Evening
STF02732,Suresh Kamble,FAC0265,Nurse,3,Morning
STF02733,Madhuri Jadhav,FAC0005,Receptionist,10,Evening
STF02734,Shweta Shah,FAC0060,Nurse,21,Evening
STF02735,Rajesh Lokhande,FAC0020,Nurse,15,Night
STF02736,Vikram Shinde,FAC0025,Technician,9,Evening
STF02737,Sanjay Jadhav,FAC0235,Receptionist,17,Night
STF02738,Anil Sawant,FAC0182,Nurse,9,Evening
STF02739,Prakash Gupta,FAC0079,Nurse,25,Evening
STF02740,Anil Patil,FAC0233,Technician,2,Night
STF02741,Smita Yadav,FAC0136,Nurse,15,Evening
STF02742,Smita Gaikwad,FAC0231,Receptionist,17,Morning
STF02743,Deepa Sharma,FAC0118,Receptionist,23,Evening
STF02744,Vijay Patil,FAC0208,Nurse,21,Evening
STF02745,Rajesh Gaikwad,FAC0219,Nurse,6,Evening
STF02746,Nilesh Surve,FAC0024,Ambulance Driver,18,Evening
STF02747,Rahul Nair,FAC0019,Nurse,22,Morning
STF02748,Savita Shinde,FAC0152,Pharmacist,11,Evening
STF02749,Madhuri Bhosale,FAC0020,Nurse,13,Evening
STF02750,Ganesh Waghmare,FAC0149,Nurse,15,Night
STF02751,Vaishali Shah,FAC0194,Nurse,18,Night
STF02752,Kavita Waghmare,FAC0130,Technician,17,Night
STF02753,Rahul Desai,FAC0208,Support Staff,8,Morning
STF02754,Nilesh Mishra,FAC0037,Ambulance Driver,1,Evening
STF02755,Smita Pawar,FAC0294,Receptionist,11,Evening
STF02756,Anita Shinde,FAC0228,Support Staff,2,Night
STF02757,Amit Salve,FAC0217,Pharmacist,19,Morning
STF02758,Lata Jadhav,FAC0138,Nurse,3,Evening
STF02759,Anil Gaikwad,FAC0217,Nurse,19,Evening
STF02760,Aarti Shah,FAC0266,Nurse,22,Evening
STF02761,Ajay Shah,FAC0192,Support Staff,11,Morning
STF02762,Vishal Gaikwad,FAC0014,Technician,22,Morning
STF02763,Varun Kumar,FAC0029,Nurse,1,Evening
STF02764,Neha Singh,FAC0207,Technician,13,Evening
STF02765,Omkar Waghmare,FAC0245,Ambulance Driver,24,Night
STF02766,Shweta Bhosale,FAC0111,Nurse,15,Night
STF02767,Nilesh Kumar,FAC0140,Receptionist,5,Night
STF02768,Shweta Joshi,FAC0287,Support Staff,7,Evening
STF02769,Manoj Kamble,FAC0125,Support Staff,22,Night
STF02770,Nitin Jadhav,FAC0284,Receptionist,13,Evening
STF02771,Sanjay Tiwari,FAC0141,Ambulance Driver,8,Night
STF02772,Dinesh Desai,FAC0200,Support Staff,16,Evening
STF02773,Suresh Deshpande,FAC0287,Nurse,12,Night
STF02774,Ujwala Kumar,FAC0065,Support Staff,15,Morning
STF02775,Pawan Tiwari,FAC0013,Pharmacist,11,Evening
STF02776,Sneha Bhosale,FAC0190,Technician,7,Evening
STF02777,Varun Waghmare,FAC0274,Nurse,19,Night
STF02778,Nilesh Patil,FAC0168,Nurse,10,Evening
STF02779,Rekha Deshpande,FAC0129,Technician,8,Night
STF02780,Akash Kulkarni,FAC0204,Ambulance Driver,13,Night
STF02781,Rahul Sharma,FAC0029,Nurse,20,Evening
STF02782,Aarti Jadhav,FAC0004,Pharmacist,2,Morning
STF02783,Omkar Sawant,FAC0029,Receptionist,24,Morning
STF02784,Sanjay Nair,FAC0300,Nurse,3,Evening
STF02785,Manoj Jadhav,FAC0264,Ambulance Driver,25,Morning
STF02786,Rekha Yadav,FAC0285,Nurse,22,Night
STF02787,Smita Desai,FAC0193,Technician,10,Night
STF02788,Aarti Surve,FAC0066,Support Staff,16,Morning
STF02789,Anita Deshpande,FAC0135,Nurse,9,Night
STF02790,Prakash Singh,FAC0212,Support Staff,8,Evening
STF02791,Abhijit Joshi,FAC0065,Nurse,5,Morning
STF02792,Neha Mishra,FAC0011,Nurse,5,Evening
STF02793,Nilesh Kadam,FAC0148,Technician,13,Morning
STF02794,Manoj Pawar,FAC0115,Receptionist,21,Morning
STF02795,Ajay Lokhande,FAC0224,Nurse,4,Night
STF02796,Shweta Waghmare,FAC0034,Nurse,21,Evening
STF02797,Tushar Shah,FAC0076,Nurse,8,Morning
STF02798,Ravi Sawant,FAC0117,Ambulance Driver,24,Night
STF02799,Savita Kadam,FAC0077,Ambulance Driver,18,Night
STF02800,Ajay Waghmare,FAC0195,Support Staff,6,Night
STF02801,Shweta Kamble,FAC0291,Nurse,20,Evening
STF02802,Archana Mishra,FAC0095,Support Staff,11,Night
STF02803,Abhijit Gaikwad,FAC0267,Nurse,22,Evening
STF02804,Sachin Shinde,FAC0278,Ambulance Driver,24,Evening
STF02805,Santosh Salve,FAC0114,Nurse,8,Morning
STF02806,Rohit Deshpande,FAC0013,Receptionist,17,Evening
STF02807,Rajesh Sharma,FAC0163,Nurse,11,Night
STF02808,Sachin Deshpande,FAC0086,Ambulance Driver,13,Evening
STF02809,Manisha Kulkarni,FAC0296,Nurse,12,Morning
STF02810,Vikram More,FAC0200,Ambulance Driver,9,Morning
STF02811,Vishal Patil,FAC0204,Pharmacist,24,Evening
STF02812,Kavita Nair,FAC0261,Nurse,11,Evening
STF02813,Varun Shah,FAC0177,Nurse,11,Night
STF02814,Swati Surve,FAC0117,Support Staff,15,Night
STF02815,Ashwini Mishra,FAC0251,Nurse,12,Night
STF02816,Vishal Waghmare,FAC0075,Nurse,21,Evening
STF02817,Nitin Pawar,FAC0033,Receptionist,3,Evening
STF02818,Pawan Joshi,FAC0007,Support Staff,15,Morning
STF02819,Vikram Kamble,FAC0202,Nurse,12,Night
STF02820,Deepak Singh,FAC0187,Nurse,6,Night
STF02821,Sunita Mane,FAC0008,Nurse,1,Night
STF02822,Manoj Shah,FAC0261,Support Staff,2,Night
STF02823,Nisha Waghmare,FAC0287,Receptionist,21,Morning
STF02824,Ujwala Deshpande,FAC0057,Support Staff,6,Morning
STF02825,Swati Gaikwad,FAC0088,Technician,3,Night
STF02826,Rajesh Kulkarni,FAC0149,Support Staff,25,Night
STF02827,Smita Waghmare,FAC0004,Nurse,5,Morning
STF02828,Anil Chavan,FAC0279,Technician,5,Evening
STF02829,Varun Kumar,FAC0083,Pharmacist,23,Evening
STF02830,Vijay More,FAC0203,Ambulance Driver,7,Evening
STF02831,Kavita Gupta,FAC0181,Ambulance Driver,11,Evening
STF02832,Sachin Shinde,FAC0042,Nurse,12,Morning
STF02833,Rekha Kulkarni,FAC0132,Nurse,18,Night
STF02834,Sanjay Lokhande,FAC0025,Support Staff,7,Morning
STF02835,Prakash Desai,FAC0067,Support Staff,5,Morning
STF02836,Manisha Raut,FAC0119,Ambulance Driver,17,Morning
STF02837,Meena Pawar,FAC0073,Receptionist,22,Night
STF02838,Santosh Mishra,FAC0295,Nurse,7,Morning
STF02839,Anita Kamble,FAC0016,Nurse,18,Night
STF02840,Omkar Raut,FAC0064,Ambulance Driver,8,Evening
STF02841,Nitin Bhosale,FAC0242,Receptionist,18,Night
STF02842,Anil Surve,FAC0131,Nurse,1,Evening
STF02843,Santosh Kadam,FAC0200,Nurse,1,Morning
STF02844,Rohit Bhosale,FAC0016,Technician,1,Night
STF02845,Suresh Sawant,FAC0283,Ambulance Driver,11,Morning
STF02846,Santosh Chavan,FAC0074,Technician,10,Night
STF02847,Anita Shinde,FAC0067,Technician,19,Evening
STF02848,Akash Kumar,FAC0209,Nurse,1,Night
STF02849,Prakash Chavan,FAC0100,Nurse,24,Morning
STF02850,Sonal Kumar,FAC0082,Ambulance Driver,12,Night
STF02851,Nisha Chavan,FAC0025,Nurse,18,Evening
STF02852,Lata Gaikwad,FAC0228,Nurse,15,Night
STF02853,Swapnil Kumar,FAC0030,Support Staff,24,Night
STF02854,Vishal Kamble,FAC0090,Technician,13,Evening
STF02855,Anita Surve,FAC0055,Technician,2,Morning
STF02856,Nitin Lokhande,FAC0164,Ambulance Driver,11,Night
STF02857,Komal More,FAC0279,Technician,23,Night
STF02858,Rohit Shah,FAC0228,Nurse,3,Evening
STF02859,Tushar Raut,FAC0131,Support Staff,1,Evening
STF02860,Reshma Shah,FAC0004,Support Staff,17,Night
STF02861,Tushar Raut,FAC0222,Nurse,18,Morning
STF02862,Yogesh Gaikwad,FAC0092,Support Staff,5,Night
STF02863,Vishal Mane,FAC0152,Support Staff,11,Night
STF02864,Savita Mane,FAC0167,Support Staff,2,Night
STF02865,Smita Sharma,FAC0228,Pharmacist,11,Evening
STF02866,Tushar Nair,FAC0230,Nurse,7,Night
STF02867,Archana Kulkarni,FAC0170,Nurse,10,Evening
STF02868,Ganesh Patil,FAC0054,Support Staff,11,Morning
STF02869,Swati Surve,FAC0272,Technician,12,Night
STF02870,Dinesh More,FAC0179,Ambulance Driver,4,Night
STF02871,Manisha Joshi,FAC0104,Nurse,7,Evening
STF02872,Neha Salve,FAC0004,Ambulance Driver,2,Night
STF02873,Nitin Joshi,FAC0037,Pharmacist,24,Morning
STF02874,Aarti Surve,FAC0117,Support Staff,19,Morning
STF02875,Ajay Singh,FAC0060,Nurse,4,Night
STF02876,Ujwala Kamble,FAC0246,Receptionist,21,Night
STF02877,Sneha Surve,FAC0169,Nurse,4,Night
STF02878,Nitin Deshpande,FAC0109,Support Staff,8,Night
STF02879,Nisha Mane,FAC0181,Support Staff,22,Morning
STF02880,Vaishali Shinde,FAC0204,Support Staff,17,Night
STF02881,Swati Kadam,FAC0121,Ambulance Driver,9,Night
STF02882,Priya Deshpande,FAC0005,Nurse,19,Night
STF02883,Shweta Tiwari,FAC0299,Technician,10,Night
STF02884,Yogesh Yadav,FAC0237,Ambulance Driver,11,Night
STF02885,Swapnil Desai,FAC0142,Support Staff,10,Morning
STF02886,Ganesh Yadav,FAC0219,Pharmacist,6,Morning
STF02887,Omkar Mane,FAC0153,Nurse,8,Evening
STF02888,Meena Gaikwad,FAC0016,Nurse,13,Night
STF02889,Sachin Sawant,FAC0108,Technician,17,Night
STF02890,Pallavi Joshi,FAC0294,Ambulance Driver,15,Evening
STF02891,Nilesh Sawant,FAC0115,Technician,25,Night
STF02892,Nilesh Joshi,FAC0037,Receptionist,18,Evening
STF02893,Amit Deshpande,FAC0157,Support Staff,7,Night
STF02894,Mamta Waghmare,FAC0051,Nurse,15,Night
STF02895,Nitin Patil,FAC0099,Support Staff,4,Evening
STF02896,Akash More,FAC0112,Technician,18,Evening
STF02897,Lata Patil,FAC0257,Nurse,23,Evening
STF02898,Smita Sawant,FAC0298,Support Staff,14,Night
STF02899,Pooja Gaikwad,FAC0023,Support Staff,11,Night
STF02900,Sanjay More,FAC0202,Ambulance Driver,5,Evening
STF02901,Deepak Sharma,FAC0170,Nurse,23,Morning
STF02902,Manoj Kulkarni,FAC0028,Nurse,20,Morning
STF02903,Archana Tiwari,FAC0039,Nurse,16,Evening
STF02904,Manisha Mane,FAC0300,Nurse,2,Morning
STF02905,Dinesh Kulkarni,FAC0232,Pharmacist,23,Morning
STF02906,Vijay Pawar,FAC0241,Nurse,4,Evening
STF02907,Anil Tiwari,FAC0185,Support Staff,9,Night
STF02908,Rohit Shah,FAC0082,Ambulance Driver,4,Morning
STF02909,Rekha Deshpande,FAC0048,Support Staff,20,Night
STF02910,Vishal Kadam,FAC0016,Support Staff,11,Evening
STF02911,Kiran Gaikwad,FAC0077,Support Staff,6,Night
STF02912,Rohit Kumar,FAC0146,Pharmacist,10,Evening
STF02913,Rajesh Sawant,FAC0132,Nurse,1,Evening
STF02914,Sanjay Kumar,FAC0065,Technician,2,Evening
STF02915,Abhijit Nair,FAC0256,Pharmacist,16,Evening
STF02916,Vaishali Kulkarni,FAC0111,Support Staff,10,Morning
STF02917,Varun Desai,FAC0296,Pharmacist,7,Night
STF02918,Sachin More,FAC0019,Receptionist,14,Morning
STF02919,Ujwala Surve,FAC0073,Pharmacist,13,Evening
STF02920,Sunita Shah,FAC0095,Nurse,22,Morning
STF02921,Suresh Waghmare,FAC0012,Pharmacist,11,Evening
STF02922,Madhuri Singh,FAC0237,Nurse,21,Morning
STF02923,Amit Desai,FAC0056,Support Staff,22,Morning
STF02924,Smita Desai,FAC0130,Technician,7,Evening
STF02925,Ganesh More,FAC0084,Pharmacist,16,Morning
STF02926,Omkar Gaikwad,FAC0122,Technician,7,Night
STF02927,Madhuri Kadam,FAC0081,Ambulance Driver,3,Night
STF02928,Priya Deshpande,FAC0173,Nurse,1,Morning
STF02929,Yogesh Nair,FAC0022,Nurse,14,Morning
STF02930,Swati Waghmare,FAC0120,Support Staff,17,Night
STF02931,Deepak Sharma,FAC0028,Nurse,25,Evening
STF02932,Ujwala Waghmare,FAC0278,Nurse,24,Night
STF02933,Neha Kulkarni,FAC0032,Support Staff,5,Evening
STF02934,Pooja Lokhande,FAC0014,Receptionist,17,Morning
STF02935,Manisha Lokhande,FAC0133,Technician,10,Evening
STF02936,Yogesh Salve,FAC0071,Technician,11,Night
STF02937,Omkar Patil,FAC0214,Pharmacist,19,Night
STF02938,Pawan Yadav,FAC0226,Support Staff,9,Morning
STF02939,Vikram Pawar,FAC0091,Support Staff,11,Evening
STF02940,Nilesh Nair,FAC0129,Technician,23,Evening
STF02941,Manisha Sharma,FAC0002,Nurse,15,Night
STF02942,Abhijit Kamble,FAC0240,Pharmacist,16,Evening
STF02943,Sachin Joshi,FAC0073,Support Staff,3,Night
STF02944,Rekha Kadam,FAC0280,Technician,5,Evening
STF02945,Savita Kulkarni,FAC0070,Nurse,20,Night
STF02946,Suresh Waghmare,FAC0194,Receptionist,3,Evening
STF02947,Kiran Joshi,FAC0253,Nurse,7,Morning
STF02948,Sachin Patil,FAC0204,Nurse,13,Night
STF02949,Lata Deshpande,FAC0206,Nurse,21,Evening
STF02950,Swati Shah,FAC0033,Support Staff,21,Morning
STF02951,Rekha Nair,FAC0090,Nurse,4,Evening
STF02952,Omkar Kadam,FAC0139,Nurse,12,Morning
STF02953,Rohit Gupta,FAC0044,Nurse,20,Night
STF02954,Dinesh Kumar,FAC0226,Technician,17,Morning
STF02955,Nitin Kadam,FAC0264,Technician,23,Night
STF02956,Amit Deshpande,FAC0188,Support Staff,4,Morning
STF02957,Omkar Bhosale,FAC0029,Receptionist,24,Evening
STF02958,Akash Mane,FAC0218,Nurse,8,Night
STF02959,Dinesh Bhosale,FAC0078,Technician,15,Night
STF02960,Vijay Desai,FAC0168,Nurse,2,Morning
STF02961,Mamta Shinde,FAC0241,Support Staff,2,Morning
STF02962,Ravi Patil,FAC0015,Technician,12,Night
STF02963,Nilesh More,FAC0148,Nurse,12,Night
STF02964,Kavita Patil,FAC0090,Ambulance Driver,20,Morning
STF02965,Savita Sharma,FAC0187,Receptionist,16,Night
STF02966,Ajay Kamble,FAC0171,Nurse,15,Night
STF02967,Lata Salve,FAC0232,Pharmacist,20,Night
STF02968,Vaishali More,FAC0133,Nurse,13,Night
STF02969,Rajesh Mishra,FAC0146,Nurse,13,Morning
STF02970,Ujwala Raut,FAC0188,Pharmacist,2,Morning
STF02971,Savita Lokhande,FAC0118,Nurse,25,Evening
STF02972,Rohit Shinde,FAC0230,Ambulance Driver,25,Evening
STF02973,Prakash Deshpande,FAC0272,Ambulance Driver,1,Evening
STF02974,Nitin Desai,FAC0155,Support Staff,15,Night
STF02975,Sachin Jadhav,FAC0201,Technician,20,Night
STF02976,Amit Pawar,FAC0018,Nurse,20,Night
STF02977,Amit Gupta,FAC0146,Technician,6,Night
STF02978,Akash Sharma,FAC0170,Pharmacist,9,Morning
STF02979,Pallavi Mishra,FAC0094,Technician,7,Evening
STF02980,Ujwala Shinde,FAC0056,Nurse,15,Morning
STF02981,Tushar Kumar,FAC0266,Receptionist,2,Evening
STF02982,Santosh Raut,FAC0211,Support Staff,9,Night
STF02983,Sonal Chavan,FAC0165,Receptionist,22,Night
STF02984,Anita Joshi,FAC0296,Nurse,12,Evening
STF02985,Manisha Pawar,FAC0233,Nurse,22,Night
STF02986,Yogesh Kulkarni,FAC0005,Receptionist,18,Morning
STF02987,Pallavi Sharma,FAC0136,Receptionist,14,Morning
STF02988,Swapnil Sawant,FAC0005,Receptionist,5,Evening
STF02989,Swapnil Raut,FAC0295,Technician,6,Night
STF02990,Varun Kulkarni,FAC0053,Support Staff,18,Night
STF02991,Anil Sharma,FAC0241,Support Staff,10,Night
STF02992,Lata More,FAC0198,Nurse,10,Morning
STF02993,Deepa Nair,FAC0054,Nurse,15,Evening
STF02994,Santosh Jadhav,FAC0042,Receptionist,6,Evening
STF02995,Tushar Salve,FAC0275,Nurse,11,Morning
STF02996,Vikram Kamble,FAC0093,Support Staff,20,Evening
STF02997,Varun Waghmare,FAC0266,Receptionist,17,Night
STF02998,Ashwini Bhosale,FAC0237,Support Staff,17,Evening
STF02999,Vijay Gaikwad,FAC0232,Nurse,9,Evening
STF03000,Dinesh Shah,FAC0070,Nurse,20,Night
STF03001,Archana More,FAC0169,Pharmacist,1,Night
STF03002,Anil Kadam,FAC0298,Nurse,3,Morning
STF03003,Mamta Salve,FAC0057,Technician,1,Morning
STF03004,Sonal Lokhande,FAC0246,Nurse,10,Night
STF03005,Rohit Tiwari,FAC0185,Pharmacist,3,Evening
STF03006,Tushar Waghmare,FAC0123,Nurse,5,Morning
STF03007,Rahul Kamble,FAC0130,Receptionist,11,Night
STF03008,Manoj Kumar,FAC0194,Support Staff,4,Morning
STF03009,Sunita Pawar,FAC0124,Pharmacist,10,Morning
STF03010,Rohit Lokhande,FAC0252,Support Staff,6,Morning
STF03011,Neha Kamble,FAC0181,Nurse,15,Evening
STF03012,Vijay Pawar,FAC0067,Ambulance Driver,4,Night
STF03013,Komal Raut,FAC0279,Receptionist,16,Morning
STF03014,Vijay Sawant,FAC0203,Technician,2,Evening
STF03015,Ganesh Kadam,FAC0170,Nurse,17,Night
STF03016,Nisha Surve,FAC0152,Pharmacist,11,Morning
STF03017,Prakash Kulkarni,FAC0268,Nurse,18,Morning
STF03018,Rohit Kadam,FAC0268,Support Staff,22,Night
STF03019,Akash Surve,FAC0140,Technician,11,Evening
STF03020,Nisha Raut,FAC0090,Technician,10,Night
STF03021,Ujwala Desai,FAC0147,Support Staff,18,Evening
STF03022,Ajay Chavan,FAC0041,Nurse,8,Night
STF03023,Kavita Tiwari,FAC0285,Support Staff,18,Evening
STF03024,Shweta Lokhande,FAC0009,Nurse,6,Morning
STF03025,Dinesh Kamble,FAC0065,Technician,10,Evening
STF03026,Pawan Gupta,FAC0219,Technician,5,Night
STF03027,Vishal Kadam,FAC0271,Nurse,5,Evening
STF03028,Dinesh Deshpande,FAC0004,Ambulance Driver,5,Night
STF03029,Vishal Patil,FAC0225,Technician,9,Morning
STF03030,Anil Yadav,FAC0117,Nurse,18,Morning
STF03031,Ajay Sawant,FAC0189,Support Staff,25,Evening
STF03032,Nilesh Yadav,FAC0067,Nurse,21,Evening
STF03033,Sachin Mane,FAC0110,Nurse,11,Evening
STF03034,Sonal Singh,FAC0065,Technician,2,Evening
STF03035,Lata Kumar,FAC0230,Nurse,12,Morning
STF03036,Ashwini Sawant,FAC0079,Ambulance Driver,2,Evening
STF03037,Tushar Waghmare,FAC0115,Support Staff,17,Night
STF03038,Santosh Deshpande,FAC0054,Receptionist,10,Morning
STF03039,Archana Yadav,FAC0185,Technician,3,Night
STF03040,Sachin Kadam,FAC0236,Pharmacist,21,Morning
STF03041,Sachin Gupta,FAC0153,Pharmacist,1,Evening
STF03042,Ajay Pawar,FAC0256,Ambulance Driver,14,Night
STF03043,Pooja Bhosale,FAC0037,Ambulance Driver,20,Night
STF03044,Madhuri Kumar,FAC0274,Receptionist,12,Evening
STF03045,Ajay Gupta,FAC0217,Nurse,22,Morning
STF03046,Aarti Chavan,FAC0299,Nurse,11,Night
STF03047,Nilesh Lokhande,FAC0141,Support Staff,14,Morning
STF03048,Amit Jadhav,FAC0166,Receptionist,20,Morning
STF03049,Rupali Joshi,FAC0116,Support Staff,2,Morning
STF03050,Vijay Kamble,FAC0259,Receptionist,8,Evening
STF03051,Santosh Nair,FAC0127,Nurse,8,Evening
STF03052,Komal Gupta,FAC0039,Nurse,18,Morning
STF03053,Vikram Salve,FAC0112,Support Staff,12,Morning
STF03054,Vaishali Yadav,FAC0011,Nurse,15,Morning
STF03055,Prakash Surve,FAC0236,Technician,17,Morning
STF03056,Pawan Surve,FAC0189,Pharmacist,14,Evening
STF03057,Ashwini Shah,FAC0181,Receptionist,10,Evening
STF03058,Yogesh Sawant,FAC0189,Receptionist,12,Morning
STF03059,Akash Kumar,FAC0199,Support Staff,8,Morning
STF03060,Yogesh Raut,FAC0264,Pharmacist,10,Evening
STF03061,Rajesh More,FAC0115,Support Staff,18,Night
STF03062,Tushar Surve,FAC0188,Nurse,22,Morning
STF03063,Sachin More,FAC0272,Support Staff,22,Night
STF03064,Varun Yadav,FAC0050,Pharmacist,11,Morning
STF03065,Manisha Bhosale,FAC0252,Nurse,12,Evening
STF03066,Manoj Deshpande,FAC0021,Nurse,7,Night
STF03067,Rahul Joshi,FAC0238,Ambulance Driver,9,Morning
STF03068,Pallavi Gupta,FAC0097,Nurse,2,Night
STF03069,Lata Raut,FAC0087,Nurse,3,Night
STF03070,Sanjay Mishra,FAC0089,Nurse,23,Night
STF03071,Anil Jadhav,FAC0012,Nurse,21,Night
STF03072,Pallavi Kumar,FAC0283,Ambulance Driver,3,Morning
STF03073,Rupali Desai,FAC0163,Pharmacist,19,Night
STF03074,Manoj Tiwari,FAC0130,Nurse,16,Morning
STF03075,Priya Jadhav,FAC0155,Support Staff,11,Evening
STF03076,Savita Bhosale,FAC0059,Support Staff,3,Morning
STF03077,Kavita Pawar,FAC0188,Nurse,17,Evening
STF03078,Pooja Raut,FAC0222,Receptionist,22,Night
STF03079,Nilesh Gaikwad,FAC0045,Pharmacist,14,Morning
STF03080,Rahul Mishra,FAC0060,Support Staff,4,Morning
STF03081,Kavita Gaikwad,FAC0105,Receptionist,23,Night
STF03082,Amit More,FAC0157,Nurse,19,Night
STF03083,Komal Yadav,FAC0026,Technician,20,Night
STF03084,Archana Bhosale,FAC0195,Ambulance Driver,19,Night
STF03085,Nitin Shah,FAC0294,Nurse,4,Morning
STF03086,Neha Pawar,FAC0036,Nurse,5,Night
STF03087,Vikram Kulkarni,FAC0106,Pharmacist,18,Morning
STF03088,Sunita Bhosale,FAC0205,Ambulance Driver,21,Evening
STF03089,Sanjay Kumar,FAC0006,Support Staff,3,Night
STF03090,Savita Mishra,FAC0059,Support Staff,3,Night
STF03091,Ajay Singh,FAC0016,Nurse,11,Morning
STF03092,Savita Salve,FAC0128,Ambulance Driver,1,Evening
STF03093,Meena Raut,FAC0253,Pharmacist,1,Morning
STF03094,Mamta Kumar,FAC0177,Technician,13,Morning
STF03095,Pawan Kamble,FAC0079,Technician,25,Evening
STF03096,Sanjay Shinde,FAC0194,Nurse,3,Night
STF03097,Sachin Singh,FAC0255,Nurse,7,Night
STF03098,Abhijit Raut,FAC0029,Nurse,22,Evening
STF03099,Varun Kadam,FAC0097,Support Staff,1,Night
STF03100,Priya Mane,FAC0237,Nurse,13,Morning
STF03101,Aarti Sharma,FAC0204,Receptionist,13,Evening
STF03102,Manisha Waghmare,FAC0127,Support Staff,5,Morning
STF03103,Omkar Patil,FAC0163,Nurse,4,Night
STF03104,Amit Nair,FAC0141,Technician,3,Night
STF03105,Sanjay Kamble,FAC0111,Nurse,6,Evening
STF03106,Abhijit Deshpande,FAC0173,Ambulance Driver,13,Night
STF03107,Sachin Nair,FAC0278,Nurse,23,Night
STF03108,Swati Sawant,FAC0088,Receptionist,21,Morning
STF03109,Rekha Joshi,FAC0253,Ambulance Driver,19,Morning
STF03110,Rajesh Nair,FAC0073,Support Staff,23,Night
STF03111,Sanjay Sharma,FAC0162,Ambulance Driver,12,Morning
STF03112,Dinesh Bhosale,FAC0013,Support Staff,14,Morning
STF03113,Gauri Nair,FAC0121,Support Staff,25,Evening
STF03114,Sneha Raut,FAC0251,Support Staff,18,Morning
STF03115,Komal Patil,FAC0075,Support Staff,7,Morning
STF03116,Vikram Mane,FAC0211,Nurse,8,Evening
STF03117,Archana Singh,FAC0141,Nurse,14,Night
STF03118,Ajay Deshpande,FAC0051,Support Staff,9,Evening
STF03119,Vikram Sawant,FAC0117,Nurse,13,Morning
STF03120,Ganesh Desai,FAC0227,Support Staff,19,Evening
STF03121,Sachin Shinde,FAC0155,Nurse,17,Morning
STF03122,Rajesh Waghmare,FAC0130,Ambulance Driver,9,Morning
STF03123,Neha Kumar,FAC0160,Technician,23,Night
STF03124,Ganesh Shinde,FAC0213,Support Staff,3,Night
STF03125,Vijay Jadhav,FAC0102,Nurse,1,Evening
STF03126,Ashwini Sawant,FAC0012,Receptionist,13,Evening
STF03127,Vishal Kadam,FAC0133,Pharmacist,12,Morning
STF03128,Madhuri Kamble,FAC0260,Support Staff,13,Evening
STF03129,Neha Bhosale,FAC0137,Technician,3,Morning
STF03130,Swapnil Shah,FAC0144,Receptionist,11,Evening
STF03131,Ajay Patil,FAC0015,Receptionist,14,Morning
STF03132,Nilesh Mishra,FAC0071,Nurse,14,Morning
STF03133,Gauri Surve,FAC0193,Support Staff,17,Night
STF03134,Swapnil Singh,FAC0051,Receptionist,23,Night
STF03135,Ajay Nair,FAC0200,Ambulance Driver,7,Night
STF03136,Omkar Gupta,FAC0298,Receptionist,2,Evening
STF03137,Rahul Mishra,FAC0100,Nurse,19,Evening
STF03138,Komal Shinde,FAC0185,Technician,14,Morning
STF03139,Ajay Salve,FAC0133,Nurse,23,Morning
STF03140,Shweta Singh,FAC0140,Receptionist,18,Morning
STF03141,Santosh More,FAC0008,Support Staff,2,Night
STF03142,Yogesh Kumar,FAC0296,Support Staff,11,Evening
STF03143,Deepak Sharma,FAC0182,Nurse,6,Evening
STF03144,Omkar Jadhav,FAC0151,Pharmacist,11,Morning
STF03145,Manoj Deshpande,FAC0182,Support Staff,23,Evening
STF03146,Santosh Surve,FAC0007,Nurse,1,Morning
STF03147,Deepak Waghmare,FAC0105,Receptionist,15,Evening
STF03148,Pooja Gaikwad,FAC0164,Receptionist,10,Night
STF03149,Ajay Chavan,FAC0109,Receptionist,14,Night
STF03150,Gauri Kumar,FAC0264,Pharmacist,24,Night
STF03151,Vijay Waghmare,FAC0024,Receptionist,22,Morning
STF03152,Pawan Sharma,FAC0065,Technician,4,Night
STF03153,Vijay Singh,FAC0230,Receptionist,11,Evening
STF03154,Komal Bhosale,FAC0290,Nurse,9,Evening
STF03155,Pawan Raut,FAC0089,Receptionist,10,Night
STF03156,Neha Yadav,FAC0077,Nurse,12,Night
STF03157,Manisha Mane,FAC0274,Technician,22,Evening
STF03158,Nitin Pawar,FAC0285,Receptionist,19,Morning
STF03159,Anil Yadav,FAC0167,Support Staff,14,Evening
STF03160,Prakash Joshi,FAC0050,Support Staff,16,Morning
STF03161,Shweta Waghmare,FAC0034,Nurse,24,Night
STF03162,Dinesh Singh,FAC0143,Receptionist,17,Morning
STF03163,Santosh Shinde,FAC0062,Technician,19,Morning
STF03164,Ganesh Kumar,FAC0132,Nurse,13,Evening
STF03165,Amit Mishra,FAC0259,Support Staff,19,Morning
STF03166,Reshma Bhosale,FAC0089,Technician,10,Night
STF03167,Swapnil Yadav,FAC0265,Nurse,24,Night
STF03168,Vishal Gupta,FAC0124,Support Staff,6,Evening
STF03169,Rahul Desai,FAC0254,Support Staff,18,Evening
STF03170,Ajay More,FAC0076,Technician,4,Evening
STF03171,Vishal Mishra,FAC0045,Support Staff,6,Night
STF03172,Sneha Deshpande,FAC0084,Support Staff,18,Morning
STF03173,Sneha Lokhande,FAC0210,Support Staff,2,Night
STF03174,Omkar Pawar,FAC0185,Nurse,14,Night
STF03175,Kavita Lokhande,FAC0185,Support Staff,19,Evening
STF03176,Suresh Mishra,FAC0272,Pharmacist,22,Morning
STF03177,Omkar Mishra,FAC0242,Support Staff,7,Morning
STF03178,Savita Gaikwad,FAC0229,Support Staff,1,Morning
STF03179,Sachin Mishra,FAC0271,Technician,2,Night
STF03180,Ajay More,FAC0223,Support Staff,23,Night
STF03181,Yogesh Raut,FAC0018,Technician,25,Night
STF03182,Rekha Gupta,FAC0139,Nurse,17,Night
STF03183,Swapnil Lokhande,FAC0277,Technician,10,Evening
STF03184,Savita Bhosale,FAC0031,Receptionist,12,Evening
STF03185,Manoj Lokhande,FAC0163,Support Staff,13,Evening
STF03186,Abhijit Sharma,FAC0142,Pharmacist,22,Morning
STF03187,Meena Deshpande,FAC0229,Nurse,4,Night
STF03188,Deepak Sawant,FAC0021,Technician,1,Morning
STF03189,Pooja Kadam,FAC0096,Ambulance Driver,2,Evening
STF03190,Rekha Kamble,FAC0030,Support Staff,8,Morning
STF03191,Dinesh Mane,FAC0177,Receptionist,9,Morning
STF03192,Abhijit Mishra,FAC0017,Nurse,1,Evening
STF03193,Prakash Jadhav,FAC0196,Ambulance Driver,2,Morning
STF03194,Vikram Kadam,FAC0077,Technician,5,Evening
STF03195,Rohit Pawar,FAC0176,Pharmacist,5,Night
STF03196,Vishal Tiwari,FAC0013,Ambulance Driver,19,Morning
STF03197,Dinesh Mishra,FAC0205,Support Staff,7,Night
STF03198,Nilesh Lokhande,FAC0100,Receptionist,7,Morning
STF03199,Komal Mane,FAC0067,Nurse,9,Morning
STF03200,Vikram Kulkarni,FAC0267,Nurse,25,Morning
STF03201,Reshma Shah,FAC0096,Technician,6,Evening
STF03202,Gauri Chavan,FAC0118,Nurse,8,Night
STF03203,Manoj Yadav,FAC0300,Nurse,23,Evening
STF03204,Swati Patil,FAC0105,Nurse,2,Night
STF03205,Suresh Yadav,FAC0101,Nurse,8,Night
STF03206,Meena Mane,FAC0108,Support Staff,17,Night
STF03207,Kiran Deshpande,FAC0066,Receptionist,3,Evening
STF03208,Sonal Waghmare,FAC0138,Receptionist,1,Evening
STF03209,Nitin Shinde,FAC0191,Technician,23,Night
STF03210,Rahul Raut,FAC0198,Support Staff,19,Night
STF03211,Deepak Singh,FAC0183,Nurse,23,Evening
STF03212,Swati Sharma,FAC0277,Nurse,16,Morning
STF03213,Manisha Kulkarni,FAC0166,Pharmacist,1,Morning
STF03214,Sachin Mane,FAC0220,Nurse,20,Night
STF03215,Komal Pawar,FAC0068,Nurse,24,Night
STF03216,Madhuri Sharma,FAC0234,Nurse,20,Night
STF03217,Nitin Pawar,FAC0266,Support Staff,22,Morning
STF03218,Suresh Sharma,FAC0122,Receptionist,1,Morning
STF03219,Savita Mane,FAC0216,Pharmacist,19,Evening
STF03220,Prakash Patil,FAC0016,Receptionist,24,Morning
STF03221,Kiran Gupta,FAC0269,Pharmacist,24,Evening
STF03222,Nilesh Lokhande,FAC0115,Pharmacist,15,Evening
STF03223,Nitin Nair,FAC0291,Nurse,10,Night
STF03224,Vishal Sharma,FAC0299,Nurse,18,Evening
STF03225,Prakash More,FAC0119,Support Staff,1,Night
STF03226,Manoj Shinde,FAC0196,Nurse,16,Morning
STF03227,Dinesh Gupta,FAC0206,Pharmacist,25,Morning
STF03228,Varun Sharma,FAC0213,Nurse,19,Morning
STF03229,Sanjay Nair,FAC0148,Receptionist,20,Morning
STF03230,Pallavi Lokhande,FAC0147,Nurse,24,Evening
STF03231,Nilesh Pawar,FAC0030,Nurse,16,Night
STF03232,Nitin Kulkarni,FAC0047,Nurse,24,Morning
STF03233,Nitin Singh,FAC0193,Support Staff,13,Morning
STF03234,Deepa Kumar,FAC0237,Pharmacist,13,Morning
STF03235,Madhuri Joshi,FAC0105,Nurse,24,Evening
STF03236,Nitin Kadam,FAC0034,Nurse,7,Evening
STF03237,Varun Patil,FAC0064,Ambulance Driver,19,Morning
STF03238,Vishal Patil,FAC0203,Technician,14,Night
STF03239,Deepak Bhosale,FAC0079,Nurse,24,Evening
STF03240,Pawan Pawar,FAC0293,Ambulance Driver,18,Night
STF03241,Anil Jadhav,FAC0186,Technician,20,Night
STF03242,Sanjay Deshpande,FAC0012,Support Staff,2,Night
STF03243,Rohit Shinde,FAC0188,Support Staff,10,Night
STF03244,Pawan Salve,FAC0252,Nurse,25,Morning
STF03245,Dinesh Deshpande,FAC0154,Pharmacist,19,Evening
STF03246,Reshma Nair,FAC0277,Receptionist,8,Evening
STF03247,Sachin Shah,FAC0167,Ambulance Driver,23,Morning
STF03248,Dinesh Jadhav,FAC0224,Receptionist,13,Evening
STF03249,Swati Waghmare,FAC0156,Nurse,18,Night
STF03250,Ajay Waghmare,FAC0277,Technician,25,Night
STF03251,Varun Chavan,FAC0182,Nurse,9,Morning
STF03252,Amit Kadam,FAC0110,Technician,20,Night
STF03253,Sunita Joshi,FAC0077,Ambulance Driver,2,Morning
STF03254,Sneha Tiwari,FAC0200,Receptionist,22,Evening
STF03255,Lata Mishra,FAC0136,Support Staff,6,Morning
STF03256,Ashwini More,FAC0208,Pharmacist,17,Night
STF03257,Amit Chavan,FAC0183,Nurse,4,Evening
STF03258,Komal Desai,FAC0003,Technician,3,Night
STF03259,Lata Kadam,FAC0215,Nurse,10,Night
STF03260,Nilesh Kadam,FAC0031,Nurse,10,Morning
STF03261,Dinesh Shah,FAC0221,Pharmacist,15,Night
STF03262,Ravi More,FAC0219,Receptionist,3,Morning
STF03263,Akash Chavan,FAC0122,Support Staff,2,Night
STF03264,Pawan Joshi,FAC0283,Receptionist,12,Evening
STF03265,Tushar Chavan,FAC0023,Receptionist,21,Morning
STF03266,Sanjay Mane,FAC0114,Nurse,17,Morning
STF03267,Anita Chavan,FAC0206,Support Staff,14,Morning
STF03268,Pooja Shah,FAC0001,Technician,11,Morning
STF03269,Rahul Shinde,FAC0099,Ambulance Driver,16,Night
STF03270,Suresh Nair,FAC0182,Nurse,10,Evening
STF03271,Vishal Surve,FAC0029,Support Staff,18,Evening
STF03272,Suresh Pawar,FAC0291,Technician,20,Night
STF03273,Yogesh Mane,FAC0192,Receptionist,24,Morning
STF03274,Santosh Nair,FAC0114,Nurse,4,Night
STF03275,Nilesh Patil,FAC0253,Nurse,14,Morning
STF03276,Shweta Pawar,FAC0076,Nurse,10,Night
STF03277,Gauri Surve,FAC0188,Ambulance Driver,18,Morning
STF03278,Ajay Pawar,FAC0079,Receptionist,3,Night
STF03279,Pallavi More,FAC0144,Nurse,7,Night
STF03280,Aarti Desai,FAC0136,Nurse,25,Morning
STF03281,Gauri Mane,FAC0038,Technician,22,Evening
STF03282,Swati Salve,FAC0080,Technician,13,Night
STF03283,Manisha Surve,FAC0055,Nurse,13,Morning
STF03284,Sunita Yadav,FAC0068,Support Staff,24,Night
STF03285,Archana Sawant,FAC0190,Support Staff,13,Morning
STF03286,Rohit Lokhande,FAC0057,Receptionist,6,Morning
STF03287,Yogesh Shinde,FAC0278,Support Staff,3,Morning
STF03288,Smita Kamble,FAC0118,Support Staff,23,Night
STF03289,Ashwini Mane,FAC0031,Support Staff,7,Morning
STF03290,Deepa Surve,FAC0254,Support Staff,17,Night
STF03291,Savita Bhosale,FAC0114,Nurse,5,Morning
STF03292,Varun Kamble,FAC0259,Receptionist,18,Night
STF03293,Suresh Shah,FAC0199,Support Staff,19,Night
STF03294,Rahul Mane,FAC0148,Support Staff,2,Evening
STF03295,Savita Lokhande,FAC0026,Nurse,5,Morning
STF03296,Pawan Raut,FAC0141,Technician,13,Morning
STF03297,Savita Tiwari,FAC0131,Ambulance Driver,9,Night
STF03298,Varun Deshpande,FAC0039,Support Staff,18,Night
STF03299,Anil Lokhande,FAC0283,Nurse,25,Morning
STF03300,Priya Chavan,FAC0290,Nurse,9,Evening
STF03301,Amit Lokhande,FAC0171,Nurse,22,Night
STF03302,Sneha Lokhande,FAC0135,Receptionist,15,Evening
STF03303,Rupali Yadav,FAC0280,Technician,22,Evening
STF03304,Deepak Kulkarni,FAC0141,Technician,5,Morning
STF03305,Madhuri Kamble,FAC0184,Receptionist,10,Evening
STF03306,Nitin Mishra,FAC0162,Support Staff,6,Morning
STF03307,Kavita Raut,FAC0200,Nurse,13,Night
STF03308,Sneha Kamble,FAC0023,Support Staff,7,Morning
STF03309,Nilesh Bhosale,FAC0206,Technician,17,Morning
STF03310,Manoj Tiwari,FAC0299,Support Staff,11,Morning
STF03311,Suresh Mishra,FAC0199,Nurse,15,Morning
STF03312,Santosh Patil,FAC0277,Pharmacist,25,Evening
STF03313,Savita Kadam,FAC0066,Nurse,17,Evening
STF03314,Vaishali Desai,FAC0212,Technician,21,Evening
STF03315,Vishal Deshpande,FAC0081,Pharmacist,13,Evening
STF03316,Manoj Pawar,FAC0187,Nurse,3,Evening
STF03317,Anil More,FAC0166,Ambulance Driver,5,Morning
STF03318,Priya Joshi,FAC0200,Nurse,11,Morning
STF03319,Ganesh Raut,FAC0159,Ambulance Driver,17,Night
STF03320,Prakash Mishra,FAC0186,Technician,4,Morning
STF03321,Neha Mishra,FAC0117,Nurse,12,Evening
STF03322,Rajesh Surve,FAC0264,Nurse,4,Evening
STF03323,Nitin Kulkarni,FAC0118,Nurse,20,Evening
STF03324,Smita Jadhav,FAC0064,Nurse,24,Morning
STF03325,Ujwala Singh,FAC0139,Support Staff,19,Evening
STF03326,Shweta Patil,FAC0039,Ambulance Driver,9,Evening
STF03327,Meena Kumar,FAC0263,Support Staff,16,Morning
STF03328,Rupali Mishra,FAC0239,Receptionist,21,Evening
STF03329,Anita Surve,FAC0024,Nurse,10,Morning
STF03330,Vijay Pawar,FAC0076,Pharmacist,17,Morning
STF03331,Sachin Shinde,FAC0265,Receptionist,19,Morning
STF03332,Manoj Kamble,FAC0291,Support Staff,22,Evening
STF03333,Sachin Mishra,FAC0177,Nurse,14,Evening
STF03334,Ashwini Mane,FAC0112,Ambulance Driver,14,Night
STF03335,Archana Pawar,FAC0178,Technician,10,Morning
STF03336,Vishal Mishra,FAC0074,Technician,18,Morning
STF03337,Deepak Singh,FAC0162,Support Staff,5,Evening
STF03338,Anita Jadhav,FAC0104,Nurse,11,Evening
STF03339,Rohit Patil,FAC0286,Support Staff,22,Morning
STF03340,Rajesh Gaikwad,FAC0129,Nurse,8,Evening
STF03341,Pooja Patil,FAC0262,Ambulance Driver,6,Evening
STF03342,Dinesh Kadam,FAC0223,Pharmacist,16,Evening
STF03343,Deepak Sawant,FAC0280,Technician,18,Evening
STF03344,Vaishali Deshpande,FAC0067,Pharmacist,24,Morning
STF03345,Dinesh Kadam,FAC0111,Nurse,22,Night
STF03346,Reshma Mishra,FAC0053,Pharmacist,7,Evening
STF03347,Mamta Bhosale,FAC0018,Pharmacist,4,Evening
STF03348,Kiran Chavan,FAC0113,Nurse,9,Morning
STF03349,Dinesh Bhosale,FAC0042,Nurse,13,Evening
STF03350,Rajesh Kumar,FAC0196,Nurse,20,Evening
STF03351,Varun Tiwari,FAC0110,Nurse,7,Morning
STF03352,Shweta Mane,FAC0063,Support Staff,4,Night
STF03353,Madhuri Waghmare,FAC0142,Nurse,8,Night
STF03354,Kavita Patil,FAC0240,Receptionist,20,Morning
STF03355,Deepak Bhosale,FAC0155,Ambulance Driver,21,Morning
STF03356,Pallavi Chavan,FAC0278,Technician,12,Night
STF03357,Nisha Joshi,FAC0036,Ambulance Driver,21,Night
STF03358,Sunita Kumar,FAC0263,Nurse,16,Evening
STF03359,Smita Salve,FAC0079,Nurse,19,Evening
STF03360,Gauri Raut,FAC0264,Technician,8,Morning
STF03361,Suresh More,FAC0108,Technician,2,Morning
STF03362,Komal Desai,FAC0165,Nurse,20,Evening
STF03363,Suresh Bhosale,FAC0106,Nurse,15,Night
STF03364,Lata Waghmare,FAC0285,Nurse,13,Evening
STF03365,Vikram Patil,FAC0131,Ambulance Driver,16,Morning
STF03366,Priya Patil,FAC0181,Pharmacist,14,Evening
STF03367,Swapnil Nair,FAC0072,Pharmacist,23,Morning
STF03368,Anita Shah,FAC0276,Nurse,6,Morning
STF03369,Pooja Deshpande,FAC0213,Support Staff,17,Night
STF03370,Archana Salve,FAC0226,Ambulance Driver,25,Morning
STF03371,Deepa Mishra,FAC0006,Technician,7,Evening
STF03372,Nitin Mishra,FAC0292,Receptionist,14,Morning
STF03373,Yogesh Salve,FAC0204,Support Staff,13,Morning
STF03374,Neha Salve,FAC0049,Pharmacist,8,Morning
STF03375,Anil Shah,FAC0267,Nurse,11,Night
STF03376,Pallavi Shinde,FAC0159,Nurse,17,Evening
STF03377,Shweta Kadam,FAC0061,Support Staff,6,Morning
STF03378,Reshma Kumar,FAC0046,Technician,22,Evening
STF03379,Anil Yadav,FAC0116,Nurse,23,Evening
STF03380,Ashwini Shah,FAC0211,Nurse,23,Night
STF03381,Pawan Mane,FAC0283,Support Staff,24,Night
STF03382,Sonal Deshpande,FAC0038,Support Staff,6,Night
STF03383,Neha Surve,FAC0107,Ambulance Driver,4,Evening
STF03384,Ganesh Waghmare,FAC0091,Nurse,16,Evening
STF03385,Akash Pawar,FAC0250,Technician,16,Evening
STF03386,Omkar Mishra,FAC0037,Ambulance Driver,14,Morning
STF03387,Rajesh Gaikwad,FAC0038,Nurse,9,Night
STF03388,Pooja Lokhande,FAC0279,Nurse,18,Evening
STF03389,Varun Patil,FAC0103,Support Staff,7,Night
STF03390,Amit Shinde,FAC0187,Support Staff,4,Morning
STF03391,Deepak Joshi,FAC0055,Nurse,20,Evening
STF03392,Anil Deshpande,FAC0102,Nurse,6,Evening
STF03393,Smita Patil,FAC0134,Nurse,3,Night
STF03394,Suresh Tiwari,FAC0269,Nurse,24,Evening
STF03395,Varun Patil,FAC0236,Ambulance Driver,9,Night
STF03396,Prakash Raut,FAC0293,Support Staff,22,Morning
STF03397,Vikram Sharma,FAC0014,Nurse,22,Evening
STF03398,Swati More,FAC0119,Pharmacist,22,Evening
STF03399,Tushar More,FAC0061,Technician,13,Morning
STF03400,Aarti More,FAC0157,Technician,14,Morning
STF03401,Vikram More,FAC0291,Pharmacist,13,Night
STF03402,Nitin Kamble,FAC0241,Support Staff,20,Morning
STF03403,Sanjay More,FAC0228,Pharmacist,22,Night
STF03404,Prakash Bhosale,FAC0060,Technician,4,Night
STF03405,Vaishali Tiwari,FAC0256,Nurse,15,Morning
STF03406,Archana Joshi,FAC0003,Ambulance Driver,14,Night
STF03407,Nitin Nair,FAC0275,Pharmacist,18,Night
STF03408,Nitin Sharma,FAC0269,Ambulance Driver,2,Evening
STF03409,Nilesh Kamble,FAC0257,Nurse,12,Evening
STF03410,Meena Salve,FAC0100,Nurse,7,Evening
STF03411,Nilesh Kadam,FAC0103,Nurse,13,Morning
STF03412,Ganesh Tiwari,FAC0180,Receptionist,25,Night
STF03413,Vishal Kadam,FAC0228,Ambulance Driver,17,Night
STF03414,Vishal Jadhav,FAC0136,Receptionist,19,Evening
STF03415,Swapnil Waghmare,FAC0123,Pharmacist,21,Evening
STF03416,Kiran Kulkarni,FAC0019,Support Staff,21,Night
STF03417,Nilesh More,FAC0124,Nurse,12,Evening
STF03418,Mamta Singh,FAC0140,Receptionist,18,Night
STF03419,Smita Salve,FAC0117,Receptionist,11,Night
STF03420,Anil Nair,FAC0226,Support Staff,8,Evening
STF03421,Rajesh Gaikwad,FAC0269,Ambulance Driver,16,Morning
STF03422,Madhuri Kadam,FAC0274,Nurse,24,Evening
STF03423,Archana Sharma,FAC0062,Nurse,24,Morning
STF03424,Pawan Surve,FAC0269,Nurse,24,Morning
STF03425,Vikram Pawar,FAC0244,Support Staff,1,Morning
STF03426,Rahul Singh,FAC0045,Support Staff,9,Evening
STF03427,Prakash Shinde,FAC0132,Nurse,23,Morning
STF03428,Sachin Gaikwad,FAC0209,Support Staff,5,Evening
STF03429,Neha Raut,FAC0222,Technician,19,Morning
STF03430,Santosh Salve,FAC0144,Support Staff,15,Night
STF03431,Sanjay Kamble,FAC0020,Support Staff,24,Morning
STF03432,Gauri Salve,FAC0293,Support Staff,7,Night
STF03433,Abhijit Shah,FAC0028,Nurse,5,Night
STF03434,Rahul More,FAC0028,Support Staff,3,Morning
STF03435,Nitin Kamble,FAC0274,Pharmacist,16,Morning
STF03436,Meena Shah,FAC0154,Nurse,13,Night
STF03437,Sachin Pawar,FAC0241,Technician,21,Morning
STF03438,Meena Salve,FAC0219,Support Staff,1,Morning
STF03439,Manisha Deshpande,FAC0191,Support Staff,15,Evening
STF03440,Aarti Mishra,FAC0012,Technician,11,Evening
STF03441,Deepa Kadam,FAC0240,Pharmacist,6,Morning
STF03442,Gauri Jadhav,FAC0241,Technician,14,Morning
STF03443,Pooja Gaikwad,FAC0082,Receptionist,4,Night
STF03444,Manoj Pawar,FAC0292,Support Staff,7,Morning
STF03445,Nitin Shinde,FAC0267,Technician,12,Evening
STF03446,Madhuri Joshi,FAC0256,Support Staff,8,Evening
STF03447,Nilesh Shah,FAC0259,Nurse,23,Morning
STF03448,Rajesh Shinde,FAC0208,Ambulance Driver,21,Night
STF03449,Amit Waghmare,FAC0021,Support Staff,9,Evening
STF03450,Nisha Singh,FAC0155,Nurse,18,Evening
STF03451,Anil Joshi,FAC0006,Technician,7,Morning
STF03452,Deepak Kumar,FAC0169,Technician,14,Night
STF03453,Ravi Joshi,FAC0067,Support Staff,9,Evening
STF03454,Rohit Kamble,FAC0061,Receptionist,7,Evening
STF03455,Sonal Singh,FAC0200,Nurse,22,Evening
STF03456,Vishal Sharma,FAC0266,Pharmacist,24,Evening
STF03457,Komal Nair,FAC0137,Support Staff,9,Morning
STF03458,Neha More,FAC0111,Support Staff,24,Morning
STF03459,Swapnil Kumar,FAC0224,Technician,12,Morning
STF03460,Vishal Mane,FAC0028,Nurse,20,Morning
STF03461,Smita Sharma,FAC0020,Nurse,21,Morning
STF03462,Smita Chavan,FAC0113,Pharmacist,7,Morning
STF03463,Meena Patil,FAC0205,Support Staff,12,Evening
STF03464,Meena Tiwari,FAC0061,Nurse,20,Evening
STF03465,Dinesh More,FAC0238,Support Staff,22,Morning
STF03466,Vijay Nair,FAC0183,Nurse,21,Morning
STF03467,Vijay Gupta,FAC0066,Nurse,10,Morning
STF03468,Rekha Tiwari,FAC0197,Nurse,2,Night
STF03469,Ajay Surve,FAC0017,Nurse,4,Night
STF03470,Deepak Kumar,FAC0153,Support Staff,12,Night
STF03471,Abhijit Chavan,FAC0184,Nurse,17,Evening
STF03472,Manoj Salve,FAC0270,Receptionist,7,Night
STF03473,Omkar Shinde,FAC0122,Receptionist,11,Night
STF03474,Manoj Kamble,FAC0081,Support Staff,18,Evening
STF03475,Shweta Kulkarni,FAC0224,Ambulance Driver,5,Evening
STF03476,Pooja Kamble,FAC0259,Pharmacist,4,Evening
STF03477,Tushar Joshi,FAC0215,Pharmacist,15,Night
STF03478,Amit Surve,FAC0022,Nurse,11,Morning
STF03479,Meena Singh,FAC0169,Nurse,14,Evening
STF03480,Mamta Kumar,FAC0174,Technician,4,Morning
STF03481,Suresh Raut,FAC0300,Technician,10,Night
STF03482,Kiran Salve,FAC0293,Ambulance Driver,17,Morning
STF03483,Dinesh Sawant,FAC0022,Pharmacist,10,Morning
STF03484,Tushar Mane,FAC0185,Pharmacist,14,Evening
STF03485,Shweta Sawant,FAC0108,Receptionist,25,Evening
STF03486,Rekha Gupta,FAC0260,Technician,2,Night
STF03487,Swati Mishra,FAC0169,Pharmacist,25,Evening
STF03488,Akash Kamble,FAC0140,Receptionist,16,Evening
STF03489,Neha Joshi,FAC0061,Pharmacist,23,Morning
STF03490,Varun Deshpande,FAC0128,Nurse,10,Evening
STF03491,Lata Kamble,FAC0032,Nurse,16,Night
STF03492,Omkar Bhosale,FAC0146,Support Staff,20,Night
STF03493,Madhuri Singh,FAC0237,Receptionist,14,Evening
STF03494,Akash Sawant,FAC0102,Pharmacist,5,Night
STF03495,Prakash Mane,FAC0061,Receptionist,16,Morning
STF03496,Archana Waghmare,FAC0087,Nurse,1,Evening
STF03497,Suresh Tiwari,FAC0193,Receptionist,1,Evening
STF03498,Aarti Deshpande,FAC0252,Support Staff,5,Morning
STF03499,Suresh Kumar,FAC0145,Pharmacist,3,Evening
STF03500,Ashwini Bhosale,FAC0026,Nurse,16,Morning
STF03501,Rajesh Sharma,FAC0149,Nurse,8,Evening
STF03502,Suresh Lokhande,FAC0223,Support Staff,12,Morning
STF03503,Pallavi Tiwari,FAC0110,Support Staff,22,Morning
STF03504,Sachin Desai,FAC0213,Receptionist,25,Evening
STF03505,Lata Tiwari,FAC0183,Support Staff,20,Morning
STF03506,Sunita Bhosale,FAC0214,Nurse,17,Night
STF03507,Aarti Deshpande,FAC0190,Nurse,3,Evening
STF03508,Manisha Shah,FAC0048,Nurse,6,Night
STF03509,Ganesh Raut,FAC0201,Technician,8,Night
STF03510,Nitin Gupta,FAC0125,Ambulance Driver,20,Morning
STF03511,Rohit Mane,FAC0266,Nurse,19,Night
STF03512,Tushar Mishra,FAC0189,Support Staff,2,Evening
STF03513,Pallavi Chavan,FAC0048,Nurse,3,Morning
STF03514,Sunita Desai,FAC0208,Nurse,6,Evening
STF03515,Neha Shah,FAC0122,Ambulance Driver,22,Night
STF03516,Dinesh Patil,FAC0022,Nurse,19,Morning
STF03517,Pooja Yadav,FAC0230,Technician,21,Night
STF03518,Deepak Bhosale,FAC0109,Technician,20,Night
STF03519,Santosh Kadam,FAC0212,Technician,25,Evening
STF03520,Priya Nair,FAC0070,Ambulance Driver,9,Night
STF03521,Lata More,FAC0048,Nurse,23,Morning
STF03522,Vishal Chavan,FAC0143,Pharmacist,16,Morning
STF03523,Kiran Nair,FAC0132,Nurse,1,Evening
STF03524,Smita Chavan,FAC0086,Ambulance Driver,25,Evening
STF03525,Vijay Gupta,FAC0168,Pharmacist,15,Night
STF03526,Rupali More,FAC0140,Technician,10,Night
STF03527,Dinesh Salve,FAC0046,Pharmacist,15,Evening
STF03528,Pawan Sawant,FAC0292,Support Staff,7,Night
STF03529,Sneha Bhosale,FAC0170,Nurse,11,Evening
STF03530,Vaishali Kadam,FAC0006,Nurse,9,Morning
STF03531,Meena Mishra,FAC0290,Ambulance Driver,18,Evening
STF03532,Ujwala Shinde,FAC0266,Pharmacist,14,Morning
STF03533,Sonal Gupta,FAC0296,Nurse,5,Morning
STF03534,Pooja Raut,FAC0252,Nurse,18,Morning
STF03535,Pawan Nair,FAC0118,Nurse,7,Evening
STF03536,Sachin Lokhande,FAC0033,Nurse,13,Morning
STF03537,Nilesh Joshi,FAC0267,Support Staff,23,Evening
STF03538,Rupali Kadam,FAC0169,Nurse,9,Evening
STF03539,Omkar Gupta,FAC0205,Receptionist,15,Night
STF03540,Rohit Gupta,FAC0258,Support Staff,15,Evening
STF03541,Swapnil Singh,FAC0173,Nurse,12,Morning
STF03542,Archana Salve,FAC0246,Support Staff,21,Night
STF03543,Dinesh Gaikwad,FAC0110,Support Staff,9,Evening
STF03544,Meena Lokhande,FAC0211,Technician,12,Morning
STF03545,Amit Desai,FAC0130,Nurse,9,Morning
STF03546,Vikram Salve,FAC0262,Nurse,22,Evening
STF03547,Ajay Sawant,FAC0071,Ambulance Driver,12,Morning
STF03548,Rajesh Gupta,FAC0293,Receptionist,3,Night
STF03549,Suresh Gaikwad,FAC0192,Support Staff,14,Night
STF03550,Komal Jadhav,FAC0164,Nurse,18,Morning
STF03551,Akash Joshi,FAC0096,Support Staff,6,Night
STF03552,Swapnil Deshpande,FAC0105,Support Staff,14,Morning
STF03553,Neha Pawar,FAC0143,Receptionist,2,Morning
STF03554,Savita Joshi,FAC0021,Nurse,13,Night
STF03555,Sunita Mane,FAC0252,Support Staff,24,Morning
STF03556,Pallavi Waghmare,FAC0271,Nurse,3,Evening
STF03557,Varun Sharma,FAC0209,Technician,25,Evening
STF03558,Pawan More,FAC0243,Nurse,5,Morning
STF03559,Tushar Bhosale,FAC0049,Receptionist,14,Morning
STF03560,Lata Kamble,FAC0100,Nurse,17,Morning
STF03561,Ajay Desai,FAC0188,Receptionist,16,Morning
STF03562,Suresh Kadam,FAC0079,Nurse,20,Morning
STF03563,Mamta Waghmare,FAC0174,Technician,10,Morning
STF03564,Amit Bhosale,FAC0123,Nurse,15,Morning
STF03565,Sonal Tiwari,FAC0228,Nurse,5,Evening
STF03566,Ganesh Kamble,FAC0211,Nurse,14,Evening
STF03567,Yogesh Lokhande,FAC0206,Nurse,7,Morning
STF03568,Anil Waghmare,FAC0215,Nurse,1,Morning
STF03569,Manoj Raut,FAC0216,Nurse,5,Evening
STF03570,Amit Kulkarni,FAC0243,Receptionist,13,Night
STF03571,Yogesh Mane,FAC0004,Ambulance Driver,4,Morning
STF03572,Rahul Sawant,FAC0219,Technician,2,Night
STF03573,Vijay Kumar,FAC0037,Support Staff,25,Morning
STF03574,Smita Pawar,FAC0233,Nurse,13,Night
STF03575,Savita Gaikwad,FAC0097,Support Staff,12,Night
STF03576,Lata Singh,FAC0140,Nurse,12,Night
STF03577,Gauri Chavan,FAC0215,Ambulance Driver,3,Evening
STF03578,Manoj Kamble,FAC0152,Support Staff,19,Morning
STF03579,Anil More,FAC0017,Ambulance Driver,8,Morning
STF03580,Kiran Surve,FAC0271,Receptionist,14,Evening
STF03581,Vishal Desai,FAC0013,Ambulance Driver,19,Morning
STF03582,Pawan Bhosale,FAC0034,Nurse,25,Evening
STF03583,Sunita Sharma,FAC0162,Technician,25,Morning
STF03584,Sonal Gaikwad,FAC0187,Nurse,13,Night
STF03585,Nilesh Kumar,FAC0004,Nurse,8,Evening
STF03586,Swapnil Desai,FAC0239,Receptionist,7,Night
STF03587,Ganesh Mishra,FAC0145,Technician,18,Morning
STF03588,Kiran Kulkarni,FAC0017,Nurse,15,Night
STF03589,Amit Shinde,FAC0139,Ambulance Driver,1,Evening
STF03590,Ujwala Gupta,FAC0087,Nurse,23,Night
STF03591,Gauri Jadhav,FAC0290,Support Staff,21,Night
STF03592,Sachin Shinde,FAC0192,Receptionist,18,Evening
STF03593,Rajesh Sharma,FAC0192,Pharmacist,15,Morning
STF03594,Abhijit Shah,FAC0122,Technician,24,Night
STF03595,Aarti Mane,FAC0036,Nurse,23,Morning
STF03596,Varun Mishra,FAC0043,Support Staff,19,Evening
STF03597,Rupali Pawar,FAC0038,Nurse,23,Evening
STF03598,Varun Kumar,FAC0015,Nurse,16,Night
STF03599,Pawan Kumar,FAC0198,Ambulance Driver,2,Evening
STF03600,Prakash Shah,FAC0077,Support Staff,12,Night
STF03601,Aarti Deshpande,FAC0240,Support Staff,12,Morning
STF03602,Ganesh More,FAC0296,Support Staff,1,Evening
STF03603,Manoj Yadav,FAC0165,Technician,21,Evening
STF03604,Priya Mishra,FAC0082,Technician,19,Evening
STF03605,Mamta Jadhav,FAC0197,Support Staff,21,Night
STF03606,Suresh Patil,FAC0011,Technician,17,Night
STF03607,Rupali Yadav,FAC0224,Support Staff,8,Morning
STF03608,Vijay Yadav,FAC0002,Technician,19,Night
STF03609,Pawan Kadam,FAC0070,Nurse,7,Evening
STF03610,Swati Chavan,FAC0269,Technician,12,Evening
STF03611,Nitin Shah,FAC0044,Support Staff,2,Evening
STF03612,Yogesh Shinde,FAC0260,Nurse,13,Morning
STF03613,Santosh Patil,FAC0206,Technician,14,Evening
STF03614,Rajesh Kadam,FAC0163,Pharmacist,21,Night
STF03615,Sunita Mane,FAC0086,Receptionist,19,Morning
STF03616,Swapnil Surve,FAC0206,Support Staff,12,Morning
STF03617,Deepa Joshi,FAC0236,Support Staff,22,Evening
STF03618,Pallavi Shinde,FAC0025,Nurse,2,Evening
STF03619,Kiran Deshpande,FAC0269,Technician,9,Evening
STF03620,Deepa Shinde,FAC0283,Pharmacist,4,Morning
STF03621,Deepak Deshpande,FAC0261,Ambulance Driver,9,Evening
STF03622,Rohit Bhosale,FAC0171,Receptionist,12,Night
STF03623,Rupali Shah,FAC0198,Technician,12,Night
STF03624,Abhijit Desai,FAC0180,Ambulance Driver,6,Morning
STF03625,Santosh Yadav,FAC0195,Receptionist,2,Evening
STF03626,Rupali Jadhav,FAC0252,Nurse,13,Morning
STF03627,Neha Mane,FAC0295,Pharmacist,19,Morning
STF03628,Reshma Nair,FAC0040,Receptionist,7,Morning
STF03629,Ganesh Joshi,FAC0165,Technician,2,Night
STF03630,Sonal Gaikwad,FAC0245,Technician,24,Evening
STF03631,Ravi Desai,FAC0217,Support Staff,6,Night
STF03632,Meena Deshpande,FAC0282,Technician,9,Evening
STF03633,Sneha Shah,FAC0286,Nurse,6,Morning
STF03634,Swati Gaikwad,FAC0189,Nurse,24,Morning
STF03635,Sonal Jadhav,FAC0071,Support Staff,5,Night
STF03636,Yogesh Surve,FAC0221,Receptionist,17,Evening
STF03637,Vishal Tiwari,FAC0142,Ambulance Driver,19,Night
STF03638,Prakash Deshpande,FAC0029,Pharmacist,25,Evening
STF03639,Vikram Bhosale,FAC0289,Ambulance Driver,25,Morning
STF03640,Lata Yadav,FAC0155,Nurse,5,Morning
STF03641,Vijay Jadhav,FAC0258,Nurse,8,Night
STF03642,Ravi Desai,FAC0073,Technician,2,Evening
STF03643,Rupali Kumar,FAC0097,Nurse,2,Evening
STF03644,Yogesh Sharma,FAC0214,Technician,12,Morning
STF03645,Rohit Kadam,FAC0052,Nurse,19,Evening
STF03646,Prakash Patil,FAC0275,Support Staff,17,Evening
STF03647,Kiran Surve,FAC0117,Technician,9,Night
STF03648,Vijay Patil,FAC0031,Nurse,4,Night
STF03649,Varun Pawar,FAC0243,Nurse,16,Evening
STF03650,Dinesh Patil,FAC0077,Nurse,19,Morning
STF03651,Yogesh Yadav,FAC0259,Support Staff,3,Night
STF03652,Rekha Mishra,FAC0059,Pharmacist,20,Morning
STF03653,Nisha Bhosale,FAC0165,Nurse,15,Morning
STF03654,Ashwini Kumar,FAC0052,Support Staff,3,Morning
STF03655,Rajesh Kadam,FAC0154,Nurse,7,Evening
STF03656,Ravi Kadam,FAC0147,Receptionist,14,Night
STF03657,Archana More,FAC0166,Nurse,11,Evening
STF03658,Pawan Salve,FAC0119,Support Staff,4,Evening
STF03659,Nitin Gaikwad,FAC0087,Receptionist,23,Morning
STF03660,Sonal Gupta,FAC0043,Nurse,16,Evening
STF03661,Dinesh Tiwari,FAC0197,Nurse,13,Morning
STF03662,Sunita Singh,FAC0242,Support Staff,9,Night
STF03663,Swapnil Jadhav,FAC0293,Pharmacist,8,Night
STF03664,Ganesh Pawar,FAC0184,Pharmacist,25,Morning
STF03665,Ravi Patil,FAC0044,Nurse,9,Night
STF03666,Ashwini Kadam,FAC0055,Nurse,21,Evening
STF03667,Anil Gupta,FAC0173,Pharmacist,2,Evening
STF03668,Sanjay Pawar,FAC0139,Technician,11,Morning
STF03669,Nisha Sawant,FAC0007,Pharmacist,12,Morning
STF03670,Manisha Mishra,FAC0169,Support Staff,3,Evening
STF03671,Rajesh Singh,FAC0051,Technician,15,Night
STF03672,Prakash More,FAC0031,Technician,19,Night
STF03673,Swapnil Shinde,FAC0044,Technician,6,Night
STF03674,Dinesh Sharma,FAC0293,Receptionist,6,Night
STF03675,Rahul Mishra,FAC0057,Technician,10,Evening
STF03676,Pawan Kadam,FAC0186,Nurse,17,Night
STF03677,Shweta More,FAC0062,Technician,19,Evening
STF03678,Omkar Kumar,FAC0062,Nurse,1,Morning
STF03679,Amit Sharma,FAC0022,Nurse,10,Morning
STF03680,Smita Joshi,FAC0158,Receptionist,23,Evening
STF03681,Smita Bhosale,FAC0207,Support Staff,13,Evening
STF03682,Pooja Tiwari,FAC0076,Nurse,18,Evening
STF03683,Ujwala Gupta,FAC0198,Nurse,22,Evening
STF03684,Anil Kumar,FAC0214,Support Staff,4,Evening
STF03685,Deepa Shinde,FAC0098,Nurse,11,Morning
STF03686,Sunita Joshi,FAC0051,Receptionist,4,Morning
STF03687,Ganesh Chavan,FAC0053,Support Staff,7,Evening
STF03688,Komal Salve,FAC0149,Ambulance Driver,8,Morning
STF03689,Ravi Kadam,FAC0129,Ambulance Driver,5,Evening
STF03690,Rahul Kulkarni,FAC0125,Support Staff,21,Morning
STF03691,Ajay Nair,FAC0130,Nurse,25,Morning
STF03692,Ganesh Patil,FAC0230,Pharmacist,2,Evening
STF03693,Kiran Surve,FAC0102,Ambulance Driver,20,Night
STF03694,Sneha Surve,FAC0219,Ambulance Driver,16,Night
STF03695,Swapnil Kulkarni,FAC0256,Nurse,18,Evening
STF03696,Tushar Bhosale,FAC0174,Nurse,21,Morning
STF03697,Swapnil Jadhav,FAC0019,Nurse,7,Evening
STF03698,Deepak Tiwari,FAC0253,Receptionist,25,Morning
STF03699,Ravi Lokhande,FAC0177,Support Staff,5,Evening
STF03700,Tushar Gupta,FAC0224,Nurse,3,Night
STF03701,Shweta Lokhande,FAC0092,Technician,7,Evening
STF03702,Komal Gupta,FAC0095,Technician,11,Morning
STF03703,Sanjay Surve,FAC0262,Support Staff,6,Night
STF03704,Rohit Yadav,FAC0086,Receptionist,22,Evening
STF03705,Ravi Yadav,FAC0021,Technician,16,Evening
STF03706,Nisha Sharma,FAC0119,Pharmacist,15,Morning
STF03707,Deepa Lokhande,FAC0037,Pharmacist,8,Morning
STF03708,Neha Sawant,FAC0042,Technician,22,Night
STF03709,Priya Chavan,FAC0030,Nurse,15,Evening
STF03710,Nilesh Mane,FAC0002,Support Staff,21,Evening
STF03711,Deepak Gupta,FAC0153,Ambulance Driver,18,Night
STF03712,Swati Kadam,FAC0102,Receptionist,13,Evening
STF03713,Sonal Nair,FAC0065,Pharmacist,14,Morning
STF03714,Varun Mishra,FAC0184,Support Staff,19,Morning
STF03715,Vishal More,FAC0184,Technician,24,Evening
STF03716,Anita Pawar,FAC0171,Support Staff,19,Evening
STF03717,Kavita Mane,FAC0168,Ambulance Driver,24,Night
STF03718,Pawan Mane,FAC0107,Nurse,14,Night
STF03719,Varun Lokhande,FAC0051,Support Staff,23,Morning
STF03720,Ajay Kadam,FAC0118,Nurse,4,Evening
STF03721,Rahul Salve,FAC0172,Ambulance Driver,1,Night
STF03722,Ajay Salve,FAC0073,Technician,16,Morning
STF03723,Savita Tiwari,FAC0250,Pharmacist,23,Night
STF03724,Ravi Pawar,FAC0102,Support Staff,2,Night
STF03725,Kavita Raut,FAC0042,Nurse,17,Evening
STF03726,Pallavi Kamble,FAC0292,Support Staff,21,Morning
STF03727,Omkar Shinde,FAC0164,Receptionist,24,Morning
STF03728,Santosh Gaikwad,FAC0163,Support Staff,15,Night
STF03729,Deepak Sharma,FAC0037,Support Staff,7,Morning
STF03730,Nisha Kadam,FAC0009,Nurse,4,Night
STF03731,Reshma Sawant,FAC0222,Support Staff,2,Night
STF03732,Sonal Chavan,FAC0014,Support Staff,22,Morning
STF03733,Archana Bhosale,FAC0125,Nurse,1,Night
STF03734,Sunita Surve,FAC0048,Support Staff,23,Night
STF03735,Vijay Kumar,FAC0079,Nurse,17,Evening
STF03736,Manoj Joshi,FAC0230,Nurse,3,Morning
STF03737,Rohit Deshpande,FAC0218,Support Staff,3,Night
STF03738,Reshma Jadhav,FAC0099,Pharmacist,21,Morning
STF03739,Sanjay Gupta,FAC0245,Technician,19,Morning
STF03740,Lata Gupta,FAC0097,Support Staff,9,Night
STF03741,Deepak Kulkarni,FAC0105,Nurse,24,Evening
STF03742,Tushar Patil,FAC0034,Nurse,12,Morning
STF03743,Kiran Bhosale,FAC0034,Support Staff,1,Morning
STF03744,Prakash Singh,FAC0173,Nurse,8,Evening
STF03745,Nilesh Mishra,FAC0025,Technician,5,Night
STF03746,Pallavi Lokhande,FAC0119,Receptionist,5,Night
STF03747,Tushar Mishra,FAC0251,Nurse,3,Evening
STF03748,Rohit Deshpande,FAC0287,Ambulance Driver,25,Night
STF03749,Gauri Singh,FAC0252,Support Staff,15,Evening
STF03750,Nilesh Waghmare,FAC0112,Support Staff,3,Night
STF03751,Rohit Shah,FAC0275,Nurse,7,Morning
STF03752,Meena Joshi,FAC0083,Receptionist,21,Morning
STF03753,Akash Salve,FAC0185,Nurse,9,Morning
STF03754,Tushar Chavan,FAC0210,Nurse,17,Night
STF03755,Suresh Nair,FAC0115,Receptionist,15,Evening
STF03756,Aarti Kadam,FAC0256,Support Staff,1,Night
STF03757,Kiran Tiwari,FAC0127,Ambulance Driver,2,Night
STF03758,Prakash Sharma,FAC0164,Nurse,16,Night
STF03759,Ashwini Gaikwad,FAC0277,Support Staff,4,Night
STF03760,Omkar Bhosale,FAC0186,Ambulance Driver,2,Evening
STF03761,Swati Jadhav,FAC0299,Nurse,8,Morning
STF03762,Nisha Sawant,FAC0211,Nurse,1,Morning
STF03763,Vishal Waghmare,FAC0072,Support Staff,1,Morning
STF03764,Nitin Salve,FAC0235,Ambulance Driver,7,Night
STF03765,Vaishali Mane,FAC0184,Nurse,12,Night
STF03766,Deepak Surve,FAC0164,Ambulance Driver,22,Evening
STF03767,Vikram Kumar,FAC0212,Technician,17,Evening
STF03768,Manisha Raut,FAC0085,Support Staff,18,Night
STF03769,Sunita Waghmare,FAC0017,Support Staff,4,Night
STF03770,Reshma Mishra,FAC0142,Receptionist,1,Morning
STF03771,Savita More,FAC0035,Nurse,25,Morning
STF03772,Nitin Deshpande,FAC0228,Pharmacist,23,Evening
STF03773,Manisha Bhosale,FAC0049,Receptionist,9,Morning
STF03774,Archana Salve,FAC0042,Pharmacist,16,Night
STF03775,Deepak Chavan,FAC0065,Nurse,14,Evening
STF03776,Santosh Deshpande,FAC0289,Nurse,9,Night
STF03777,Vikram Waghmare,FAC0061,Nurse,1,Night
STF03778,Abhijit Desai,FAC0168,Nurse,6,Evening
STF03779,Ajay Kulkarni,FAC0015,Receptionist,8,Evening
STF03780,Akash Sharma,FAC0217,Support Staff,22,Night
STF03781,Kiran Mishra,FAC0031,Receptionist,9,Morning
STF03782,Tushar Waghmare,FAC0263,Nurse,8,Morning
STF03783,Akash Kulkarni,FAC0257,Receptionist,24,Night
STF03784,Vikram Patil,FAC0083,Pharmacist,19,Evening
STF03785,Sanjay Desai,FAC0054,Support Staff,4,Night
STF03786,Manoj Gaikwad,FAC0148,Technician,25,Morning
STF03787,Suresh Joshi,FAC0195,Support Staff,12,Evening
STF03788,Amit Patil,FAC0042,Nurse,12,Evening
STF03789,Neha Singh,FAC0236,Nurse,25,Evening
STF03790,Priya Chavan,FAC0241,Pharmacist,13,Evening
STF03791,Yogesh Yadav,FAC0162,Nurse,5,Morning
STF03792,Anita Yadav,FAC0173,Nurse,3,Evening
STF03793,Ganesh Patil,FAC0071,Nurse,1,Morning
STF03794,Akash Pawar,FAC0206,Nurse,24,Night
STF03795,Vijay Gupta,FAC0066,Ambulance Driver,12,Morning
STF03796,Kiran Gaikwad,FAC0218,Nurse,21,Evening
STF03797,Manoj Sawant,FAC0136,Support Staff,18,Night
STF03798,Prakash Gupta,FAC0056,Nurse,14,Night
STF03799,Deepa Kulkarni,FAC0160,Technician,20,Evening
STF03800,Swapnil Chavan,FAC0274,Ambulance Driver,3,Evening
STF03801,Manoj Kadam,FAC0163,Nurse,15,Night
STF03802,Komal Shinde,FAC0189,Nurse,21,Morning
STF03803,Ravi Tiwari,FAC0160,Support Staff,19,Morning
STF03804,Rupali Gaikwad,FAC0285,Nurse,12,Evening
STF03805,Vishal Surve,FAC0106,Technician,23,Night
STF03806,Rahul Sawant,FAC0261,Support Staff,6,Night
STF03807,Swapnil Deshpande,FAC0162,Support Staff,16,Morning
STF03808,Pallavi Salve,FAC0231,Nurse,22,Morning
STF03809,Pawan Kumar,FAC0093,Support Staff,12,Evening
STF03810,Abhijit Surve,FAC0130,Technician,16,Evening
STF03811,Deepak Lokhande,FAC0126,Technician,9,Morning
STF03812,Ganesh Shah,FAC0223,Support Staff,2,Morning
STF03813,Komal Lokhande,FAC0200,Support Staff,5,Evening
STF03814,Savita Mane,FAC0235,Support Staff,22,Evening
STF03815,Pallavi Raut,FAC0117,Technician,19,Night
STF03816,Suresh Kulkarni,FAC0011,Receptionist,13,Night
STF03817,Ravi Kamble,FAC0013,Nurse,9,Evening
STF03818,Santosh Desai,FAC0102,Nurse,12,Night
STF03819,Swapnil Chavan,FAC0294,Ambulance Driver,2,Night
STF03820,Priya Waghmare,FAC0130,Nurse,21,Evening
STF03821,Ujwala Tiwari,FAC0185,Nurse,5,Night
STF03822,Nitin Kadam,FAC0104,Ambulance Driver,10,Morning
STF03823,Omkar Gaikwad,FAC0031,Nurse,12,Night
STF03824,Meena Salve,FAC0261,Nurse,22,Night
STF03825,Aarti Surve,FAC0184,Technician,19,Morning
STF03826,Archana Singh,FAC0136,Pharmacist,16,Night
STF03827,Varun Mane,FAC0182,Nurse,10,Night
STF03828,Vishal Pawar,FAC0089,Ambulance Driver,4,Evening
STF03829,Vishal Shinde,FAC0074,Technician,10,Evening
STF03830,Pooja Pawar,FAC0144,Nurse,5,Morning
STF03831,Sneha Shinde,FAC0067,Support Staff,13,Evening
STF03832,Anil Desai,FAC0016,Pharmacist,9,Night
STF03833,Rajesh Shinde,FAC0173,Ambulance Driver,13,Night
STF03834,Vijay Shinde,FAC0119,Nurse,13,Night
STF03835,Pawan Sharma,FAC0068,Pharmacist,5,Night
STF03836,Vaishali Sawant,FAC0150,Nurse,25,Night
STF03837,Reshma Surve,FAC0070,Pharmacist,17,Evening
STF03838,Varun Pawar,FAC0094,Technician,9,Morning
STF03839,Yogesh Waghmare,FAC0118,Receptionist,7,Night
STF03840,Neha Sharma,FAC0226,Ambulance Driver,5,Night
STF03841,Omkar Mane,FAC0096,Ambulance Driver,19,Morning
STF03842,Nilesh Waghmare,FAC0195,Nurse,5,Morning
STF03843,Nisha Kadam,FAC0129,Nurse,7,Night
STF03844,Shweta Deshpande,FAC0176,Receptionist,13,Morning
STF03845,Suresh Patil,FAC0244,Pharmacist,12,Morning
STF03846,Sanjay Jadhav,FAC0291,Nurse,18,Night
STF03847,Sunita Deshpande,FAC0291,Technician,1,Evening
STF03848,Shweta Chavan,FAC0240,Nurse,8,Evening
STF03849,Ujwala Salve,FAC0244,Nurse,5,Morning
STF03850,Yogesh Mishra,FAC0175,Ambulance Driver,17,Morning
STF03851,Vaishali Chavan,FAC0192,Receptionist,15,Night
STF03852,Rahul Patil,FAC0279,Technician,14,Night
STF03853,Komal Yadav,FAC0089,Nurse,5,Morning
STF03854,Akash Kamble,FAC0063,Nurse,6,Night
STF03855,Santosh Mishra,FAC0166,Nurse,8,Night
STF03856,Tushar Sharma,FAC0039,Nurse,7,Evening
STF03857,Swati Mane,FAC0180,Technician,15,Morning
STF03858,Sanjay Patil,FAC0102,Ambulance Driver,1,Morning
STF03859,Ujwala Sharma,FAC0223,Technician,2,Morning
STF03860,Ravi Tiwari,FAC0173,Support Staff,15,Morning
STF03861,Vikram Joshi,FAC0013,Nurse,8,Morning
STF03862,Manisha Tiwari,FAC0179,Pharmacist,21,Night
STF03863,Rahul Shah,FAC0278,Nurse,22,Evening
STF03864,Amit Bhosale,FAC0156,Technician,4,Evening
STF03865,Sneha Lokhande,FAC0091,Support Staff,15,Morning
STF03866,Pooja Joshi,FAC0066,Nurse,13,Evening
STF03867,Deepak Mishra,FAC0277,Support Staff,4,Morning
STF03868,Reshma Gupta,FAC0284,Nurse,8,Evening
STF03869,Manoj Shinde,FAC0133,Support Staff,22,Evening
STF03870,Varun Kamble,FAC0100,Support Staff,9,Evening
STF03871,Savita Raut,FAC0055,Support Staff,10,Evening
STF03872,Yogesh Gupta,FAC0227,Pharmacist,2,Night
STF03873,Nisha Singh,FAC0215,Receptionist,23,Night
STF03874,Vijay Mishra,FAC0139,Technician,15,Night
STF03875,Kiran Kulkarni,FAC0224,Nurse,21,Evening
STF03876,Varun Gaikwad,FAC0259,Nurse,3,Evening
STF03877,Swati Deshpande,FAC0163,Technician,20,Morning
STF03878,Sanjay Raut,FAC0143,Nurse,6,Night
STF03879,Nitin Sharma,FAC0183,Pharmacist,9,Night
STF03880,Komal Patil,FAC0127,Support Staff,9,Evening
STF03881,Kiran Shah,FAC0021,Pharmacist,10,Evening
STF03882,Pallavi Kadam,FAC0261,Pharmacist,3,Evening
STF03883,Mamta Mishra,FAC0072,Nurse,14,Morning
STF03884,Neha Sawant,FAC0082,Receptionist,24,Evening
STF03885,Ravi Jadhav,FAC0200,Nurse,12,Evening
STF03886,Reshma Sawant,FAC0014,Support Staff,1,Night
STF03887,Suresh Mane,FAC0179,Receptionist,19,Night
STF03888,Reshma Kadam,FAC0093,Nurse,10,Evening
STF03889,Swapnil Patil,FAC0277,Nurse,19,Night
STF03890,Kiran Sharma,FAC0109,Support Staff,18,Evening
STF03891,Yogesh Surve,FAC0016,Receptionist,7,Morning
STF03892,Kiran Pawar,FAC0208,Nurse,8,Evening
STF03893,Madhuri Nair,FAC0223,Technician,11,Night
STF03894,Tushar Waghmare,FAC0228,Receptionist,22,Night
STF03895,Rahul Deshpande,FAC0219,Ambulance Driver,2,Morning
STF03896,Ajay Kamble,FAC0143,Support Staff,4,Morning
STF03897,Akash Jadhav,FAC0143,Nurse,2,Night
STF03898,Rohit Waghmare,FAC0101,Support Staff,10,Evening
STF03899,Sachin Surve,FAC0196,Receptionist,21,Morning
STF03900,Pawan Deshpande,FAC0184,Pharmacist,3,Evening
STF03901,Rajesh Chavan,FAC0167,Support Staff,24,Evening
STF03902,Lata Mishra,FAC0269,Pharmacist,4,Morning
STF03903,Pooja Deshpande,FAC0035,Ambulance Driver,10,Evening
STF03904,Anita Singh,FAC0033,Pharmacist,8,Evening
STF03905,Neha Kumar,FAC0089,Technician,16,Evening
STF03906,Ravi Kulkarni,FAC0043,Receptionist,6,Night
STF03907,Ujwala Chavan,FAC0300,Ambulance Driver,19,Night
STF03908,Swati Kumar,FAC0013,Nurse,19,Morning
STF03909,Pawan Salve,FAC0004,Nurse,5,Evening
STF03910,Swati Surve,FAC0180,Nurse,25,Evening
STF03911,Vishal Waghmare,FAC0137,Nurse,22,Morning
STF03912,Rohit Shah,FAC0162,Pharmacist,10,Evening
STF03913,Mamta Singh,FAC0206,Technician,4,Night
STF03914,Dinesh Tiwari,FAC0206,Pharmacist,21,Evening
STF03915,Vishal Lokhande,FAC0191,Ambulance Driver,13,Evening
STF03916,Amit Nair,FAC0247,Pharmacist,9,Evening
STF03917,Manoj Shah,FAC0176,Nurse,17,Night
STF03918,Nilesh Mane,FAC0095,Nurse,11,Morning
STF03919,Nilesh Joshi,FAC0276,Nurse,20,Night
STF03920,Swati Mane,FAC0250,Technician,17,Morning
STF03921,Santosh Jadhav,FAC0086,Ambulance Driver,5,Morning
STF03922,Pooja Sharma,FAC0213,Pharmacist,2,Night
STF03923,Nisha Lokhande,FAC0119,Technician,22,Night
STF03924,Deepak Lokhande,FAC0246,Nurse,13,Morning
STF03925,Tushar Kamble,FAC0126,Nurse,2,Morning
STF03926,Rohit Kumar,FAC0100,Nurse,2,Morning
STF03927,Ujwala Jadhav,FAC0124,Support Staff,8,Morning
STF03928,Rahul Kadam,FAC0135,Support Staff,17,Night
STF03929,Sachin Deshpande,FAC0166,Nurse,18,Evening
STF03930,Manoj Shah,FAC0149,Pharmacist,23,Evening
STF03931,Santosh Sharma,FAC0142,Nurse,3,Morning
STF03932,Sachin Pawar,FAC0233,Support Staff,12,Night
STF03933,Sanjay Yadav,FAC0293,Nurse,15,Night
STF03934,Pallavi Kadam,FAC0124,Technician,3,Evening
STF03935,Sanjay Tiwari,FAC0127,Support Staff,14,Night
STF03936,Ujwala Singh,FAC0182,Ambulance Driver,19,Night
STF03937,Vaishali Nair,FAC0035,Pharmacist,9,Evening
STF03938,Manisha Shinde,FAC0199,Nurse,22,Morning
STF03939,Archana Kulkarni,FAC0057,Receptionist,19,Night
STF03940,Nilesh Lokhande,FAC0157,Support Staff,20,Night
STF03941,Rekha Lokhande,FAC0275,Technician,13,Evening
STF03942,Swati Pawar,FAC0249,Support Staff,4,Night
STF03943,Omkar Raut,FAC0025,Technician,24,Morning
STF03944,Abhijit Desai,FAC0040,Nurse,16,Night
STF03945,Neha Nair,FAC0066,Nurse,24,Morning
STF03946,Kiran Jadhav,FAC0064,Nurse,5,Evening
STF03947,Savita Kadam,FAC0181,Nurse,9,Night
STF03948,Manisha More,FAC0139,Support Staff,24,Evening
STF03949,Archana Pawar,FAC0173,Nurse,13,Evening
STF03950,Nisha Kulkarni,FAC0181,Receptionist,22,Morning
STF03951,Prakash Gaikwad,FAC0197,Nurse,5,Morning
STF03952,Sunita Yadav,FAC0008,Nurse,9,Morning
STF03953,Vijay Gupta,FAC0270,Nurse,20,Evening
STF03954,Sachin Bhosale,FAC0073,Support Staff,2,Evening
STF03955,Meena Mane,FAC0026,Ambulance Driver,12,Evening
STF03956,Swapnil Gaikwad,FAC0109,Ambulance Driver,24,Night
STF03957,Savita Waghmare,FAC0290,Technician,19,Night
STF03958,Dinesh Tiwari,FAC0003,Nurse,9,Evening
STF03959,Gauri Shinde,FAC0007,Nurse,20,Evening
STF03960,Manisha Gaikwad,FAC0169,Nurse,22,Night
STF03961,Vaishali Gaikwad,FAC0244,Ambulance Driver,16,Night
STF03962,Ganesh Jadhav,FAC0132,Pharmacist,11,Evening
STF03963,Prakash Sawant,FAC0244,Nurse,12,Morning
STF03964,Suresh More,FAC0148,Technician,4,Evening
STF03965,Ajay Shah,FAC0174,Pharmacist,4,Night
STF03966,Meena More,FAC0066,Ambulance Driver,19,Night
STF03967,Amit Surve,FAC0036,Ambulance Driver,5,Evening
STF03968,Ajay Shah,FAC0114,Nurse,9,Night
STF03969,Kiran Raut,FAC0277,Pharmacist,16,Night
STF03970,Sanjay Pawar,FAC0229,Technician,10,Evening
STF03971,Swati Surve,FAC0023,Nurse,5,Morning
STF03972,Rajesh Sharma,FAC0076,Receptionist,4,Evening
STF03973,Aarti Surve,FAC0162,Technician,12,Evening
STF03974,Vijay Lokhande,FAC0044,Support Staff,6,Night
STF03975,Deepa Gupta,FAC0201,Support Staff,2,Night
STF03976,Anil Chavan,FAC0002,Technician,2,Night
STF03977,Anil Bhosale,FAC0111,Nurse,9,Evening
STF03978,Akash Jadhav,FAC0289,Nurse,6,Evening
STF03979,Amit Waghmare,FAC0004,Nurse,23,Night
STF03980,Nisha Gaikwad,FAC0204,Nurse,15,Night
STF03981,Sachin Raut,FAC0025,Nurse,17,Night
STF03982,Amit Sharma,FAC0247,Support Staff,11,Morning
STF03983,Sunita Patil,FAC0191,Nurse,25,Morning
STF03984,Kiran Kulkarni,FAC0217,Technician,2,Morning
STF03985,Yogesh Sawant,FAC0244,Technician,14,Evening
STF03986,Nilesh More,FAC0212,Pharmacist,18,Morning
STF03987,Lata Salve,FAC0015,Receptionist,15,Morning
STF03988,Deepak Chavan,FAC0095,Receptionist,8,Night
STF03989,Deepak Chavan,FAC0212,Pharmacist,25,Night
STF03990,Sanjay Sawant,FAC0211,Nurse,24,Night
STF03991,Abhijit Jadhav,FAC0105,Technician,16,Evening
STF03992,Rupali Gupta,FAC0256,Pharmacist,24,Evening
STF03993,Santosh Sawant,FAC0185,Pharmacist,19,Night
STF03994,Ajay Waghmare,FAC0118,Nurse,21,Night
STF03995,Anil Joshi,FAC0203,Nurse,19,Night
STF03996,Ravi More,FAC0005,Receptionist,3,Night
STF03997,Pallavi Deshpande,FAC0136,Nurse,24,Evening
STF03998,Vaishali Kulkarni,FAC0102,Receptionist,24,Evening
STF03999,Kavita Bhosale,FAC0024,Technician,14,Evening
STF04000,Pooja Sharma,FAC0110,Support Staff,10,Morning
STF04001,Manoj More,FAC0113,Nurse,3,Evening
STF04002,Reshma Pawar,FAC0009,Technician,4,Night
STF04003,Sanjay Sharma,FAC0160,Receptionist,5,Night
STF04004,Kavita Kumar,FAC0190,Nurse,21,Morning
STF04005,Rahul Waghmare,FAC0286,Technician,5,Evening
STF04006,Varun Desai,FAC0169,Receptionist,22,Morning
STF04007,Sneha Waghmare,FAC0151,Technician,7,Evening
STF04008,Lata Bhosale,FAC0259,Nurse,15,Morning
STF04009,Deepak Kumar,FAC0194,Pharmacist,13,Night
STF04010,Rupali Yadav,FAC0003,Nurse,22,Night
STF04011,Yogesh Gupta,FAC0259,Nurse,14,Morning
STF04012,Prakash Shah,FAC0272,Support Staff,1,Evening
STF04013,Rupali Deshpande,FAC0219,Nurse,21,Morning
STF04014,Savita Surve,FAC0075,Pharmacist,19,Morning
STF04015,Sonal Yadav,FAC0082,Nurse,24,Evening
STF04016,Varun Kumar,FAC0277,Ambulance Driver,14,Night
STF04017,Pooja Pawar,FAC0139,Technician,2,Evening
STF04018,Sneha Shinde,FAC0221,Nurse,9,Evening
STF04019,Rohit Desai,FAC0198,Pharmacist,10,Morning
STF04020,Omkar Nair,FAC0087,Support Staff,13,Night
STF04021,Sachin Deshpande,FAC0267,Ambulance Driver,24,Night
STF04022,Ujwala Salve,FAC0129,Support Staff,9,Night
STF04023,Sachin Lokhande,FAC0185,Ambulance Driver,22,Morning
STF04024,Aarti Bhosale,FAC0045,Ambulance Driver,14,Morning
STF04025,Pawan Yadav,FAC0277,Nurse,18,Morning
STF04026,Priya Shinde,FAC0127,Support Staff,18,Night
STF04027,Santosh Shah,FAC0138,Technician,7,Evening
STF04028,Nilesh Sharma,FAC0105,Support Staff,21,Evening
STF04029,Kavita Mishra,FAC0283,Receptionist,20,Morning
STF04030,Neha Shinde,FAC0040,Nurse,1,Evening
STF04031,Vaishali Kulkarni,FAC0016,Ambulance Driver,6,Morning
STF04032,Kavita Surve,FAC0078,Technician,12,Morning
STF04033,Kavita Bhosale,FAC0112,Nurse,13,Night
STF04034,Nilesh Desai,FAC0041,Technician,6,Morning
STF04035,Pooja Desai,FAC0219,Nurse,18,Evening
STF04036,Suresh Gupta,FAC0010,Nurse,12,Morning
STF04037,Pawan Kumar,FAC0205,Technician,11,Night
STF04038,Akash Yadav,FAC0054,Nurse,1,Night
STF04039,Omkar Mishra,FAC0176,Support Staff,13,Morning
STF04040,Meena Pawar,FAC0272,Support Staff,10,Morning
STF04041,Madhuri Jadhav,FAC0059,Support Staff,16,Evening
STF04042,Varun Shinde,FAC0156,Nurse,16,Evening
STF04043,Pawan Nair,FAC0030,Technician,21,Night
STF04044,Ravi Raut,FAC0073,Nurse,16,Night
STF04045,Ajay Gupta,FAC0024,Support Staff,2,Night
STF04046,Vaishali Kumar,FAC0104,Nurse,18,Evening
STF04047,Anita Kadam,FAC0105,Receptionist,6,Morning
STF04048,Anil Kumar,FAC0110,Nurse,20,Morning
STF04049,Pawan Waghmare,FAC0180,Technician,5,Morning
STF04050,Vijay Gaikwad,FAC0022,Nurse,5,Morning
STF04051,Vishal Bhosale,FAC0289,Nurse,15,Evening
STF04052,Ujwala Kadam,FAC0111,Technician,24,Morning
STF04053,Vikram Joshi,FAC0043,Receptionist,4,Evening
STF04054,Rohit Lokhande,FAC0240,Nurse,14,Night
STF04055,Anita Sawant,FAC0092,Support Staff,1,Evening
STF04056,Swati Gaikwad,FAC0087,Technician,9,Evening
STF04057,Vijay Deshpande,FAC0294,Nurse,2,Evening
STF04058,Rahul Mane,FAC0145,Nurse,1,Night
STF04059,Sunita Gupta,FAC0144,Nurse,17,Morning
STF04060,Sachin Salve,FAC0164,Nurse,11,Morning
STF04061,Madhuri Deshpande,FAC0150,Nurse,18,Evening
STF04062,Santosh Waghmare,FAC0259,Nurse,16,Evening
STF04063,Vaishali Singh,FAC0004,Technician,24,Night
STF04064,Meena Gupta,FAC0231,Support Staff,21,Evening
STF04065,Prakash Sawant,FAC0262,Support Staff,11,Morning
STF04066,Vikram Yadav,FAC0227,Nurse,6,Morning
STF04067,Pooja Shah,FAC0071,Support Staff,8,Night
STF04068,Manoj Patil,FAC0281,Nurse,23,Morning
STF04069,Omkar Pawar,FAC0081,Nurse,25,Morning
STF04070,Rahul Jadhav,FAC0197,Nurse,7,Night
STF04071,Lata Desai,FAC0016,Technician,12,Morning
STF04072,Pawan Chavan,FAC0241,Nurse,3,Night
STF04073,Vijay Waghmare,FAC0040,Support Staff,16,Night
STF04074,Tushar Kamble,FAC0277,Receptionist,9,Evening
STF04075,Sanjay Yadav,FAC0285,Technician,17,Evening
STF04076,Vishal Gupta,FAC0029,Nurse,9,Evening
STF04077,Aarti Jadhav,FAC0153,Nurse,21,Night
STF04078,Rupali Desai,FAC0267,Technician,22,Morning
STF04079,Pawan Lokhande,FAC0141,Nurse,25,Evening
STF04080,Santosh Raut,FAC0238,Ambulance Driver,13,Evening
STF04081,Akash Kadam,FAC0067,Technician,11,Evening
STF04082,Tushar Shinde,FAC0291,Nurse,2,Morning
STF04083,Swapnil Waghmare,FAC0039,Pharmacist,11,Evening
STF04084,Rahul Salve,FAC0106,Nurse,5,Night
STF04085,Swapnil More,FAC0232,Support Staff,10,Night
STF04086,Vishal Kulkarni,FAC0166,Technician,5,Morning
STF04087,Anil Joshi,FAC0094,Receptionist,12,Night
STF04088,Nisha Deshpande,FAC0185,Technician,8,Night
STF04089,Vaishali Singh,FAC0098,Support Staff,6,Morning
STF04090,Pawan Raut,FAC0009,Ambulance Driver,22,Morning
STF04091,Sachin Kadam,FAC0125,Nurse,20,Night
STF04092,Abhijit Kadam,FAC0271,Nurse,20,Evening
STF04093,Vikram Gaikwad,FAC0070,Technician,9,Night
STF04094,Pallavi Kulkarni,FAC0202,Technician,11,Night
STF04095,Aarti Waghmare,FAC0284,Receptionist,18,Evening
STF04096,Prakash Kamble,FAC0243,Nurse,5,Morning
STF04097,Vaishali More,FAC0002,Support Staff,10,Evening
STF04098,Ajay Salve,FAC0218,Support Staff,14,Morning
STF04099,Rajesh Kadam,FAC0069,Nurse,23,Morning
STF04100,Shweta Lokhande,FAC0176,Nurse,23,Morning
STF04101,Pooja Raut,FAC0285,Pharmacist,17,Evening
STF04102,Meena Salve,FAC0017,Nurse,15,Evening
STF04103,Dinesh Raut,FAC0061,Pharmacist,23,Night
STF04104,Vijay Shinde,FAC0076,Nurse,10,Morning
STF04105,Akash Sawant,FAC0136,Nurse,19,Evening
STF04106,Rohit Nair,FAC0042,Receptionist,6,Night
STF04107,Ajay Joshi,FAC0154,Nurse,21,Evening
STF04108,Suresh Shinde,FAC0083,Support Staff,3,Night
STF04109,Nitin Kadam,FAC0089,Nurse,16,Evening
STF04110,Ravi Salve,FAC0257,Nurse,20,Evening
STF04111,Dinesh Sharma,FAC0110,Ambulance Driver,11,Night
STF04112,Rupali Tiwari,FAC0192,Technician,16,Night
STF04113,Prakash Tiwari,FAC0032,Pharmacist,1,Evening
STF04114,Ajay Kamble,FAC0039,Nurse,21,Night
STF04115,Yogesh Gaikwad,FAC0091,Technician,19,Night
STF04116,Anil Sawant,FAC0286,Nurse,15,Morning
STF04117,Rekha Salve,FAC0258,Support Staff,1,Morning
STF04118,Kiran Gupta,FAC0245,Support Staff,8,Night
STF04119,Amit Chavan,FAC0106,Support Staff,10,Night
STF04120,Santosh Lokhande,FAC0213,Support Staff,21,Morning
STF04121,Savita Kamble,FAC0014,Pharmacist,24,Evening
STF04122,Smita Shinde,FAC0229,Receptionist,8,Evening
STF04123,Smita Kumar,FAC0266,Ambulance Driver,3,Evening
STF04124,Swapnil Mishra,FAC0218,Pharmacist,1,Morning
STF04125,Suresh Shinde,FAC0298,Pharmacist,12,Morning
STF04126,Archana Desai,FAC0098,Nurse,5,Morning
STF04127,Dinesh Deshpande,FAC0027,Support Staff,25,Morning
STF04128,Savita Kamble,FAC0278,Technician,20,Evening
STF04129,Madhuri More,FAC0069,Support Staff,21,Morning
STF04130,Pawan Sharma,FAC0136,Technician,3,Night
STF04131,Smita Kadam,FAC0019,Nurse,12,Evening
STF04132,Yogesh Salve,FAC0232,Receptionist,21,Night
STF04133,Kavita Salve,FAC0035,Nurse,2,Evening
STF04134,Nilesh Gaikwad,FAC0008,Nurse,13,Night
STF04135,Vijay Kumar,FAC0274,Nurse,23,Evening
STF04136,Dinesh Chavan,FAC0266,Technician,6,Night
STF04137,Prakash Gupta,FAC0140,Ambulance Driver,23,Evening
STF04138,Abhijit Sharma,FAC0251,Receptionist,7,Night
STF04139,Ashwini Deshpande,FAC0015,Nurse,8,Evening
STF04140,Ganesh Waghmare,FAC0274,Technician,22,Morning
STF04141,Rajesh Shah,FAC0052,Nurse,10,Morning
STF04142,Ashwini Patil,FAC0275,Receptionist,24,Morning
STF04143,Ajay Sawant,FAC0292,Support Staff,8,Morning
STF04144,Abhijit Nair,FAC0272,Ambulance Driver,5,Evening
STF04145,Rahul Kamble,FAC0218,Receptionist,13,Night
STF04146,Swati Surve,FAC0158,Pharmacist,12,Night
STF04147,Tushar More,FAC0168,Nurse,16,Morning
STF04148,Ganesh More,FAC0149,Nurse,17,Morning
STF04149,Nisha Patil,FAC0147,Pharmacist,21,Morning
STF04150,Sunita Joshi,FAC0299,Support Staff,12,Evening
STF04151,Ganesh Mane,FAC0120,Support Staff,20,Evening
STF04152,Reshma Waghmare,FAC0126,Nurse,9,Evening
STF04153,Madhuri Mane,FAC0214,Nurse,15,Night
STF04154,Rohit Tiwari,FAC0249,Technician,8,Evening
STF04155,Vijay More,FAC0080,Ambulance Driver,24,Evening
STF04156,Archana Waghmare,FAC0283,Support Staff,24,Evening
STF04157,Gauri Tiwari,FAC0043,Support Staff,2,Night
STF04158,Abhijit Yadav,FAC0246,Ambulance Driver,6,Night
STF04159,Ujwala More,FAC0220,Receptionist,19,Evening
STF04160,Aarti Kamble,FAC0255,Ambulance Driver,13,Evening
STF04161,Sunita Chavan,FAC0028,Support Staff,19,Morning
STF04162,Swati Patil,FAC0138,Receptionist,11,Morning
STF04163,Akash Kumar,FAC0046,Technician,25,Evening
STF04164,Akash Singh,FAC0074,Support Staff,10,Evening
STF04165,Rohit Sawant,FAC0114,Technician,11,Night
STF04166,Pawan Gaikwad,FAC0247,Ambulance Driver,7,Evening
STF04167,Deepak Kulkarni,FAC0214,Nurse,10,Morning
STF04168,Sachin Mane,FAC0139,Ambulance Driver,1,Morning
STF04169,Ujwala Lokhande,FAC0105,Nurse,8,Evening
STF04170,Nilesh Pawar,FAC0256,Nurse,20,Night
STF04171,Varun Raut,FAC0196,Nurse,6,Evening
STF04172,Lata Shinde,FAC0260,Receptionist,23,Morning
STF04173,Sonal Pawar,FAC0197,Nurse,3,Morning
STF04174,Kavita Joshi,FAC0150,Nurse,12,Evening
STF04175,Nitin More,FAC0221,Nurse,21,Morning
STF04176,Nilesh Surve,FAC0045,Receptionist,7,Morning
STF04177,Madhuri Jadhav,FAC0082,Technician,24,Night
STF04178,Vishal Surve,FAC0249,Technician,14,Night
STF04179,Ajay Kamble,FAC0238,Technician,15,Evening
STF04180,Rajesh Mane,FAC0194,Nurse,15,Evening
STF04181,Yogesh Joshi,FAC0107,Nurse,2,Evening
STF04182,Rajesh Mishra,FAC0129,Receptionist,23,Morning
STF04183,Varun Pawar,FAC0072,Nurse,2,Evening
STF04184,Komal Sharma,FAC0121,Nurse,7,Morning
STF04185,Ujwala Jadhav,FAC0097,Nurse,8,Night
STF04186,Vaishali Joshi,FAC0036,Pharmacist,24,Evening
STF04187,Manoj Kadam,FAC0238,Nurse,1,Morning
STF04188,Ganesh Waghmare,FAC0217,Nurse,5,Morning
STF04189,Omkar Bhosale,FAC0064,Ambulance Driver,11,Night
STF04190,Suresh Surve,FAC0224,Support Staff,16,Morning
STF04191,Anil Gupta,FAC0126,Support Staff,18,Night
STF04192,Sunita More,FAC0233,Technician,19,Morning
STF04193,Mamta Deshpande,FAC0291,Nurse,14,Evening
STF04194,Sonal Singh,FAC0018,Nurse,22,Morning
STF04195,Abhijit Shinde,FAC0233,Technician,7,Evening
STF04196,Nisha Mishra,FAC0275,Pharmacist,6,Evening
STF04197,Pallavi Jadhav,FAC0154,Receptionist,3,Night
STF04198,Vishal Kumar,FAC0299,Receptionist,11,Morning
STF04199,Archana Salve,FAC0151,Nurse,13,Evening
STF04200,Anil Jadhav,FAC0004,Nurse,19,Morning
STF04201,Nilesh Nair,FAC0270,Nurse,5,Evening
STF04202,Sachin Shah,FAC0005,Nurse,16,Morning
STF04203,Suresh Raut,FAC0178,Ambulance Driver,20,Morning
STF04204,Nilesh Kulkarni,FAC0117,Pharmacist,2,Evening
STF04205,Pawan Patil,FAC0066,Support Staff,24,Night
STF04206,Nilesh Raut,FAC0040,Ambulance Driver,10,Evening
STF04207,Pawan Kamble,FAC0124,Support Staff,16,Evening
STF04208,Suresh Gaikwad,FAC0055,Nurse,8,Evening
STF04209,Vishal Jadhav,FAC0066,Nurse,16,Night
STF04210,Omkar More,FAC0247,Support Staff,12,Evening
STF04211,Sachin Kumar,FAC0092,Nurse,21,Night
STF04212,Gauri Gupta,FAC0288,Support Staff,25,Evening
STF04213,Sunita Lokhande,FAC0182,Nurse,3,Night
STF04214,Rajesh Singh,FAC0036,Technician,17,Evening
STF04215,Nitin Lokhande,FAC0187,Nurse,11,Evening
STF04216,Yogesh Bhosale,FAC0287,Support Staff,14,Night
STF04217,Anil Lokhande,FAC0123,Technician,14,Evening
STF04218,Pawan Lokhande,FAC0161,Nurse,12,Morning
STF04219,Akash Sawant,FAC0113,Support Staff,3,Morning
STF04220,Dinesh Mane,FAC0068,Support Staff,6,Evening
STF04221,Ganesh Jadhav,FAC0203,Technician,12,Night
STF04222,Swati Kamble,FAC0220,Nurse,5,Night
STF04223,Nilesh Nair,FAC0199,Technician,25,Night
STF04224,Varun Lokhande,FAC0260,Technician,19,Night
STF04225,Pallavi More,FAC0115,Nurse,14,Morning
STF04226,Akash Raut,FAC0105,Receptionist,9,Evening
STF04227,Kavita Lokhande,FAC0289,Nurse,12,Night
STF04228,Nilesh Bhosale,FAC0062,Nurse,1,Morning
STF04229,Nilesh Kadam,FAC0006,Technician,23,Morning
STF04230,Mamta Joshi,FAC0047,Support Staff,25,Night
STF04231,Rajesh Gupta,FAC0009,Nurse,22,Night
STF04232,Tushar Kulkarni,FAC0003,Nurse,13,Evening
STF04233,Archana Deshpande,FAC0097,Nurse,14,Evening
STF04234,Pallavi Kadam,FAC0252,Receptionist,12,Evening
STF04235,Savita Jadhav,FAC0267,Ambulance Driver,6,Evening
STF04236,Swapnil Singh,FAC0019,Ambulance Driver,1,Morning
STF04237,Lata Mishra,FAC0112,Technician,1,Morning
STF04238,Sneha Pawar,FAC0156,Nurse,15,Night
STF04239,Omkar Lokhande,FAC0118,Nurse,24,Evening
STF04240,Ajay Chavan,FAC0078,Nurse,17,Morning
STF04241,Nisha Gupta,FAC0299,Nurse,14,Evening
STF04242,Prakash Pawar,FAC0035,Support Staff,22,Night
STF04243,Abhijit Jadhav,FAC0084,Ambulance Driver,4,Night
STF04244,Kiran Kadam,FAC0016,Technician,20,Morning
STF04245,Vishal Sharma,FAC0201,Pharmacist,8,Night
STF04246,Ajay More,FAC0038,Technician,17,Night
STF04247,Anil Sawant,FAC0298,Support Staff,11,Night
STF04248,Amit Kumar,FAC0252,Nurse,22,Night
STF04249,Mamta Gaikwad,FAC0143,Receptionist,20,Morning
STF04250,Vishal Shinde,FAC0102,Pharmacist,12,Night
STF04251,Shweta Kumar,FAC0176,Nurse,9,Morning
STF04252,Omkar Shinde,FAC0213,Support Staff,11,Evening
STF04253,Pallavi Kadam,FAC0128,Receptionist,2,Morning
STF04254,Rekha Kumar,FAC0234,Technician,2,Morning
STF04255,Varun Jadhav,FAC0150,Nurse,10,Night
STF04256,Nisha Joshi,FAC0259,Pharmacist,24,Morning
STF04257,Anita Salve,FAC0038,Support Staff,23,Evening
STF04258,Rupali Jadhav,FAC0212,Technician,16,Evening
STF04259,Swati Lokhande,FAC0210,Pharmacist,3,Evening
STF04260,Tushar Mishra,FAC0069,Nurse,6,Night
STF04261,Anil Kumar,FAC0168,Nurse,19,Night
STF04262,Lata Nair,FAC0068,Receptionist,1,Night
STF04263,Swapnil Singh,FAC0098,Technician,10,Night
STF04264,Omkar Tiwari,FAC0235,Ambulance Driver,11,Evening
STF04265,Rohit Kamble,FAC0122,Support Staff,3,Night
STF04266,Yogesh Surve,FAC0009,Nurse,11,Night
STF04267,Rajesh Sharma,FAC0047,Ambulance Driver,19,Night
STF04268,Sanjay Kulkarni,FAC0228,Ambulance Driver,24,Night
STF04269,Reshma Pawar,FAC0187,Technician,21,Night
STF04270,Vijay Kulkarni,FAC0297,Support Staff,4,Evening
STF04271,Abhijit Sawant,FAC0055,Nurse,13,Night
STF04272,Komal Desai,FAC0272,Pharmacist,23,Evening
STF04273,Yogesh Kamble,FAC0072,Nurse,22,Morning
STF04274,Komal Shinde,FAC0110,Support Staff,23,Night
STF04275,Santosh Kadam,FAC0296,Nurse,25,Night
STF04276,Rahul Pawar,FAC0227,Pharmacist,8,Morning
STF04277,Ajay Raut,FAC0129,Nurse,25,Night
STF04278,Kiran Shinde,FAC0001,Pharmacist,16,Evening
STF04279,Aarti Kamble,FAC0178,Receptionist,1,Evening
STF04280,Santosh Deshpande,FAC0100,Technician,10,Night
STF04281,Sanjay Sharma,FAC0201,Nurse,9,Evening
STF04282,Deepa Sawant,FAC0003,Nurse,9,Night
STF04283,Vishal Gaikwad,FAC0273,Support Staff,18,Evening
STF04284,Rohit Shinde,FAC0258,Ambulance Driver,17,Evening
STF04285,Manoj Shah,FAC0109,Support Staff,11,Morning
STF04286,Meena Deshpande,FAC0066,Pharmacist,14,Evening
STF04287,Ashwini Joshi,FAC0017,Support Staff,22,Night
STF04288,Suresh Chavan,FAC0151,Nurse,3,Evening
STF04289,Rahul Jadhav,FAC0007,Receptionist,15,Morning
STF04290,Nisha Joshi,FAC0231,Receptionist,2,Morning
STF04291,Deepak Singh,FAC0119,Nurse,15,Night
STF04292,Omkar Shah,FAC0294,Nurse,13,Morning
STF04293,Suresh Shah,FAC0054,Technician,9,Morning
STF04294,Kavita Joshi,FAC0194,Nurse,19,Evening
STF04295,Lata Kulkarni,FAC0007,Nurse,7,Evening
STF04296,Vaishali Jadhav,FAC0090,Receptionist,21,Evening
STF04297,Abhijit Mane,FAC0022,Nurse,19,Morning
STF04298,Lata More,FAC0008,Nurse,24,Night
STF04299,Swati Sharma,FAC0161,Nurse,6,Night
STF04300,Aarti Gaikwad,FAC0019,Ambulance Driver,19,Night
STF04301,Archana Waghmare,FAC0230,Nurse,18,Night
STF04302,Omkar Singh,FAC0199,Support Staff,2,Morning
STF04303,Reshma Chavan,FAC0037,Technician,11,Morning
STF04304,Omkar Deshpande,FAC0289,Nurse,7,Night
STF04305,Aarti Kumar,FAC0147,Nurse,15,Evening
STF04306,Archana Gaikwad,FAC0262,Nurse,4,Morning
STF04307,Smita Kamble,FAC0105,Receptionist,19,Night
STF04308,Ajay Joshi,FAC0198,Ambulance Driver,6,Evening
STF04309,Madhuri Bhosale,FAC0063,Support Staff,16,Evening
STF04310,Sonal Chavan,FAC0061,Nurse,11,Morning
STF04311,Amit Sawant,FAC0261,Nurse,16,Evening
STF04312,Vijay Shah,FAC0232,Support Staff,13,Evening
STF04313,Smita Kulkarni,FAC0287,Support Staff,22,Night
STF04314,Vikram Sawant,FAC0080,Support Staff,2,Night
STF04315,Abhijit Surve,FAC0258,Nurse,12,Night
STF04316,Priya Kadam,FAC0108,Nurse,1,Evening
STF04317,Swapnil Yadav,FAC0057,Technician,16,Night
STF04318,Madhuri More,FAC0242,Nurse,20,Night
STF04319,Sanjay Surve,FAC0239,Nurse,25,Morning
STF04320,Pawan Mane,FAC0245,Nurse,14,Evening
STF04321,Vikram Mane,FAC0162,Receptionist,10,Morning
STF04322,Aarti Tiwari,FAC0154,Pharmacist,24,Evening
STF04323,Archana Yadav,FAC0072,Technician,11,Night
STF04324,Pallavi Shinde,FAC0058,Technician,2,Night
STF04325,Yogesh Gaikwad,FAC0222,Support Staff,11,Evening
STF04326,Swati Lokhande,FAC0039,Technician,12,Evening
STF04327,Rajesh Desai,FAC0019,Ambulance Driver,16,Night
STF04328,Rohit Pawar,FAC0005,Ambulance Driver,18,Night
STF04329,Meena Lokhande,FAC0299,Ambulance Driver,3,Morning
STF04330,Sachin Lokhande,FAC0249,Ambulance Driver,6,Evening
STF04331,Vishal Raut,FAC0154,Nurse,21,Night
STF04332,Abhijit Nair,FAC0124,Pharmacist,23,Morning
STF04333,Meena Mishra,FAC0185,Nurse,10,Morning
STF04334,Swapnil Raut,FAC0040,Technician,11,Evening
STF04335,Sanjay Nair,FAC0069,Ambulance Driver,17,Evening
STF04336,Meena Gupta,FAC0104,Nurse,21,Morning
STF04337,Nisha Singh,FAC0057,Technician,13,Night
STF04338,Ganesh Shah,FAC0262,Ambulance Driver,23,Night
STF04339,Vishal Tiwari,FAC0247,Support Staff,9,Evening
STF04340,Neha Gupta,FAC0241,Support Staff,7,Morning
STF04341,Reshma Waghmare,FAC0241,Nurse,9,Night
STF04342,Madhuri Shinde,FAC0293,Pharmacist,4,Morning
STF04343,Kavita Mishra,FAC0293,Nurse,24,Evening
STF04344,Nisha Mishra,FAC0115,Support Staff,23,Morning
STF04345,Rajesh Gaikwad,FAC0201,Support Staff,25,Morning
STF04346,Pallavi Salve,FAC0049,Nurse,24,Night
STF04347,Ravi Sawant,FAC0277,Pharmacist,3,Night
STF04348,Reshma Patil,FAC0044,Support Staff,8,Evening
STF04349,Rahul Pawar,FAC0206,Support Staff,12,Morning
STF04350,Ashwini Gupta,FAC0244,Technician,14,Morning
STF04351,Akash Chavan,FAC0158,Support Staff,1,Evening
STF04352,Archana Chavan,FAC0227,Support Staff,12,Morning
STF04353,Neha Kulkarni,FAC0072,Technician,14,Morning
STF04354,Santosh Surve,FAC0089,Nurse,14,Night
STF04355,Swati Kadam,FAC0108,Nurse,10,Evening
STF04356,Sanjay Patil,FAC0276,Receptionist,17,Morning
STF04357,Pooja Joshi,FAC0279,Nurse,12,Evening
STF04358,Swati Surve,FAC0149,Ambulance Driver,21,Evening
STF04359,Sonal Patil,FAC0204,Pharmacist,3,Morning
STF04360,Pooja Singh,FAC0053,Nurse,2,Evening
STF04361,Ajay Pawar,FAC0264,Support Staff,5,Morning
STF04362,Tushar Raut,FAC0264,Nurse,2,Evening
STF04363,Tushar Gaikwad,FAC0047,Nurse,3,Evening
STF04364,Amit Gaikwad,FAC0114,Support Staff,23,Night
STF04365,Santosh Gaikwad,FAC0051,Nurse,23,Evening
STF04366,Anil Mane,FAC0074,Pharmacist,25,Night
STF04367,Kiran Sawant,FAC0002,Nurse,10,Night
STF04368,Yogesh Shah,FAC0078,Receptionist,13,Morning
STF04369,Deepak Joshi,FAC0001,Nurse,4,Night
STF04370,Amit Singh,FAC0213,Nurse,13,Night
STF04371,Santosh Shah,FAC0004,Nurse,13,Evening
STF04372,Nitin Sawant,FAC0135,Receptionist,15,Night
STF04373,Sneha Raut,FAC0055,Technician,21,Night
STF04374,Archana Kadam,FAC0038,Support Staff,9,Morning
STF04375,Swapnil Surve,FAC0164,Technician,10,Evening
STF04376,Pallavi Desai,FAC0039,Support Staff,5,Evening
STF04377,Reshma Joshi,FAC0079,Support Staff,9,Morning
STF04378,Swati Jadhav,FAC0131,Nurse,9,Morning
STF04379,Varun Joshi,FAC0238,Receptionist,1,Morning
STF04380,Kiran Surve,FAC0014,Nurse,8,Evening
STF04381,Anil Nair,FAC0228,Support Staff,14,Morning
STF04382,Nilesh Mishra,FAC0102,Nurse,8,Morning
STF04383,Anil Singh,FAC0163,Nurse,19,Evening
STF04384,Abhijit Mishra,FAC0085,Nurse,18,Evening
STF04385,Aarti Raut,FAC0093,Nurse,1,Night
STF04386,Nisha Shah,FAC0093,Nurse,21,Morning
STF04387,Rahul Shinde,FAC0201,Nurse,15,Night
STF04388,Sunita Kamble,FAC0086,Pharmacist,14,Evening
STF04389,Manoj Salve,FAC0117,Ambulance Driver,16,Night
STF04390,Sunita Gaikwad,FAC0152,Nurse,20,Morning
STF04391,Meena Sharma,FAC0087,Pharmacist,24,Evening
STF04392,Sachin Bhosale,FAC0288,Support Staff,8,Morning
STF04393,Kiran Kadam,FAC0119,Nurse,22,Evening
STF04394,Anil Kulkarni,FAC0300,Nurse,20,Night
STF04395,Neha Gaikwad,FAC0269,Ambulance Driver,24,Morning
STF04396,Deepak Nair,FAC0131,Technician,21,Morning
STF04397,Prakash Tiwari,FAC0024,Receptionist,5,Night
STF04398,Sachin Kamble,FAC0140,Nurse,2,Night
STF04399,Omkar Sawant,FAC0300,Receptionist,11,Morning
STF04400,Ravi Shinde,FAC0239,Technician,7,Evening
STF04401,Anil Deshpande,FAC0130,Receptionist,16,Evening
STF04402,Kavita Deshpande,FAC0055,Receptionist,19,Night
STF04403,Sanjay Kumar,FAC0006,Technician,9,Morning
STF04404,Anil Surve,FAC0259,Pharmacist,17,Night
STF04405,Gauri Bhosale,FAC0250,Pharmacist,22,Morning
STF04406,Vikram Kulkarni,FAC0194,Technician,13,Morning
STF04407,Shweta Raut,FAC0030,Pharmacist,24,Evening
STF04408,Suresh Nair,FAC0004,Nurse,5,Night
STF04409,Kiran Kulkarni,FAC0108,Nurse,17,Night
STF04410,Akash Yadav,FAC0274,Support Staff,5,Night
STF04411,Abhijit Mane,FAC0298,Nurse,7,Morning
STF04412,Abhijit Kumar,FAC0203,Pharmacist,5,Night
STF04413,Pawan Surve,FAC0192,Technician,15,Morning
STF04414,Sanjay Gupta,FAC0287,Pharmacist,10,Morning
STF04415,Vijay Waghmare,FAC0241,Pharmacist,13,Night
STF04416,Ajay Sawant,FAC0284,Nurse,21,Morning
STF04417,Mamta Raut,FAC0081,Technician,9,Night
STF04418,Neha Sharma,FAC0113,Nurse,20,Morning
STF04419,Pawan Raut,FAC0070,Nurse,12,Night
STF04420,Sanjay More,FAC0276,Nurse,21,Evening
STF04421,Manisha Kamble,FAC0122,Support Staff,15,Evening
STF04422,Deepak Waghmare,FAC0251,Nurse,9,Night
STF04423,Swapnil Yadav,FAC0104,Nurse,16,Night
STF04424,Varun Desai,FAC0142,Support Staff,2,Night
STF04425,Smita Bhosale,FAC0274,Support Staff,15,Morning
STF04426,Nilesh Waghmare,FAC0173,Support Staff,13,Night
STF04427,Neha Mishra,FAC0017,Receptionist,4,Night
STF04428,Rohit Raut,FAC0106,Nurse,16,Evening
STF04429,Priya Bhosale,FAC0266,Nurse,2,Night
STF04430,Varun Yadav,FAC0161,Ambulance Driver,16,Evening
STF04431,Dinesh More,FAC0243,Support Staff,2,Night
STF04432,Nitin Waghmare,FAC0260,Support Staff,17,Evening
STF04433,Suresh Kadam,FAC0296,Receptionist,14,Night
STF04434,Ajay Bhosale,FAC0119,Technician,6,Evening
STF04435,Vikram Nair,FAC0276,Nurse,9,Evening
STF04436,Prakash Tiwari,FAC0075,Pharmacist,4,Evening
STF04437,Manoj Chavan,FAC0035,Receptionist,18,Night
STF04438,Smita Yadav,FAC0252,Support Staff,6,Night
STF04439,Rupali Gupta,FAC0085,Technician,21,Evening
STF04440,Nisha Bhosale,FAC0014,Nurse,13,Night
STF04441,Yogesh Mane,FAC0287,Ambulance Driver,12,Evening
STF04442,Savita Salve,FAC0032,Technician,8,Night
STF04443,Nisha Sawant,FAC0105,Technician,14,Morning
STF04444,Omkar Shinde,FAC0012,Technician,16,Evening
STF04445,Pawan Surve,FAC0131,Ambulance Driver,9,Night
STF04446,Amit Singh,FAC0002,Nurse,10,Morning
STF04447,Amit Kulkarni,FAC0190,Nurse,15,Evening
STF04448,Archana Bhosale,FAC0027,Ambulance Driver,4,Night
STF04449,Akash Lokhande,FAC0249,Pharmacist,20,Morning
STF04450,Aarti Raut,FAC0288,Ambulance Driver,6,Night
STF04451,Dinesh Pawar,FAC0079,Ambulance Driver,10,Evening
STF04452,Omkar Singh,FAC0249,Nurse,19,Night
STF04453,Madhuri Sharma,FAC0059,Nurse,12,Night
STF04454,Omkar Raut,FAC0209,Receptionist,14,Night
STF04455,Yogesh Chavan,FAC0188,Support Staff,15,Night
STF04456,Nilesh Surve,FAC0125,Support Staff,23,Night
STF04457,Akash Singh,FAC0166,Support Staff,23,Morning
STF04458,Manisha Tiwari,FAC0029,Pharmacist,23,Evening
STF04459,Pawan Kadam,FAC0166,Technician,18,Morning
STF04460,Dinesh Gaikwad,FAC0244,Ambulance Driver,4,Evening
STF04461,Tushar Desai,FAC0180,Nurse,6,Evening
STF04462,Nitin Kadam,FAC0051,Nurse,7,Evening
STF04463,Vikram Shinde,FAC0246,Technician,5,Morning
STF04464,Swati Lokhande,FAC0240,Support Staff,19,Morning
STF04465,Shweta Tiwari,FAC0005,Ambulance Driver,11,Evening
STF04466,Akash Singh,FAC0235,Nurse,23,Morning
STF04467,Nisha Nair,FAC0151,Support Staff,23,Morning
STF04468,Ganesh Kulkarni,FAC0209,Technician,24,Evening
STF04469,Deepa Mane,FAC0018,Support Staff,15,Morning
STF04470,Ajay Shah,FAC0203,Nurse,3,Night
STF04471,Yogesh Deshpande,FAC0216,Nurse,10,Evening
STF04472,Savita Waghmare,FAC0145,Nurse,2,Evening
STF04473,Neha Lokhande,FAC0023,Nurse,21,Night
STF04474,Manisha Tiwari,FAC0056,Nurse,23,Evening
STF04475,Ajay Salve,FAC0202,Nurse,6,Morning
STF04476,Swapnil Kulkarni,FAC0116,Ambulance Driver,16,Morning
STF04477,Archana Kadam,FAC0029,Ambulance Driver,22,Night
STF04478,Rahul Sawant,FAC0147,Pharmacist,11,Night
STF04479,Vaishali Yadav,FAC0143,Ambulance Driver,6,Morning
STF04480,Ajay Sawant,FAC0290,Receptionist,14,Evening
STF04481,Swati Nair,FAC0223,Ambulance Driver,17,Morning
STF04482,Amit Sawant,FAC0123,Pharmacist,3,Night
STF04483,Abhijit Tiwari,FAC0115,Nurse,4,Evening
STF04484,Deepak Mane,FAC0287,Support Staff,25,Evening
STF04485,Prakash Shinde,FAC0210,Support Staff,5,Morning
STF04486,Rajesh Deshpande,FAC0179,Pharmacist,24,Night
STF04487,Rohit Kadam,FAC0192,Pharmacist,6,Morning
STF04488,Rekha Mishra,FAC0149,Technician,9,Morning
STF04489,Komal Shah,FAC0299,Nurse,22,Night
STF04490,Varun Kulkarni,FAC0288,Receptionist,11,Evening
STF04491,Ganesh Yadav,FAC0013,Nurse,14,Morning
STF04492,Kavita Deshpande,FAC0033,Nurse,12,Evening
STF04493,Shweta Shah,FAC0186,Support Staff,15,Morning
STF04494,Ashwini Pawar,FAC0129,Technician,17,Night
STF04495,Anil Mishra,FAC0233,Support Staff,6,Morning
STF04496,Rahul Gupta,FAC0272,Support Staff,11,Night
STF04497,Ravi Shinde,FAC0217,Receptionist,16,Night
STF04498,Meena Gupta,FAC0046,Support Staff,14,Evening
STF04499,Ajay Kulkarni,FAC0221,Nurse,5,Evening
STF04500,Sunita Singh,FAC0134,Nurse,22,Evening
STF04501,Nisha Kumar,FAC0055,Nurse,1,Evening
STF04502,Varun Nair,FAC0227,Nurse,24,Morning
STF04503,Ujwala Gupta,FAC0285,Nurse,25,Night
STF04504,Nitin Mishra,FAC0155,Nurse,25,Night
STF04505,Nilesh Mishra,FAC0264,Support Staff,13,Morning
STF04506,Shweta Patil,FAC0008,Nurse,24,Night
STF04507,Swapnil Yadav,FAC0007,Technician,19,Evening
STF04508,Neha Pawar,FAC0138,Nurse,4,Morning
STF04509,Rohit Chavan,FAC0175,Ambulance Driver,1,Morning
STF04510,Pawan Gaikwad,FAC0174,Receptionist,2,Evening
STF04511,Akash Desai,FAC0222,Support Staff,17,Night
STF04512,Anita Lokhande,FAC0121,Support Staff,25,Morning
STF04513,Kiran Jadhav,FAC0012,Technician,14,Morning
STF04514,Mamta Lokhande,FAC0221,Support Staff,10,Evening
STF04515,Nitin Singh,FAC0077,Nurse,4,Night
STF04516,Amit Waghmare,FAC0204,Technician,7,Morning
STF04517,Yogesh Kumar,FAC0135,Receptionist,18,Night
STF04518,Swapnil Shah,FAC0200,Technician,6,Morning
STF04519,Mamta Salve,FAC0041,Nurse,8,Night
STF04520,Pawan Raut,FAC0182,Pharmacist,22,Evening
STF04521,Swapnil Kamble,FAC0182,Ambulance Driver,13,Evening
STF04522,Rupali Sharma,FAC0012,Receptionist,7,Evening
STF04523,Akash Gupta,FAC0121,Support Staff,10,Night
STF04524,Rajesh Desai,FAC0204,Nurse,4,Evening
STF04525,Neha Tiwari,FAC0289,Pharmacist,24,Evening
STF04526,Rekha Salve,FAC0012,Ambulance Driver,8,Evening
STF04527,Madhuri More,FAC0131,Support Staff,13,Morning
STF04528,Omkar Chavan,FAC0292,Nurse,7,Evening
STF04529,Suresh Joshi,FAC0279,Technician,11,Evening
STF04530,Ajay Bhosale,FAC0103,Receptionist,17,Night
STF04531,Omkar Surve,FAC0139,Technician,12,Night
STF04532,Sachin Mane,FAC0243,Support Staff,22,Night
STF04533,Pooja Patil,FAC0064,Technician,17,Night
STF04534,Sanjay More,FAC0196,Receptionist,12,Night
STF04535,Vikram Lokhande,FAC0213,Receptionist,20,Morning
STF04536,Kavita Tiwari,FAC0276,Nurse,14,Morning
STF04537,Komal Pawar,FAC0131,Technician,8,Morning
STF04538,Vaishali Deshpande,FAC0177,Ambulance Driver,23,Evening
STF04539,Ujwala Tiwari,FAC0017,Support Staff,25,Morning
STF04540,Gauri Jadhav,FAC0046,Support Staff,1,Evening
STF04541,Swapnil Surve,FAC0152,Pharmacist,19,Evening
STF04542,Anil Waghmare,FAC0293,Nurse,13,Evening
STF04543,Anita Raut,FAC0110,Ambulance Driver,22,Evening
STF04544,Vishal Pawar,FAC0038,Receptionist,20,Morning
STF04545,Archana Chavan,FAC0064,Support Staff,24,Night
STF04546,Santosh Yadav,FAC0026,Support Staff,19,Evening
STF04547,Kiran Yadav,FAC0241,Support Staff,9,Evening
STF04548,Aarti Kamble,FAC0050,Ambulance Driver,23,Morning
STF04549,Anil Gaikwad,FAC0118,Nurse,18,Night
STF04550,Tushar Jadhav,FAC0202,Support Staff,6,Morning
STF04551,Reshma Mane,FAC0244,Pharmacist,23,Night
STF04552,Rekha Sawant,FAC0145,Nurse,24,Morning
STF04553,Meena Kulkarni,FAC0067,Technician,20,Morning
STF04554,Abhijit More,FAC0245,Support Staff,16,Evening
STF04555,Prakash Desai,FAC0229,Technician,12,Night
STF04556,Ujwala Mane,FAC0267,Support Staff,22,Night
STF04557,Archana Desai,FAC0270,Nurse,10,Evening
STF04558,Rupali Chavan,FAC0272,Ambulance Driver,7,Morning
STF04559,Omkar Joshi,FAC0251,Ambulance Driver,18,Night
STF04560,Prakash Raut,FAC0147,Nurse,1,Evening
STF04561,Nisha Tiwari,FAC0189,Ambulance Driver,8,Night
STF04562,Ujwala Kadam,FAC0244,Nurse,25,Morning
STF04563,Rupali More,FAC0126,Ambulance Driver,24,Night
STF04564,Madhuri Sawant,FAC0028,Nurse,5,Morning
STF04565,Deepak Lokhande,FAC0243,Pharmacist,14,Night
STF04566,Abhijit Shah,FAC0035,Receptionist,17,Night
STF04567,Madhuri Jadhav,FAC0213,Ambulance Driver,7,Night
STF04568,Ashwini Tiwari,FAC0149,Support Staff,11,Night
STF04569,Komal Sawant,FAC0059,Nurse,3,Night
STF04570,Amit Jadhav,FAC0171,Nurse,21,Night
STF04571,Rupali Lokhande,FAC0254,Nurse,7,Evening
STF04572,Sneha Raut,FAC0259,Pharmacist,7,Night
STF04573,Vikram Shah,FAC0253,Nurse,19,Night
STF04574,Rahul Desai,FAC0079,Ambulance Driver,18,Morning
STF04575,Anita Singh,FAC0012,Ambulance Driver,4,Morning
STF04576,Amit Kadam,FAC0214,Nurse,14,Night
STF04577,Rupali Sawant,FAC0251,Nurse,11,Evening
STF04578,Pawan Kadam,FAC0022,Nurse,19,Night
STF04579,Sachin Patil,FAC0008,Nurse,23,Night
STF04580,Pawan Deshpande,FAC0181,Ambulance Driver,21,Night
STF04581,Shweta Gupta,FAC0090,Nurse,22,Evening
STF04582,Rajesh Kumar,FAC0202,Support Staff,24,Evening
STF04583,Pallavi Shinde,FAC0102,Receptionist,17,Morning
STF04584,Prakash Jadhav,FAC0080,Nurse,15,Night
STF04585,Ashwini Gaikwad,FAC0106,Receptionist,9,Morning
STF04586,Nilesh Deshpande,FAC0230,Technician,22,Night
STF04587,Tushar Chavan,FAC0067,Nurse,24,Evening
STF04588,Sanjay Gupta,FAC0166,Technician,16,Morning
STF04589,Vijay Salve,FAC0225,Nurse,23,Night
STF04590,Yogesh Gupta,FAC0039,Technician,16,Night
STF04591,Aarti Shah,FAC0212,Support Staff,1,Morning
STF04592,Ujwala Kumar,FAC0202,Nurse,9,Evening
STF04593,Manoj Tiwari,FAC0140,Receptionist,16,Evening
STF04594,Abhijit Gaikwad,FAC0088,Technician,25,Evening
STF04595,Amit Pawar,FAC0126,Pharmacist,17,Night
STF04596,Pallavi Kumar,FAC0199,Nurse,7,Night
STF04597,Deepa Singh,FAC0273,Support Staff,11,Evening
STF04598,Rohit Mishra,FAC0006,Technician,11,Evening
STF04599,Sachin Kumar,FAC0256,Ambulance Driver,22,Morning
STF04600,Meena Singh,FAC0237,Receptionist,10,Evening
STF04601,Ganesh Jadhav,FAC0094,Ambulance Driver,3,Night
STF04602,Ganesh Gupta,FAC0105,Receptionist,21,Night
STF04603,Shweta Surve,FAC0203,Nurse,19,Morning
STF04604,Ajay Shah,FAC0153,Nurse,23,Evening
STF04605,Yogesh Kadam,FAC0173,Technician,3,Evening
STF04606,Sneha Kulkarni,FAC0202,Support Staff,2,Morning
STF04607,Vijay Kadam,FAC0184,Ambulance Driver,2,Night
STF04608,Tushar Kumar,FAC0237,Nurse,17,Night
STF04609,Sanjay Singh,FAC0056,Support Staff,17,Morning
STF04610,Vishal Deshpande,FAC0101,Ambulance Driver,25,Night
STF04611,Madhuri Yadav,FAC0082,Receptionist,12,Evening
STF04612,Deepa Nair,FAC0163,Ambulance Driver,20,Night
STF04613,Rajesh Bhosale,FAC0032,Pharmacist,16,Evening
STF04614,Kavita More,FAC0019,Technician,23,Evening
STF04615,Lata Kumar,FAC0050,Support Staff,13,Evening
STF04616,Aarti Kulkarni,FAC0005,Nurse,16,Morning
STF04617,Rekha Kadam,FAC0054,Nurse,25,Morning
STF04618,Priya More,FAC0135,Technician,16,Evening
STF04619,Deepak Jadhav,FAC0280,Nurse,25,Night
STF04620,Varun Jadhav,FAC0070,Technician,3,Night
STF04621,Deepa Shah,FAC0192,Nurse,23,Morning
STF04622,Santosh Gupta,FAC0044,Ambulance Driver,25,Evening
STF04623,Ajay Kumar,FAC0081,Nurse,20,Morning
STF04624,Rohit Deshpande,FAC0280,Pharmacist,5,Evening
STF04625,Tushar Gupta,FAC0100,Support Staff,14,Morning
STF04626,Madhuri Gaikwad,FAC0091,Ambulance Driver,18,Night
STF04627,Nisha Sharma,FAC0279,Pharmacist,5,Evening
STF04628,Tushar Raut,FAC0100,Nurse,24,Evening
STF04629,Archana Joshi,FAC0249,Receptionist,10,Morning
STF04630,Anil Gupta,FAC0137,Support Staff,16,Evening
STF04631,Ajay Shinde,FAC0078,Nurse,15,Night
STF04632,Vishal Gupta,FAC0282,Support Staff,4,Evening
STF04633,Prakash Kadam,FAC0277,Technician,2,Evening
STF04634,Nitin Sawant,FAC0014,Support Staff,12,Night
STF04635,Priya Shinde,FAC0164,Nurse,1,Night
STF04636,Omkar Lokhande,FAC0285,Technician,21,Night
STF04637,Santosh Jadhav,FAC0130,Technician,9,Evening
STF04638,Sneha Pawar,FAC0281,Nurse,18,Evening
STF04639,Ajay Surve,FAC0199,Ambulance Driver,10,Evening
STF04640,Deepa Shah,FAC0227,Nurse,15,Evening
STF04641,Yogesh Kamble,FAC0246,Support Staff,7,Night
STF04642,Nisha Shinde,FAC0221,Nurse,23,Morning
STF04643,Neha Deshpande,FAC0001,Support Staff,12,Morning
STF04644,Deepak Sawant,FAC0256,Nurse,21,Morning
STF04645,Deepak Patil,FAC0060,Nurse,6,Night
STF04646,Manoj Mishra,FAC0130,Support Staff,1,Evening
STF04647,Ravi Sharma,FAC0289,Nurse,16,Evening
STF04648,Ajay Lokhande,FAC0250,Nurse,19,Evening
STF04649,Suresh Sharma,FAC0163,Nurse,18,Night
STF04650,Deepa Gaikwad,FAC0153,Nurse,25,Evening
STF04651,Sachin Joshi,FAC0226,Pharmacist,7,Night
STF04652,Varun Gupta,FAC0260,Technician,10,Night
STF04653,Ajay Shinde,FAC0232,Support Staff,12,Morning
STF04654,Smita Surve,FAC0136,Technician,9,Night
STF04655,Prakash More,FAC0125,Nurse,14,Night
STF04656,Anil Gaikwad,FAC0245,Technician,16,Evening
STF04657,Sachin Salve,FAC0073,Receptionist,3,Morning
STF04658,Savita Kamble,FAC0197,Technician,12,Morning
STF04659,Gauri Sawant,FAC0289,Nurse,18,Night
STF04660,Manoj Singh,FAC0276,Technician,22,Morning
STF04661,Ashwini Shah,FAC0015,Support Staff,2,Morning
STF04662,Ajay Kadam,FAC0059,Nurse,12,Evening
STF04663,Vishal Shah,FAC0017,Technician,10,Evening
STF04664,Deepak Lokhande,FAC0156,Technician,9,Morning
STF04665,Rekha Pawar,FAC0241,Support Staff,24,Morning
STF04666,Sonal Pawar,FAC0209,Nurse,2,Evening
STF04667,Nilesh Sawant,FAC0189,Support Staff,7,Night
STF04668,Savita More,FAC0293,Receptionist,1,Evening
STF04669,Sneha Surve,FAC0062,Nurse,23,Night
STF04670,Prakash Yadav,FAC0251,Technician,18,Night
STF04671,Tushar Deshpande,FAC0075,Technician,18,Night
STF04672,Rupali Surve,FAC0127,Technician,14,Morning
STF04673,Ajay Kamble,FAC0264,Technician,19,Night
STF04674,Nilesh Gupta,FAC0014,Support Staff,14,Night
STF04675,Priya Tiwari,FAC0167,Support Staff,17,Evening
STF04676,Nitin Desai,FAC0143,Receptionist,10,Evening
STF04677,Varun Raut,FAC0205,Ambulance Driver,20,Morning
STF04678,Ajay Kumar,FAC0227,Receptionist,1,Night
STF04679,Rekha Waghmare,FAC0208,Receptionist,5,Evening
STF04680,Priya Sawant,FAC0198,Nurse,10,Morning
STF04681,Gauri Shinde,FAC0180,Nurse,3,Evening
STF04682,Rohit Chavan,FAC0105,Technician,11,Night
STF04683,Vijay Kumar,FAC0162,Nurse,21,Night
STF04684,Sunita Joshi,FAC0236,Ambulance Driver,18,Night
STF04685,Ashwini Mishra,FAC0169,Nurse,16,Night
STF04686,Deepa Kadam,FAC0187,Receptionist,1,Morning
STF04687,Sachin Pawar,FAC0073,Receptionist,16,Evening
STF04688,Manisha Patil,FAC0233,Support Staff,2,Night
STF04689,Varun Lokhande,FAC0024,Nurse,7,Evening
STF04690,Suresh Sawant,FAC0066,Nurse,25,Night
STF04691,Omkar Surve,FAC0231,Technician,18,Morning
STF04692,Swati Shah,FAC0171,Technician,17,Morning
STF04693,Rupali More,FAC0148,Ambulance Driver,4,Night
STF04694,Ajay Patil,FAC0053,Nurse,16,Evening
STF04695,Rajesh Joshi,FAC0019,Receptionist,19,Night
STF04696,Madhuri Joshi,FAC0134,Nurse,18,Night
STF04697,Archana Waghmare,FAC0265,Support Staff,14,Morning
STF04698,Aarti Lokhande,FAC0218,Nurse,13,Evening
STF04699,Dinesh Mane,FAC0247,Support Staff,16,Evening
STF04700,Anita Tiwari,FAC0168,Pharmacist,8,Evening
STF04701,Yogesh Gupta,FAC0227,Nurse,24,Evening
STF04702,Pooja Sawant,FAC0151,Pharmacist,1,Morning
STF04703,Kavita Patil,FAC0258,Receptionist,24,Night
STF04704,Rekha Pawar,FAC0271,Support Staff,11,Evening
STF04705,Kiran Kulkarni,FAC0185,Technician,10,Evening
STF04706,Rahul Tiwari,FAC0148,Technician,5,Morning
STF04707,Dinesh Mishra,FAC0240,Nurse,2,Night
STF04708,Rahul Joshi,FAC0208,Technician,4,Evening
STF04709,Prakash Yadav,FAC0059,Pharmacist,22,Morning
STF04710,Kiran Bhosale,FAC0046,Receptionist,14,Morning
STF04711,Amit Desai,FAC0183,Ambulance Driver,15,Morning
STF04712,Rohit Shah,FAC0018,Nurse,10,Night
STF04713,Shweta Raut,FAC0012,Nurse,16,Evening
STF04714,Smita Tiwari,FAC0197,Receptionist,2,Evening
STF04715,Rajesh Singh,FAC0224,Receptionist,11,Night
STF04716,Sneha Pawar,FAC0116,Support Staff,22,Night
STF04717,Shweta More,FAC0250,Nurse,10,Morning
STF04718,Suresh Deshpande,FAC0262,Pharmacist,25,Night
STF04719,Vijay Tiwari,FAC0121,Technician,8,Evening
STF04720,Anil Yadav,FAC0095,Support Staff,22,Evening
STF04721,Manisha Gaikwad,FAC0209,Receptionist,23,Evening
STF04722,Pallavi Pawar,FAC0018,Nurse,2,Evening
STF04723,Meena Kumar,FAC0281,Support Staff,23,Morning
STF04724,Vaishali More,FAC0214,Support Staff,18,Evening
STF04725,Suresh Singh,FAC0295,Nurse,1,Evening
STF04726,Sanjay Jadhav,FAC0258,Nurse,19,Evening
STF04727,Yogesh Kadam,FAC0257,Support Staff,19,Morning
STF04728,Yogesh Patil,FAC0053,Support Staff,18,Morning
STF04729,Smita Shinde,FAC0151,Support Staff,18,Evening
STF04730,Sneha Salve,FAC0028,Technician,12,Morning
STF04731,Rajesh Waghmare,FAC0198,Nurse,14,Morning
STF04732,Anita Kulkarni,FAC0113,Nurse,12,Evening
STF04733,Ravi Mishra,FAC0232,Pharmacist,17,Evening
STF04734,Savita Singh,FAC0182,Ambulance Driver,19,Evening
STF04735,Sunita Nair,FAC0144,Support Staff,16,Evening
STF04736,Tushar Waghmare,FAC0259,Receptionist,21,Night
STF04737,Abhijit Sawant,FAC0113,Technician,8,Morning
STF04738,Ravi Kadam,FAC0019,Nurse,14,Evening
STF04739,Vijay Raut,FAC0130,Nurse,25,Evening
STF04740,Rajesh More,FAC0135,Nurse,9,Morning
STF04741,Kiran Kulkarni,FAC0257,Nurse,12,Night
STF04742,Pallavi Salve,FAC0147,Support Staff,14,Night
STF04743,Dinesh Singh,FAC0059,Receptionist,19,Morning
STF04744,Omkar Lokhande,FAC0260,Technician,9,Evening
STF04745,Swati Gaikwad,FAC0281,Nurse,7,Morning
STF04746,Ujwala More,FAC0085,Pharmacist,11,Evening
STF04747,Nitin Gupta,FAC0249,Receptionist,1,Evening
STF04748,Tushar More,FAC0139,Nurse,9,Morning
STF04749,Deepak Kulkarni,FAC0181,Receptionist,7,Morning
STF04750,Sanjay Kulkarni,FAC0045,Pharmacist,13,Night
STF04751,Anil Shinde,FAC0107,Ambulance Driver,3,Night
STF04752,Rajesh Salve,FAC0295,Nurse,1,Night
STF04753,Shweta Deshpande,FAC0186,Support Staff,21,Morning
STF04754,Kiran Desai,FAC0278,Nurse,13,Night
STF04755,Manisha Patil,FAC0270,Support Staff,21,Morning
STF04756,Sanjay Pawar,FAC0078,Nurse,3,Evening
STF04757,Varun Pawar,FAC0095,Nurse,22,Night
STF04758,Santosh Deshpande,FAC0128,Technician,4,Morning
STF04759,Rekha Waghmare,FAC0080,Technician,8,Evening
STF04760,Santosh Raut,FAC0225,Support Staff,14,Evening
STF04761,Rupali Yadav,FAC0261,Nurse,17,Morning
STF04762,Pawan Waghmare,FAC0229,Ambulance Driver,18,Night
STF04763,Anil Sharma,FAC0295,Technician,5,Evening
STF04764,Gauri Mane,FAC0104,Nurse,3,Evening
STF04765,Sachin Salve,FAC0207,Nurse,24,Evening
STF04766,Sneha Yadav,FAC0170,Support Staff,1,Morning
STF04767,Abhijit More,FAC0257,Support Staff,21,Morning
STF04768,Pawan Mishra,FAC0064,Nurse,13,Night
STF04769,Priya Sawant,FAC0231,Support Staff,16,Night
STF04770,Komal Gaikwad,FAC0284,Nurse,7,Night
STF04771,Ujwala Singh,FAC0164,Nurse,21,Night
STF04772,Anil Nair,FAC0204,Technician,4,Evening
STF04773,Amit Kamble,FAC0070,Nurse,14,Night
STF04774,Omkar Kumar,FAC0257,Support Staff,8,Night
STF04775,Anita Mane,FAC0100,Receptionist,12,Morning
STF04776,Nilesh Nair,FAC0124,Ambulance Driver,22,Night
STF04777,Swapnil Sawant,FAC0134,Pharmacist,8,Morning
STF04778,Priya Joshi,FAC0194,Support Staff,1,Evening
STF04779,Amit Bhosale,FAC0195,Support Staff,8,Evening
STF04780,Ravi Tiwari,FAC0211,Nurse,5,Night
STF04781,Smita Kulkarni,FAC0283,Nurse,16,Night
STF04782,Savita Nair,FAC0054,Support Staff,11,Night
STF04783,Ashwini Desai,FAC0051,Support Staff,14,Morning
STF04784,Amit Jadhav,FAC0272,Nurse,2,Evening
STF04785,Dinesh Yadav,FAC0298,Support Staff,20,Evening
STF04786,Amit Shah,FAC0269,Pharmacist,23,Morning
STF04787,Nisha Kadam,FAC0095,Technician,12,Evening
STF04788,Santosh Nair,FAC0274,Support Staff,2,Morning
STF04789,Deepak Desai,FAC0084,Ambulance Driver,18,Morning
STF04790,Sachin Gupta,FAC0101,Support Staff,16,Morning
STF04791,Rahul Pawar,FAC0102,Nurse,9,Night
STF04792,Ashwini Kamble,FAC0014,Nurse,5,Morning
STF04793,Kiran More,FAC0247,Nurse,2,Morning
STF04794,Vikram Sharma,FAC0168,Technician,17,Night
STF04795,Sonal More,FAC0088,Ambulance Driver,17,Morning
STF04796,Manoj Sharma,FAC0170,Nurse,4,Morning
STF04797,Aarti More,FAC0233,Nurse,19,Night
STF04798,Nitin Kamble,FAC0152,Nurse,4,Night
STF04799,Lata Gaikwad,FAC0251,Technician,10,Evening
STF04800,Varun Salve,FAC0160,Technician,13,Evening
STF04801,Omkar Chavan,FAC0244,Technician,2,Night
STF04802,Sneha Lokhande,FAC0220,Nurse,9,Morning
STF04803,Pallavi Yadav,FAC0245,Support Staff,8,Evening
STF04804,Ajay Nair,FAC0173,Receptionist,9,Night
STF04805,Vikram Desai,FAC0256,Pharmacist,1,Night
STF04806,Swati Tiwari,FAC0097,Technician,24,Morning
STF04807,Rupali Kumar,FAC0117,Nurse,3,Evening
STF04808,Anita Tiwari,FAC0108,Nurse,7,Morning
STF04809,Rahul Shinde,FAC0216,Receptionist,19,Evening
STF04810,Yogesh Sharma,FAC0016,Nurse,13,Morning
STF04811,Priya Kamble,FAC0168,Support Staff,7,Morning
STF04812,Nitin Shah,FAC0197,Nurse,6,Morning
STF04813,Reshma Kadam,FAC0142,Nurse,13,Morning
STF04814,Ganesh Shinde,FAC0119,Support Staff,8,Morning
STF04815,Suresh Patil,FAC0080,Nurse,18,Morning
STF04816,Varun Tiwari,FAC0230,Technician,23,Morning
STF04817,Ashwini Mishra,FAC0129,Nurse,15,Morning
STF04818,Rahul Nair,FAC0294,Receptionist,21,Evening
STF04819,Omkar Chavan,FAC0006,Technician,23,Morning
STF04820,Rajesh More,FAC0120,Pharmacist,15,Night
STF04821,Nilesh Tiwari,FAC0189,Support Staff,12,Morning
STF04822,Ajay Yadav,FAC0136,Nurse,6,Morning
STF04823,Nilesh Shinde,FAC0270,Nurse,6,Evening
STF04824,Ravi Bhosale,FAC0217,Pharmacist,11,Morning
STF04825,Swati Waghmare,FAC0188,Nurse,7,Evening
STF04826,Rajesh Deshpande,FAC0297,Nurse,10,Morning
STF04827,Pawan Deshpande,FAC0078,Technician,7,Morning
STF04828,Sneha Shinde,FAC0179,Support Staff,16,Morning
STF04829,Tushar Kumar,FAC0269,Technician,17,Night
STF04830,Suresh Deshpande,FAC0284,Pharmacist,24,Morning
STF04831,Anil More,FAC0048,Nurse,4,Morning
STF04832,Rajesh Raut,FAC0257,Nurse,10,Evening
STF04833,Dinesh Gupta,FAC0112,Support Staff,15,Morning
STF04834,Meena Jadhav,FAC0241,Pharmacist,24,Night
STF04835,Smita Sawant,FAC0210,Support Staff,1,Evening
STF04836,Rajesh Deshpande,FAC0028,Support Staff,11,Night
STF04837,Tushar Jadhav,FAC0063,Nurse,1,Night
STF04838,Ganesh Shinde,FAC0237,Pharmacist,3,Morning
STF04839,Aarti Kulkarni,FAC0059,Receptionist,2,Morning
STF04840,Sachin Yadav,FAC0047,Nurse,8,Night
STF04841,Nilesh Shah,FAC0126,Technician,1,Evening
STF04842,Rahul Jadhav,FAC0133,Pharmacist,14,Morning
STF04843,Shweta Kulkarni,FAC0163,Nurse,25,Evening
STF04844,Omkar Kulkarni,FAC0225,Ambulance Driver,23,Night
STF04845,Anil Mishra,FAC0144,Nurse,14,Morning
STF04846,Meena Raut,FAC0036,Nurse,22,Morning
STF04847,Manoj Salve,FAC0203,Nurse,10,Evening
STF04848,Archana Raut,FAC0032,Nurse,8,Night
STF04849,Dinesh Joshi,FAC0041,Nurse,3,Evening
STF04850,Tushar Mane,FAC0266,Pharmacist,8,Night
STF04851,Anil Surve,FAC0077,Receptionist,11,Morning
STF04852,Deepak Lokhande,FAC0034,Pharmacist,5,Evening
STF04853,Santosh Mishra,FAC0120,Nurse,25,Morning
STF04854,Amit Mishra,FAC0005,Technician,11,Evening
STF04855,Pawan Raut,FAC0053,Receptionist,10,Morning
STF04856,Vaishali Gupta,FAC0054,Technician,21,Morning
STF04857,Suresh Mishra,FAC0124,Receptionist,24,Night
STF04858,Nilesh Nair,FAC0024,Support Staff,18,Night
STF04859,Vishal Kadam,FAC0165,Technician,22,Evening
STF04860,Rahul Salve,FAC0270,Nurse,25,Morning
STF04861,Deepak Deshpande,FAC0143,Receptionist,11,Night
STF04862,Pawan Gaikwad,FAC0122,Support Staff,8,Evening
STF04863,Santosh Mishra,FAC0241,Support Staff,21,Morning
STF04864,Reshma Mane,FAC0219,Technician,4,Night
STF04865,Aarti Tiwari,FAC0124,Support Staff,12,Morning
STF04866,Rahul Tiwari,FAC0025,Ambulance Driver,11,Evening
STF04867,Anita Joshi,FAC0043,Nurse,1,Night
STF04868,Vikram Salve,FAC0294,Receptionist,18,Night
STF04869,Rahul Sawant,FAC0087,Ambulance Driver,12,Night
STF04870,Manoj Joshi,FAC0248,Nurse,12,Night
STF04871,Ganesh Joshi,FAC0079,Technician,15,Evening
STF04872,Vijay Lokhande,FAC0089,Pharmacist,7,Evening
STF04873,Tushar Kumar,FAC0138,Nurse,12,Morning
STF04874,Yogesh Raut,FAC0263,Nurse,16,Night
STF04875,Nisha Tiwari,FAC0028,Nurse,18,Evening
STF04876,Mamta Shinde,FAC0077,Nurse,4,Night
STF04877,Manoj Mishra,FAC0072,Support Staff,11,Night
STF04878,Sneha Deshpande,FAC0095,Nurse,3,Evening
STF04879,Swapnil Mane,FAC0110,Nurse,1,Night
STF04880,Suresh Salve,FAC0236,Nurse,6,Night
STF04881,Pawan Deshpande,FAC0255,Nurse,6,Night
STF04882,Manisha Deshpande,FAC0252,Nurse,11,Morning
STF04883,Manoj Patil,FAC0159,Nurse,4,Night
STF04884,Sonal Raut,FAC0225,Nurse,2,Night
STF04885,Vijay Sharma,FAC0261,Nurse,12,Evening
STF04886,Ashwini Shah,FAC0026,Nurse,11,Night
STF04887,Savita Surve,FAC0116,Receptionist,11,Night
STF04888,Pawan Kamble,FAC0187,Support Staff,19,Evening
STF04889,Lata Gupta,FAC0115,Technician,20,Evening
STF04890,Swati Kulkarni,FAC0300,Technician,15,Evening
STF04891,Aarti Tiwari,FAC0051,Technician,21,Evening
STF04892,Prakash Shinde,FAC0044,Nurse,5,Morning
STF04893,Kiran Pawar,FAC0038,Receptionist,21,Morning
STF04894,Rajesh Mishra,FAC0169,Nurse,16,Morning
STF04895,Anil Joshi,FAC0208,Nurse,9,Night
STF04896,Manoj Chavan,FAC0088,Ambulance Driver,4,Morning
STF04897,Gauri Tiwari,FAC0018,Nurse,6,Night
STF04898,Reshma Mishra,FAC0243,Technician,11,Morning
STF04899,Gauri Patil,FAC0054,Nurse,19,Morning
STF04900,Neha Deshpande,FAC0226,Support Staff,18,Night
STF04901,Mamta Singh,FAC0058,Nurse,8,Evening
STF04902,Priya Sharma,FAC0028,Nurse,13,Night
STF04903,Smita Gaikwad,FAC0191,Nurse,3,Morning
STF04904,Pawan Sharma,FAC0155,Support Staff,18,Evening
STF04905,Priya Pawar,FAC0127,Technician,25,Night
STF04906,Tushar Gaikwad,FAC0225,Receptionist,21,Night
STF04907,Sunita Gupta,FAC0107,Nurse,8,Evening
STF04908,Omkar Mane,FAC0087,Technician,13,Evening
STF04909,Rahul Sawant,FAC0250,Nurse,15,Morning
STF04910,Rekha Kamble,FAC0260,Support Staff,11,Night
STF04911,Anita Mishra,FAC0052,Support Staff,18,Night
STF04912,Vaishali Singh,FAC0092,Nurse,18,Night
STF04913,Deepa Surve,FAC0030,Technician,11,Morning
STF04914,Ashwini Joshi,FAC0284,Nurse,16,Morning
STF04915,Rajesh Lokhande,FAC0238,Ambulance Driver,8,Morning
STF04916,Amit Waghmare,FAC0111,Nurse,8,Night
STF04917,Kiran Raut,FAC0253,Pharmacist,14,Morning
STF04918,Akash Tiwari,FAC0047,Nurse,8,Morning
STF04919,Akash Sawant,FAC0048,Ambulance Driver,23,Morning
STF04920,Sanjay Singh,FAC0126,Ambulance Driver,1,Evening
STF04921,Nilesh Deshpande,FAC0030,Support Staff,9,Morning
STF04922,Gauri Shah,FAC0005,Nurse,15,Morning
STF04923,Rekha Raut,FAC0276,Nurse,4,Night
STF04924,Manoj Desai,FAC0190,Support Staff,10,Night
STF04925,Omkar Salve,FAC0201,Nurse,4,Morning
STF04926,Santosh Nair,FAC0066,Support Staff,10,Evening
STF04927,Yogesh Tiwari,FAC0076,Support Staff,8,Evening
STF04928,Akash Gupta,FAC0169,Nurse,14,Morning
STF04929,Savita Surve,FAC0113,Nurse,23,Evening
STF04930,Omkar Waghmare,FAC0067,Receptionist,4,Morning
STF04931,Pallavi Deshpande,FAC0018,Support Staff,24,Night
STF04932,Ashwini Kumar,FAC0012,Support Staff,20,Morning
STF04933,Varun Mishra,FAC0051,Nurse,18,Night
STF04934,Prakash Lokhande,FAC0135,Technician,24,Evening
STF04935,Omkar Singh,FAC0276,Support Staff,15,Morning
STF04936,Anil Desai,FAC0018,Nurse,6,Evening
STF04937,Nilesh Tiwari,FAC0167,Support Staff,12,Evening
STF04938,Vishal Kadam,FAC0025,Nurse,6,Morning
STF04939,Dinesh Patil,FAC0125,Ambulance Driver,20,Morning
STF04940,Swapnil Desai,FAC0041,Nurse,9,Evening
STF04941,Kiran Deshpande,FAC0027,Ambulance Driver,18,Evening
STF04942,Rajesh Bhosale,FAC0140,Technician,9,Evening
STF04943,Ujwala Bhosale,FAC0007,Nurse,2,Morning
STF04944,Swapnil Mane,FAC0212,Nurse,23,Evening
STF04945,Deepak Singh,FAC0271,Receptionist,13,Morning
STF04946,Archana Patil,FAC0088,Support Staff,12,Evening
STF04947,Manoj Kamble,FAC0298,Support Staff,18,Night
STF04948,Santosh Desai,FAC0162,Pharmacist,5,Evening
STF04949,Nilesh Sharma,FAC0021,Support Staff,17,Night
STF04950,Ravi Gupta,FAC0260,Ambulance Driver,3,Morning
STF04951,Nitin Gupta,FAC0181,Ambulance Driver,13,Morning
STF04952,Akash Sawant,FAC0061,Nurse,22,Evening
STF04953,Priya Waghmare,FAC0056,Nurse,8,Evening
STF04954,Santosh Gupta,FAC0037,Ambulance Driver,9,Night
STF04955,Omkar Mishra,FAC0199,Technician,16,Morning
STF04956,Pawan Gaikwad,FAC0118,Receptionist,23,Morning
STF04957,Ravi Mane,FAC0242,Technician,13,Morning
STF04958,Anil Surve,FAC0212,Support Staff,4,Night
STF04959,Rajesh Mishra,FAC0215,Nurse,19,Evening
STF04960,Aarti Bhosale,FAC0093,Receptionist,25,Evening
STF04961,Sachin Raut,FAC0117,Support Staff,18,Morning
STF04962,Manoj Salve,FAC0228,Support Staff,8,Night
STF04963,Vikram Singh,FAC0081,Ambulance Driver,23,Night
STF04964,Sachin Surve,FAC0137,Support Staff,3,Evening
STF04965,Aarti Bhosale,FAC0003,Support Staff,1,Night
STF04966,Yogesh Kadam,FAC0279,Nurse,25,Evening
STF04967,Deepa Bhosale,FAC0080,Support Staff,19,Night
STF04968,Priya Yadav,FAC0254,Ambulance Driver,17,Night
STF04969,Kiran Gupta,FAC0204,Ambulance Driver,16,Night
STF04970,Dinesh Pawar,FAC0293,Pharmacist,9,Evening
STF04971,Swapnil Kulkarni,FAC0128,Technician,11,Evening
STF04972,Suresh Lokhande,FAC0276,Nurse,4,Evening
STF04973,Swati Lokhande,FAC0229,Support Staff,19,Evening
STF04974,Pawan Sharma,FAC0205,Pharmacist,23,Morning
STF04975,Ravi Kadam,FAC0098,Technician,20,Evening
STF04976,Vikram Lokhande,FAC0108,Nurse,19,Morning
STF04977,Archana Mishra,FAC0272,Technician,1,Evening
STF04978,Rajesh Kamble,FAC0014,Nurse,4,Night
STF04979,Amit Gupta,FAC0213,Ambulance Driver,7,Evening
STF04980,Dinesh Chavan,FAC0245,Support Staff,15,Evening
STF04981,Dinesh Desai,FAC0231,Nurse,12,Evening
STF04982,Kavita Mane,FAC0010,Support Staff,24,Night
STF04983,Kiran Chavan,FAC0145,Support Staff,9,Morning
STF04984,Savita Sawant,FAC0165,Receptionist,18,Evening
STF04985,Meena Surve,FAC0111,Pharmacist,21,Evening
STF04986,Prakash Singh,FAC0138,Support Staff,18,Evening
STF04987,Omkar Mishra,FAC0243,Ambulance Driver,21,Evening
STF04988,Rahul Kumar,FAC0140,Nurse,11,Morning
STF04989,Abhijit Patil,FAC0175,Nurse,19,Morning
STF04990,Sachin Yadav,FAC0241,Nurse,24,Morning
STF04991,Nisha Raut,FAC0168,Technician,19,Night
STF04992,Meena Chavan,FAC0285,Technician,23,Night
STF04993,Priya Gaikwad,FAC0219,Ambulance Driver,21,Evening
STF04994,Tushar Yadav,FAC0277,Support Staff,20,Morning
STF04995,Komal More,FAC0157,Ambulance Driver,14,Evening
STF04996,Pallavi Desai,FAC0101,Support Staff,10,Night
STF04997,Santosh Mane,FAC0204,Support Staff,20,Morning
STF04998,Nisha Salve,FAC0240,Technician,25,Night
STF04999,Rupali Jadhav,FAC0216,Nurse,4,Evening
STF05000,Ashwini Patil,FAC0220,Nurse,7,Night
